Fitter report for PulseController
Sun Feb  8 00:36:46 2026
Quartus Prime Version 22.1std.1 Build 917 02/14/2023 SC Lite Edition


---------------------
; Table of Contents ;
---------------------
  1. Legal Notice
  2. Fitter Summary
  3. Fitter Settings
  4. Parallel Compilation
  5. Ignored Assignments
  6. Incremental Compilation Preservation Summary
  7. Incremental Compilation Partition Settings
  8. Incremental Compilation Placement Preservation
  9. Pin-Out File
 10. Fitter Resource Usage Summary
 11. Fitter Partition Statistics
 12. Input Pins
 13. Output Pins
 14. Dual Purpose and Dedicated Pins
 15. I/O Bank Usage
 16. All Package Pins
 17. PLL Summary
 18. PLL Usage
 19. I/O Assignment Warnings
 20. Fitter Resource Utilization by Entity
 21. Delay Chain Summary
 22. Pad To Core Delay Chain Fanout
 23. Control Signals
 24. Global & Other Fast Signals
 25. Non-Global High Fan-Out Signals
 26. Fitter RAM Summary
 27. Routing Usage Summary
 28. LAB Logic Elements
 29. LAB-wide Signals
 30. LAB Signals Sourced
 31. LAB Signals Sourced Out
 32. LAB Distinct Inputs
 33. I/O Rules Summary
 34. I/O Rules Details
 35. I/O Rules Matrix
 36. Fitter Device Options
 37. Operating Settings and Conditions
 38. Estimated Delay Added for Hold Timing Summary
 39. Estimated Delay Added for Hold Timing Details
 40. Fitter Messages
 41. Fitter Suppressed Messages



----------------
; Legal Notice ;
----------------
Copyright (C) 2023  Intel Corporation. All rights reserved.
Your use of Intel Corporation's design tools, logic functions 
and other software and tools, and any partner logic 
functions, and any output files from any of the foregoing 
(including device programming or simulation files), and any 
associated documentation or information are expressly subject 
to the terms and conditions of the Intel Program License 
Subscription Agreement, the Intel Quartus Prime License Agreement,
the Intel FPGA IP License Agreement, or other applicable license
agreement, including, without limitation, that your use is for
the sole purpose of programming logic devices manufactured by
Intel and sold by Intel or its authorized distributors.  Please
refer to the applicable agreement for further details, at
https://fpgasoftware.intel.com/eula.



+-------------------------------------------------------------------------------------+
; Fitter Summary                                                                      ;
+------------------------------------+------------------------------------------------+
; Fitter Status                      ; Successful - Sun Feb  8 00:36:46 2026          ;
; Quartus Prime Version              ; 22.1std.1 Build 917 02/14/2023 SC Lite Edition ;
; Revision Name                      ; PulseController                                ;
; Top-level Entity Name              ; pulseController                                ;
; Family                             ; MAX 10                                         ;
; Device                             ; 10M50DAF484C6GES                               ;
; Timing Models                      ; Preliminary                                    ;
; Total logic elements               ; 3,173 / 49,760 ( 6 % )                         ;
;     Total combinational functions  ; 2,459 / 49,760 ( 5 % )                         ;
;     Dedicated logic registers      ; 2,222 / 49,760 ( 4 % )                         ;
; Total registers                    ; 2222                                           ;
; Total pins                         ; 21 / 360 ( 6 % )                               ;
; Total virtual pins                 ; 0                                              ;
; Total memory bits                  ; 128 / 1,677,312 ( < 1 % )                      ;
; Embedded Multiplier 9-bit elements ; 0 / 288 ( 0 % )                                ;
; Total PLLs                         ; 2 / 4 ( 50 % )                                 ;
; UFM blocks                         ; 0 / 1 ( 0 % )                                  ;
; ADC blocks                         ; 0 / 2 ( 0 % )                                  ;
+------------------------------------+------------------------------------------------+


+----------------------------------------------------------------------------------------------------------------------------------------------------+
; Fitter Settings                                                                                                                                    ;
+--------------------------------------------------------------------+---------------------------------------+---------------------------------------+
; Option                                                             ; Setting                               ; Default Value                         ;
+--------------------------------------------------------------------+---------------------------------------+---------------------------------------+
; Device                                                             ; 10M50DAF484C6GES                      ;                                       ;
; Minimum Core Junction Temperature                                  ; 0                                     ;                                       ;
; Maximum Core Junction Temperature                                  ; 85                                    ;                                       ;
; Fit Attempts to Skip                                               ; 0                                     ; 0.0                                   ;
; Use smart compilation                                              ; Off                                   ; Off                                   ;
; Enable parallel Assembler and Timing Analyzer during compilation   ; On                                    ; On                                    ;
; Enable compact report table                                        ; Off                                   ; Off                                   ;
; Auto Merge PLLs                                                    ; On                                    ; On                                    ;
; Router Timing Optimization Level                                   ; Normal                                ; Normal                                ;
; Perform Clocking Topology Analysis During Routing                  ; Off                                   ; Off                                   ;
; Placement Effort Multiplier                                        ; 1.0                                   ; 1.0                                   ;
; Router Effort Multiplier                                           ; 1.0                                   ; 1.0                                   ;
; Optimize Hold Timing                                               ; All Paths                             ; All Paths                             ;
; Optimize Multi-Corner Timing                                       ; On                                    ; On                                    ;
; Power Optimization During Fitting                                  ; Normal compilation                    ; Normal compilation                    ;
; SSN Optimization                                                   ; Off                                   ; Off                                   ;
; Optimize Timing                                                    ; Normal compilation                    ; Normal compilation                    ;
; Optimize Timing for ECOs                                           ; Off                                   ; Off                                   ;
; Regenerate Full Fit Report During ECO Compiles                     ; Off                                   ; Off                                   ;
; Optimize IOC Register Placement for Timing                         ; Normal                                ; Normal                                ;
; Final Placement Optimizations                                      ; Automatically                         ; Automatically                         ;
; Fitter Initial Placement Seed                                      ; 1                                     ; 1                                     ;
; Periphery to Core Placement and Routing Optimization               ; Off                                   ; Off                                   ;
; PCI I/O                                                            ; Off                                   ; Off                                   ;
; Weak Pull-Up Resistor                                              ; Off                                   ; Off                                   ;
; Enable Bus-Hold Circuitry                                          ; Off                                   ; Off                                   ;
; Auto Packed Registers                                              ; Auto                                  ; Auto                                  ;
; Auto Delay Chains                                                  ; On                                    ; On                                    ;
; Auto Delay Chains for High Fanout Input Pins                       ; Off                                   ; Off                                   ;
; Allow Single-ended Buffer for Differential-XSTL Input              ; Off                                   ; Off                                   ;
; Treat Bidirectional Pin as Output Pin                              ; Off                                   ; Off                                   ;
; Perform Physical Synthesis for Combinational Logic for Fitting     ; Off                                   ; Off                                   ;
; Perform Physical Synthesis for Combinational Logic for Performance ; Off                                   ; Off                                   ;
; Perform Register Duplication for Performance                       ; Off                                   ; Off                                   ;
; Perform Logic to Memory Mapping for Fitting                        ; Off                                   ; Off                                   ;
; Perform Register Retiming for Performance                          ; Off                                   ; Off                                   ;
; Perform Asynchronous Signal Pipelining                             ; Off                                   ; Off                                   ;
; Fitter Effort                                                      ; Auto Fit                              ; Auto Fit                              ;
; Physical Synthesis Effort Level                                    ; Normal                                ; Normal                                ;
; Logic Cell Insertion - Logic Duplication                           ; Auto                                  ; Auto                                  ;
; Auto Register Duplication                                          ; Auto                                  ; Auto                                  ;
; Auto Global Clock                                                  ; On                                    ; On                                    ;
; Auto Global Register Control Signals                               ; On                                    ; On                                    ;
; Reserve all unused pins                                            ; As input tri-stated with weak pull-up ; As input tri-stated with weak pull-up ;
; Synchronizer Identification                                        ; Auto                                  ; Auto                                  ;
; Enable Beneficial Skew Optimization                                ; On                                    ; On                                    ;
; Optimize Design for Metastability                                  ; On                                    ; On                                    ;
; Force Fitter to Avoid Periphery Placement Warnings                 ; Off                                   ; Off                                   ;
; Enable input tri-state on active configuration pins in user mode   ; Off                                   ; Off                                   ;
+--------------------------------------------------------------------+---------------------------------------+---------------------------------------+


+------------------------------------------+
; Parallel Compilation                     ;
+----------------------------+-------------+
; Processors                 ; Number      ;
+----------------------------+-------------+
; Number detected on machine ; 12          ;
; Maximum allowed            ; 12          ;
;                            ;             ;
; Average used               ; 1.75        ;
; Maximum used               ; 12          ;
;                            ;             ;
; Usage by Processor         ; % Time Used ;
;     Processor 1            ; 100.0%      ;
;     Processor 2            ;   8.1%      ;
;     Processor 3            ;   7.7%      ;
;     Processor 4            ;   7.4%      ;
;     Processor 5            ;   7.2%      ;
;     Processor 6            ;   7.0%      ;
;     Processor 7            ;   6.8%      ;
;     Processor 8            ;   6.6%      ;
;     Processors 9-12        ;   6.1%      ;
+----------------------------+-------------+


+-----------------------------------------------------------------------------------------------------------+
; Ignored Assignments                                                                                       ;
+---------------+-----------------+--------------+-----------------+-----------------------+----------------+
; Name          ; Ignored Entity  ; Ignored From ; Ignored To      ; Ignored Value         ; Ignored Source ;
+---------------+-----------------+--------------+-----------------+-----------------------+----------------+
; Global Signal ; pulseController ;              ; chosen_50       ; GLOBAL_CLOCK          ; QSF Assignment ;
; I/O Standard  ; pulseController ;              ; ADC_CLK_10      ; 3.3-V LVTTL           ; QSF Assignment ;
; I/O Standard  ; pulseController ;              ; ARDUINO_IO[0]   ; 3.3-V LVTTL           ; QSF Assignment ;
; I/O Standard  ; pulseController ;              ; ARDUINO_IO[10]  ; 3.3-V LVTTL           ; QSF Assignment ;
; I/O Standard  ; pulseController ;              ; ARDUINO_IO[11]  ; 3.3-V LVTTL           ; QSF Assignment ;
; I/O Standard  ; pulseController ;              ; ARDUINO_IO[12]  ; 3.3-V LVTTL           ; QSF Assignment ;
; I/O Standard  ; pulseController ;              ; ARDUINO_IO[13]  ; 3.3-V LVTTL           ; QSF Assignment ;
; I/O Standard  ; pulseController ;              ; ARDUINO_IO[14]  ; 3.3-V LVTTL           ; QSF Assignment ;
; I/O Standard  ; pulseController ;              ; ARDUINO_IO[15]  ; 3.3-V LVTTL           ; QSF Assignment ;
; I/O Standard  ; pulseController ;              ; ARDUINO_IO[1]   ; 3.3-V LVTTL           ; QSF Assignment ;
; I/O Standard  ; pulseController ;              ; ARDUINO_IO[2]   ; 3.3-V LVTTL           ; QSF Assignment ;
; I/O Standard  ; pulseController ;              ; ARDUINO_IO[3]   ; 3.3-V LVTTL           ; QSF Assignment ;
; I/O Standard  ; pulseController ;              ; ARDUINO_IO[4]   ; 3.3-V LVTTL           ; QSF Assignment ;
; I/O Standard  ; pulseController ;              ; ARDUINO_IO[5]   ; 3.3-V LVTTL           ; QSF Assignment ;
; I/O Standard  ; pulseController ;              ; ARDUINO_IO[6]   ; 3.3-V LVTTL           ; QSF Assignment ;
; I/O Standard  ; pulseController ;              ; ARDUINO_IO[7]   ; 3.3-V LVTTL           ; QSF Assignment ;
; I/O Standard  ; pulseController ;              ; ARDUINO_IO[8]   ; 3.3-V LVTTL           ; QSF Assignment ;
; I/O Standard  ; pulseController ;              ; ARDUINO_IO[9]   ; 3.3-V LVTTL           ; QSF Assignment ;
; I/O Standard  ; pulseController ;              ; ARDUINO_RESET_N ; 3.3-V LVTTL           ; QSF Assignment ;
; I/O Standard  ; pulseController ;              ; DRAM_ADDR[0]    ; 3.3-V LVTTL           ; QSF Assignment ;
; I/O Standard  ; pulseController ;              ; DRAM_ADDR[10]   ; 3.3-V LVTTL           ; QSF Assignment ;
; I/O Standard  ; pulseController ;              ; DRAM_ADDR[11]   ; 3.3-V LVTTL           ; QSF Assignment ;
; I/O Standard  ; pulseController ;              ; DRAM_ADDR[12]   ; 3.3-V LVTTL           ; QSF Assignment ;
; I/O Standard  ; pulseController ;              ; DRAM_ADDR[1]    ; 3.3-V LVTTL           ; QSF Assignment ;
; I/O Standard  ; pulseController ;              ; DRAM_ADDR[2]    ; 3.3-V LVTTL           ; QSF Assignment ;
; I/O Standard  ; pulseController ;              ; DRAM_ADDR[3]    ; 3.3-V LVTTL           ; QSF Assignment ;
; I/O Standard  ; pulseController ;              ; DRAM_ADDR[4]    ; 3.3-V LVTTL           ; QSF Assignment ;
; I/O Standard  ; pulseController ;              ; DRAM_ADDR[5]    ; 3.3-V LVTTL           ; QSF Assignment ;
; I/O Standard  ; pulseController ;              ; DRAM_ADDR[6]    ; 3.3-V LVTTL           ; QSF Assignment ;
; I/O Standard  ; pulseController ;              ; DRAM_ADDR[7]    ; 3.3-V LVTTL           ; QSF Assignment ;
; I/O Standard  ; pulseController ;              ; DRAM_ADDR[8]    ; 3.3-V LVTTL           ; QSF Assignment ;
; I/O Standard  ; pulseController ;              ; DRAM_ADDR[9]    ; 3.3-V LVTTL           ; QSF Assignment ;
; I/O Standard  ; pulseController ;              ; DRAM_BA[0]      ; 3.3-V LVTTL           ; QSF Assignment ;
; I/O Standard  ; pulseController ;              ; DRAM_BA[1]      ; 3.3-V LVTTL           ; QSF Assignment ;
; I/O Standard  ; pulseController ;              ; DRAM_CAS_N      ; 3.3-V LVTTL           ; QSF Assignment ;
; I/O Standard  ; pulseController ;              ; DRAM_CKE        ; 3.3-V LVTTL           ; QSF Assignment ;
; I/O Standard  ; pulseController ;              ; DRAM_CLK        ; 3.3-V LVTTL           ; QSF Assignment ;
; I/O Standard  ; pulseController ;              ; DRAM_CS_N       ; 3.3-V LVTTL           ; QSF Assignment ;
; I/O Standard  ; pulseController ;              ; DRAM_DQ[0]      ; 3.3-V LVTTL           ; QSF Assignment ;
; I/O Standard  ; pulseController ;              ; DRAM_DQ[10]     ; 3.3-V LVTTL           ; QSF Assignment ;
; I/O Standard  ; pulseController ;              ; DRAM_DQ[11]     ; 3.3-V LVTTL           ; QSF Assignment ;
; I/O Standard  ; pulseController ;              ; DRAM_DQ[12]     ; 3.3-V LVTTL           ; QSF Assignment ;
; I/O Standard  ; pulseController ;              ; DRAM_DQ[13]     ; 3.3-V LVTTL           ; QSF Assignment ;
; I/O Standard  ; pulseController ;              ; DRAM_DQ[14]     ; 3.3-V LVTTL           ; QSF Assignment ;
; I/O Standard  ; pulseController ;              ; DRAM_DQ[15]     ; 3.3-V LVTTL           ; QSF Assignment ;
; I/O Standard  ; pulseController ;              ; DRAM_DQ[1]      ; 3.3-V LVTTL           ; QSF Assignment ;
; I/O Standard  ; pulseController ;              ; DRAM_DQ[2]      ; 3.3-V LVTTL           ; QSF Assignment ;
; I/O Standard  ; pulseController ;              ; DRAM_DQ[3]      ; 3.3-V LVTTL           ; QSF Assignment ;
; I/O Standard  ; pulseController ;              ; DRAM_DQ[4]      ; 3.3-V LVTTL           ; QSF Assignment ;
; I/O Standard  ; pulseController ;              ; DRAM_DQ[5]      ; 3.3-V LVTTL           ; QSF Assignment ;
; I/O Standard  ; pulseController ;              ; DRAM_DQ[6]      ; 3.3-V LVTTL           ; QSF Assignment ;
; I/O Standard  ; pulseController ;              ; DRAM_DQ[7]      ; 3.3-V LVTTL           ; QSF Assignment ;
; I/O Standard  ; pulseController ;              ; DRAM_DQ[8]      ; 3.3-V LVTTL           ; QSF Assignment ;
; I/O Standard  ; pulseController ;              ; DRAM_DQ[9]      ; 3.3-V LVTTL           ; QSF Assignment ;
; I/O Standard  ; pulseController ;              ; DRAM_LDQM       ; 3.3-V LVTTL           ; QSF Assignment ;
; I/O Standard  ; pulseController ;              ; DRAM_RAS_N      ; 3.3-V LVTTL           ; QSF Assignment ;
; I/O Standard  ; pulseController ;              ; DRAM_UDQM       ; 3.3-V LVTTL           ; QSF Assignment ;
; I/O Standard  ; pulseController ;              ; DRAM_WE_N       ; 3.3-V LVTTL           ; QSF Assignment ;
; I/O Standard  ; pulseController ;              ; GPIO[0]         ; 3.3-V LVTTL           ; QSF Assignment ;
; I/O Standard  ; pulseController ;              ; GPIO[10]        ; 3.3-V LVTTL           ; QSF Assignment ;
; I/O Standard  ; pulseController ;              ; GPIO[11]        ; 3.3-V LVTTL           ; QSF Assignment ;
; I/O Standard  ; pulseController ;              ; GPIO[12]        ; 3.3-V LVTTL           ; QSF Assignment ;
; I/O Standard  ; pulseController ;              ; GPIO[13]        ; 3.3-V LVTTL           ; QSF Assignment ;
; I/O Standard  ; pulseController ;              ; GPIO[14]        ; 3.3-V LVTTL           ; QSF Assignment ;
; I/O Standard  ; pulseController ;              ; GPIO[15]        ; 3.3-V LVTTL           ; QSF Assignment ;
; I/O Standard  ; pulseController ;              ; GPIO[16]        ; 3.3-V LVTTL           ; QSF Assignment ;
; I/O Standard  ; pulseController ;              ; GPIO[17]        ; 3.3-V LVTTL           ; QSF Assignment ;
; I/O Standard  ; pulseController ;              ; GPIO[18]        ; 3.3-V LVTTL           ; QSF Assignment ;
; I/O Standard  ; pulseController ;              ; GPIO[19]        ; 3.3-V LVTTL           ; QSF Assignment ;
; I/O Standard  ; pulseController ;              ; GPIO[1]         ; 3.3-V LVTTL           ; QSF Assignment ;
; I/O Standard  ; pulseController ;              ; GPIO[20]        ; 3.3-V LVTTL           ; QSF Assignment ;
; I/O Standard  ; pulseController ;              ; GPIO[21]        ; 3.3-V LVTTL           ; QSF Assignment ;
; I/O Standard  ; pulseController ;              ; GPIO[22]        ; 3.3-V LVTTL           ; QSF Assignment ;
; I/O Standard  ; pulseController ;              ; GPIO[23]        ; 3.3-V LVTTL           ; QSF Assignment ;
; I/O Standard  ; pulseController ;              ; GPIO[24]        ; 3.3-V LVTTL           ; QSF Assignment ;
; I/O Standard  ; pulseController ;              ; GPIO[25]        ; 3.3-V LVTTL           ; QSF Assignment ;
; I/O Standard  ; pulseController ;              ; GPIO[26]        ; 3.3-V LVTTL           ; QSF Assignment ;
; I/O Standard  ; pulseController ;              ; GPIO[27]        ; 3.3-V LVTTL           ; QSF Assignment ;
; I/O Standard  ; pulseController ;              ; GPIO[28]        ; 3.3-V LVTTL           ; QSF Assignment ;
; I/O Standard  ; pulseController ;              ; GPIO[29]        ; 3.3-V LVTTL           ; QSF Assignment ;
; I/O Standard  ; pulseController ;              ; GPIO[2]         ; 3.3-V LVTTL           ; QSF Assignment ;
; I/O Standard  ; pulseController ;              ; GPIO[30]        ; 3.3-V LVTTL           ; QSF Assignment ;
; I/O Standard  ; pulseController ;              ; GPIO[31]        ; 3.3-V LVTTL           ; QSF Assignment ;
; I/O Standard  ; pulseController ;              ; GPIO[32]        ; 3.3-V LVTTL           ; QSF Assignment ;
; I/O Standard  ; pulseController ;              ; GPIO[33]        ; 3.3-V LVTTL           ; QSF Assignment ;
; I/O Standard  ; pulseController ;              ; GPIO[34]        ; 3.3-V LVTTL           ; QSF Assignment ;
; I/O Standard  ; pulseController ;              ; GPIO[35]        ; 3.3-V LVTTL           ; QSF Assignment ;
; I/O Standard  ; pulseController ;              ; GPIO[3]         ; 3.3-V LVTTL           ; QSF Assignment ;
; I/O Standard  ; pulseController ;              ; GPIO[4]         ; 3.3-V LVTTL           ; QSF Assignment ;
; I/O Standard  ; pulseController ;              ; GPIO[5]         ; 3.3-V LVTTL           ; QSF Assignment ;
; I/O Standard  ; pulseController ;              ; GPIO[6]         ; 3.3-V LVTTL           ; QSF Assignment ;
; I/O Standard  ; pulseController ;              ; GPIO[7]         ; 3.3-V LVTTL           ; QSF Assignment ;
; I/O Standard  ; pulseController ;              ; GPIO[8]         ; 3.3-V LVTTL           ; QSF Assignment ;
; I/O Standard  ; pulseController ;              ; GPIO[9]         ; 3.3-V LVTTL           ; QSF Assignment ;
; I/O Standard  ; pulseController ;              ; GSENSOR_CS_N    ; 3.3-V LVTTL           ; QSF Assignment ;
; I/O Standard  ; pulseController ;              ; GSENSOR_INT[1]  ; 3.3-V LVTTL           ; QSF Assignment ;
; I/O Standard  ; pulseController ;              ; GSENSOR_INT[2]  ; 3.3-V LVTTL           ; QSF Assignment ;
; I/O Standard  ; pulseController ;              ; GSENSOR_SCLK    ; 3.3-V LVTTL           ; QSF Assignment ;
; I/O Standard  ; pulseController ;              ; GSENSOR_SDI     ; 3.3-V LVTTL           ; QSF Assignment ;
; I/O Standard  ; pulseController ;              ; GSENSOR_SDO     ; 3.3-V LVTTL           ; QSF Assignment ;
; I/O Standard  ; pulseController ;              ; HEX0[0]         ; 3.3-V LVTTL           ; QSF Assignment ;
; I/O Standard  ; pulseController ;              ; HEX0[1]         ; 3.3-V LVTTL           ; QSF Assignment ;
; I/O Standard  ; pulseController ;              ; HEX0[2]         ; 3.3-V LVTTL           ; QSF Assignment ;
; I/O Standard  ; pulseController ;              ; HEX0[3]         ; 3.3-V LVTTL           ; QSF Assignment ;
; I/O Standard  ; pulseController ;              ; HEX0[4]         ; 3.3-V LVTTL           ; QSF Assignment ;
; I/O Standard  ; pulseController ;              ; HEX0[5]         ; 3.3-V LVTTL           ; QSF Assignment ;
; I/O Standard  ; pulseController ;              ; HEX0[6]         ; 3.3-V LVTTL           ; QSF Assignment ;
; I/O Standard  ; pulseController ;              ; HEX0[7]         ; 3.3-V LVTTL           ; QSF Assignment ;
; I/O Standard  ; pulseController ;              ; HEX1[0]         ; 3.3-V LVTTL           ; QSF Assignment ;
; I/O Standard  ; pulseController ;              ; HEX1[1]         ; 3.3-V LVTTL           ; QSF Assignment ;
; I/O Standard  ; pulseController ;              ; HEX1[2]         ; 3.3-V LVTTL           ; QSF Assignment ;
; I/O Standard  ; pulseController ;              ; HEX1[3]         ; 3.3-V LVTTL           ; QSF Assignment ;
; I/O Standard  ; pulseController ;              ; HEX1[4]         ; 3.3-V LVTTL           ; QSF Assignment ;
; I/O Standard  ; pulseController ;              ; HEX1[5]         ; 3.3-V LVTTL           ; QSF Assignment ;
; I/O Standard  ; pulseController ;              ; HEX1[6]         ; 3.3-V LVTTL           ; QSF Assignment ;
; I/O Standard  ; pulseController ;              ; HEX1[7]         ; 3.3-V LVTTL           ; QSF Assignment ;
; I/O Standard  ; pulseController ;              ; HEX2[0]         ; 3.3-V LVTTL           ; QSF Assignment ;
; I/O Standard  ; pulseController ;              ; HEX2[1]         ; 3.3-V LVTTL           ; QSF Assignment ;
; I/O Standard  ; pulseController ;              ; HEX2[2]         ; 3.3-V LVTTL           ; QSF Assignment ;
; I/O Standard  ; pulseController ;              ; HEX2[3]         ; 3.3-V LVTTL           ; QSF Assignment ;
; I/O Standard  ; pulseController ;              ; HEX2[4]         ; 3.3-V LVTTL           ; QSF Assignment ;
; I/O Standard  ; pulseController ;              ; HEX2[5]         ; 3.3-V LVTTL           ; QSF Assignment ;
; I/O Standard  ; pulseController ;              ; HEX2[6]         ; 3.3-V LVTTL           ; QSF Assignment ;
; I/O Standard  ; pulseController ;              ; HEX2[7]         ; 3.3-V LVTTL           ; QSF Assignment ;
; I/O Standard  ; pulseController ;              ; HEX3[0]         ; 3.3-V LVTTL           ; QSF Assignment ;
; I/O Standard  ; pulseController ;              ; HEX3[1]         ; 3.3-V LVTTL           ; QSF Assignment ;
; I/O Standard  ; pulseController ;              ; HEX3[2]         ; 3.3-V LVTTL           ; QSF Assignment ;
; I/O Standard  ; pulseController ;              ; HEX3[3]         ; 3.3-V LVTTL           ; QSF Assignment ;
; I/O Standard  ; pulseController ;              ; HEX3[4]         ; 3.3-V LVTTL           ; QSF Assignment ;
; I/O Standard  ; pulseController ;              ; HEX3[5]         ; 3.3-V LVTTL           ; QSF Assignment ;
; I/O Standard  ; pulseController ;              ; HEX3[6]         ; 3.3-V LVTTL           ; QSF Assignment ;
; I/O Standard  ; pulseController ;              ; HEX3[7]         ; 3.3-V LVTTL           ; QSF Assignment ;
; I/O Standard  ; pulseController ;              ; HEX4[0]         ; 3.3-V LVTTL           ; QSF Assignment ;
; I/O Standard  ; pulseController ;              ; HEX4[1]         ; 3.3-V LVTTL           ; QSF Assignment ;
; I/O Standard  ; pulseController ;              ; HEX4[2]         ; 3.3-V LVTTL           ; QSF Assignment ;
; I/O Standard  ; pulseController ;              ; HEX4[3]         ; 3.3-V LVTTL           ; QSF Assignment ;
; I/O Standard  ; pulseController ;              ; HEX4[4]         ; 3.3-V LVTTL           ; QSF Assignment ;
; I/O Standard  ; pulseController ;              ; HEX4[5]         ; 3.3-V LVTTL           ; QSF Assignment ;
; I/O Standard  ; pulseController ;              ; HEX4[6]         ; 3.3-V LVTTL           ; QSF Assignment ;
; I/O Standard  ; pulseController ;              ; HEX4[7]         ; 3.3-V LVTTL           ; QSF Assignment ;
; I/O Standard  ; pulseController ;              ; HEX5[0]         ; 3.3-V LVTTL           ; QSF Assignment ;
; I/O Standard  ; pulseController ;              ; HEX5[1]         ; 3.3-V LVTTL           ; QSF Assignment ;
; I/O Standard  ; pulseController ;              ; HEX5[2]         ; 3.3-V LVTTL           ; QSF Assignment ;
; I/O Standard  ; pulseController ;              ; HEX5[3]         ; 3.3-V LVTTL           ; QSF Assignment ;
; I/O Standard  ; pulseController ;              ; HEX5[4]         ; 3.3-V LVTTL           ; QSF Assignment ;
; I/O Standard  ; pulseController ;              ; HEX5[5]         ; 3.3-V LVTTL           ; QSF Assignment ;
; I/O Standard  ; pulseController ;              ; HEX5[6]         ; 3.3-V LVTTL           ; QSF Assignment ;
; I/O Standard  ; pulseController ;              ; HEX5[7]         ; 3.3-V LVTTL           ; QSF Assignment ;
; I/O Standard  ; pulseController ;              ; KEY[0]          ; 3.3 V SCHMITT TRIGGER ; QSF Assignment ;
; I/O Standard  ; pulseController ;              ; KEY[1]          ; 3.3 V SCHMITT TRIGGER ; QSF Assignment ;
; I/O Standard  ; pulseController ;              ; LEDR[0]         ; 3.3-V LVTTL           ; QSF Assignment ;
; I/O Standard  ; pulseController ;              ; LEDR[1]         ; 3.3-V LVTTL           ; QSF Assignment ;
; I/O Standard  ; pulseController ;              ; LEDR[2]         ; 3.3-V LVTTL           ; QSF Assignment ;
; I/O Standard  ; pulseController ;              ; LEDR[3]         ; 3.3-V LVTTL           ; QSF Assignment ;
; I/O Standard  ; pulseController ;              ; LEDR[4]         ; 3.3-V LVTTL           ; QSF Assignment ;
; I/O Standard  ; pulseController ;              ; LEDR[5]         ; 3.3-V LVTTL           ; QSF Assignment ;
; I/O Standard  ; pulseController ;              ; LEDR[6]         ; 3.3-V LVTTL           ; QSF Assignment ;
; I/O Standard  ; pulseController ;              ; LEDR[7]         ; 3.3-V LVTTL           ; QSF Assignment ;
; I/O Standard  ; pulseController ;              ; LEDR[8]         ; 3.3-V LVTTL           ; QSF Assignment ;
; I/O Standard  ; pulseController ;              ; LEDR[9]         ; 3.3-V LVTTL           ; QSF Assignment ;
; I/O Standard  ; pulseController ;              ; MAX10_CLK1_50   ; 3.3-V LVTTL           ; QSF Assignment ;
; I/O Standard  ; pulseController ;              ; MAX10_CLK2_50   ; 3.3-V LVTTL           ; QSF Assignment ;
; I/O Standard  ; pulseController ;              ; SW[0]           ; 3.3-V LVTTL           ; QSF Assignment ;
; I/O Standard  ; pulseController ;              ; SW[1]           ; 3.3-V LVTTL           ; QSF Assignment ;
; I/O Standard  ; pulseController ;              ; SW[2]           ; 3.3-V LVTTL           ; QSF Assignment ;
; I/O Standard  ; pulseController ;              ; SW[3]           ; 3.3-V LVTTL           ; QSF Assignment ;
; I/O Standard  ; pulseController ;              ; SW[4]           ; 3.3-V LVTTL           ; QSF Assignment ;
; I/O Standard  ; pulseController ;              ; SW[5]           ; 3.3-V LVTTL           ; QSF Assignment ;
; I/O Standard  ; pulseController ;              ; SW[6]           ; 3.3-V LVTTL           ; QSF Assignment ;
; I/O Standard  ; pulseController ;              ; SW[7]           ; 3.3-V LVTTL           ; QSF Assignment ;
; I/O Standard  ; pulseController ;              ; SW[8]           ; 3.3-V LVTTL           ; QSF Assignment ;
; I/O Standard  ; pulseController ;              ; SW[9]           ; 3.3-V LVTTL           ; QSF Assignment ;
; I/O Standard  ; pulseController ;              ; VGA_B[0]        ; 3.3-V LVTTL           ; QSF Assignment ;
; I/O Standard  ; pulseController ;              ; VGA_B[1]        ; 3.3-V LVTTL           ; QSF Assignment ;
; I/O Standard  ; pulseController ;              ; VGA_B[2]        ; 3.3-V LVTTL           ; QSF Assignment ;
; I/O Standard  ; pulseController ;              ; VGA_B[3]        ; 3.3-V LVTTL           ; QSF Assignment ;
; I/O Standard  ; pulseController ;              ; VGA_G[0]        ; 3.3-V LVTTL           ; QSF Assignment ;
; I/O Standard  ; pulseController ;              ; VGA_G[1]        ; 3.3-V LVTTL           ; QSF Assignment ;
; I/O Standard  ; pulseController ;              ; VGA_G[2]        ; 3.3-V LVTTL           ; QSF Assignment ;
; I/O Standard  ; pulseController ;              ; VGA_G[3]        ; 3.3-V LVTTL           ; QSF Assignment ;
; I/O Standard  ; pulseController ;              ; VGA_HS          ; 3.3-V LVTTL           ; QSF Assignment ;
; I/O Standard  ; pulseController ;              ; VGA_R[0]        ; 3.3-V LVTTL           ; QSF Assignment ;
; I/O Standard  ; pulseController ;              ; VGA_R[1]        ; 3.3-V LVTTL           ; QSF Assignment ;
; I/O Standard  ; pulseController ;              ; VGA_R[2]        ; 3.3-V LVTTL           ; QSF Assignment ;
; I/O Standard  ; pulseController ;              ; VGA_R[3]        ; 3.3-V LVTTL           ; QSF Assignment ;
; I/O Standard  ; pulseController ;              ; VGA_VS          ; 3.3-V LVTTL           ; QSF Assignment ;
+---------------+-----------------+--------------+-----------------+-----------------------+----------------+


+---------------------------------------------------------------------------------------------------+
; Incremental Compilation Preservation Summary                                                      ;
+---------------------+---------------------+----------------------------+--------------------------+
; Type                ; Total [A + B]       ; From Design Partitions [A] ; From Rapid Recompile [B] ;
+---------------------+---------------------+----------------------------+--------------------------+
; Placement (by node) ;                     ;                            ;                          ;
;     -- Requested    ; 0.00 % ( 0 / 4754 ) ; 0.00 % ( 0 / 4754 )        ; 0.00 % ( 0 / 4754 )      ;
;     -- Achieved     ; 0.00 % ( 0 / 4754 ) ; 0.00 % ( 0 / 4754 )        ; 0.00 % ( 0 / 4754 )      ;
;                     ;                     ;                            ;                          ;
; Routing (by net)    ;                     ;                            ;                          ;
;     -- Requested    ; 0.00 % ( 0 / 0 )    ; 0.00 % ( 0 / 0 )           ; 0.00 % ( 0 / 0 )         ;
;     -- Achieved     ; 0.00 % ( 0 / 0 )    ; 0.00 % ( 0 / 0 )           ; 0.00 % ( 0 / 0 )         ;
+---------------------+---------------------+----------------------------+--------------------------+


+----------------------------------------------------------------------------------------------------------------------------------------------------------------------------------------+
; Incremental Compilation Partition Settings                                                                                                                                             ;
+--------------------------------+----------------+-------------------+-------------------------+------------------------+------------------------------+--------------------------------+
; Partition Name                 ; Partition Type ; Netlist Type Used ; Preservation Level Used ; Netlist Type Requested ; Preservation Level Requested ; Contents                       ;
+--------------------------------+----------------+-------------------+-------------------------+------------------------+------------------------------+--------------------------------+
; Top                            ; User-created   ; Source File       ; N/A                     ; Source File            ; N/A                          ;                                ;
; hard_block:auto_generated_inst ; Auto-generated ; Source File       ; N/A                     ; Source File            ; N/A                          ; hard_block:auto_generated_inst ;
+--------------------------------+----------------+-------------------+-------------------------+------------------------+------------------------------+--------------------------------+


+------------------------------------------------------------------------------------------------------------------------------------+
; Incremental Compilation Placement Preservation                                                                                     ;
+--------------------------------+-----------------------+-------------------------+-------------------+---------------------+-------+
; Partition Name                 ; Preservation Achieved ; Preservation Level Used ; Netlist Type Used ; Preservation Method ; Notes ;
+--------------------------------+-----------------------+-------------------------+-------------------+---------------------+-------+
; Top                            ; 0.00 % ( 0 / 4734 )   ; N/A                     ; Source File       ; N/A                 ;       ;
; hard_block:auto_generated_inst ; 0.00 % ( 0 / 20 )     ; N/A                     ; Source File       ; N/A                 ;       ;
+--------------------------------+-----------------------+-------------------------+-------------------+---------------------+-------+


+--------------+
; Pin-Out File ;
+--------------+
The pin-out file can be found in E:/Quartus/projects/PHYS4310/output_files/PulseController.pin.


+---------------------------------------------------------------------------+
; Fitter Resource Usage Summary                                             ;
+---------------------------------------------+-----------------------------+
; Resource                                    ; Usage                       ;
+---------------------------------------------+-----------------------------+
; Total logic elements                        ; 3,173 / 49,760 ( 6 % )      ;
;     -- Combinational with no register       ; 951                         ;
;     -- Register only                        ; 714                         ;
;     -- Combinational with a register        ; 1508                        ;
;                                             ;                             ;
; Logic element usage by number of LUT inputs ;                             ;
;     -- 4 input functions                    ; 1351                        ;
;     -- 3 input functions                    ; 269                         ;
;     -- <=2 input functions                  ; 839                         ;
;     -- Register only                        ; 714                         ;
;                                             ;                             ;
; Logic elements by mode                      ;                             ;
;     -- normal mode                          ; 1881                        ;
;     -- arithmetic mode                      ; 578                         ;
;                                             ;                             ;
; Total registers*                            ; 2,222 / 51,509 ( 4 % )      ;
;     -- Dedicated logic registers            ; 2,222 / 49,760 ( 4 % )      ;
;     -- I/O registers                        ; 0 / 1,749 ( 0 % )           ;
;                                             ;                             ;
; Total LABs:  partially or completely used   ; 266 / 3,110 ( 9 % )         ;
; Virtual pins                                ; 0                           ;
; I/O pins                                    ; 21 / 360 ( 6 % )            ;
;     -- Clock pins                           ; 3 / 8 ( 38 % )              ;
;     -- Dedicated input pins                 ; 1 / 1 ( 100 % )             ;
;                                             ;                             ;
; M9Ks                                        ; 1 / 182 ( < 1 % )           ;
; UFM blocks                                  ; 0 / 1 ( 0 % )               ;
; ADC blocks                                  ; 0 / 2 ( 0 % )               ;
; Total block memory bits                     ; 128 / 1,677,312 ( < 1 % )   ;
; Total block memory implementation bits      ; 9,216 / 1,677,312 ( < 1 % ) ;
; Embedded Multiplier 9-bit elements          ; 0 / 288 ( 0 % )             ;
; PLLs                                        ; 2 / 4 ( 50 % )              ;
; Global signals                              ; 5                           ;
;     -- Global clocks                        ; 5 / 20 ( 25 % )             ;
; JTAGs                                       ; 0 / 1 ( 0 % )               ;
; CRC blocks                                  ; 0 / 1 ( 0 % )               ;
; Remote update blocks                        ; 0 / 1 ( 0 % )               ;
; Oscillator blocks                           ; 0 / 1 ( 0 % )               ;
; Impedance control blocks                    ; 0 / 1 ( 0 % )               ;
; Average interconnect usage (total/H/V)      ; 1.8% / 1.7% / 2.0%          ;
; Peak interconnect usage (total/H/V)         ; 21.4% / 20.5% / 22.7%       ;
; Maximum fan-out                             ; 1695                        ;
; Highest non-global fan-out                  ; 552                         ;
; Total fan-out                               ; 16605                       ;
; Average fan-out                             ; 3.04                        ;
+---------------------------------------------+-----------------------------+
*  Register count does not include registers inside RAM blocks or DSP blocks.



+-----------------------------------------------------------------------------------------------------+
; Fitter Partition Statistics                                                                         ;
+---------------------------------------------+----------------------+--------------------------------+
; Statistic                                   ; Top                  ; hard_block:auto_generated_inst ;
+---------------------------------------------+----------------------+--------------------------------+
; Difficulty Clustering Region                ; Low                  ; Low                            ;
;                                             ;                      ;                                ;
; Total logic elements                        ; 3173 / 49760 ( 6 % ) ; 0 / 49760 ( 0 % )              ;
;     -- Combinational with no register       ; 951                  ; 0                              ;
;     -- Register only                        ; 714                  ; 0                              ;
;     -- Combinational with a register        ; 1508                 ; 0                              ;
;                                             ;                      ;                                ;
; Logic element usage by number of LUT inputs ;                      ;                                ;
;     -- 4 input functions                    ; 1351                 ; 0                              ;
;     -- 3 input functions                    ; 269                  ; 0                              ;
;     -- <=2 input functions                  ; 839                  ; 0                              ;
;     -- Register only                        ; 714                  ; 0                              ;
;                                             ;                      ;                                ;
; Logic elements by mode                      ;                      ;                                ;
;     -- normal mode                          ; 1881                 ; 0                              ;
;     -- arithmetic mode                      ; 578                  ; 0                              ;
;                                             ;                      ;                                ;
; Total registers                             ; 2222                 ; 0                              ;
;     -- Dedicated logic registers            ; 2222 / 49760 ( 4 % ) ; 0 / 49760 ( 0 % )              ;
;     -- I/O registers                        ; 0                    ; 0                              ;
;                                             ;                      ;                                ;
; Total LABs:  partially or completely used   ; 266 / 3110 ( 9 % )   ; 0 / 3110 ( 0 % )               ;
;                                             ;                      ;                                ;
; Virtual pins                                ; 0                    ; 0                              ;
; I/O pins                                    ; 21                   ; 0                              ;
; Embedded Multiplier 9-bit elements          ; 0 / 288 ( 0 % )      ; 0 / 288 ( 0 % )                ;
; Total memory bits                           ; 128                  ; 0                              ;
; Total RAM block bits                        ; 9216                 ; 0                              ;
; PLL                                         ; 0 / 4 ( 0 % )        ; 2 / 4 ( 50 % )                 ;
; M9K                                         ; 1 / 182 ( < 1 % )    ; 0 / 182 ( 0 % )                ;
; Clock control block                         ; 3 / 24 ( 12 % )      ; 2 / 24 ( 8 % )                 ;
; User Flash Memory                           ; 1 / 1 ( 100 % )      ; 0 / 1 ( 0 % )                  ;
; Analog-to-Digital Converter                 ; 2 / 2 ( 100 % )      ; 0 / 2 ( 0 % )                  ;
;                                             ;                      ;                                ;
; Connections                                 ;                      ;                                ;
;     -- Input Connections                    ; 2210                 ; 4                              ;
;     -- Registered Input Connections         ; 2207                 ; 0                              ;
;     -- Output Connections                   ; 4                    ; 2210                           ;
;     -- Registered Output Connections        ; 0                    ; 0                              ;
;                                             ;                      ;                                ;
; Internal Connections                        ;                      ;                                ;
;     -- Total Connections                    ; 16615                ; 2226                           ;
;     -- Registered Connections               ; 8008                 ; 0                              ;
;                                             ;                      ;                                ;
; External Connections                        ;                      ;                                ;
;     -- Top                                  ; 0                    ; 2214                           ;
;     -- hard_block:auto_generated_inst       ; 2214                 ; 0                              ;
;                                             ;                      ;                                ;
; Partition Interface                         ;                      ;                                ;
;     -- Input Ports                          ; 4                    ; 4                              ;
;     -- Output Ports                         ; 17                   ; 4                              ;
;     -- Bidir Ports                          ; 0                    ; 0                              ;
;                                             ;                      ;                                ;
; Registered Ports                            ;                      ;                                ;
;     -- Registered Input Ports               ; 0                    ; 0                              ;
;     -- Registered Output Ports              ; 0                    ; 0                              ;
;                                             ;                      ;                                ;
; Port Connectivity                           ;                      ;                                ;
;     -- Input Ports driven by GND            ; 0                    ; 0                              ;
;     -- Output Ports driven by GND           ; 0                    ; 0                              ;
;     -- Input Ports driven by VCC            ; 0                    ; 0                              ;
;     -- Output Ports driven by VCC           ; 0                    ; 0                              ;
;     -- Input Ports with no Source           ; 0                    ; 0                              ;
;     -- Output Ports with no Source          ; 0                    ; 0                              ;
;     -- Input Ports with no Fanout           ; 0                    ; 1                              ;
;     -- Output Ports with no Fanout          ; 0                    ; 0                              ;
+---------------------------------------------+----------------------+--------------------------------+


+-----------------------------------------------------------------------------------------------------------------------------------------------------------------------------------------------------------------------------------------------------------------------------------------+
; Input Pins                                                                                                                                                                                                                                                                              ;
+--------+-------+----------+--------------+--------------+--------------+-----------------------+--------------------+--------+----------------+---------------+-----------------+----------+--------------+--------------+---------------------------+----------------------+-----------+
; Name   ; Pin # ; I/O Bank ; X coordinate ; Y coordinate ; Z coordinate ; Combinational Fan-Out ; Registered Fan-Out ; Global ; Input Register ; Power Up High ; PCI I/O Enabled ; Bus Hold ; Weak Pull Up ; I/O Standard ; Termination Control Block ; Location assigned by ; Slew Rate ;
+--------+-------+----------+--------------+--------------+--------------+-----------------------+--------------------+--------+----------------+---------------+-----------------+----------+--------------+--------------+---------------------------+----------------------+-----------+
; clk50  ; P11   ; 3        ; 34           ; 0            ; 28           ; 19                    ; 0                  ; yes    ; no             ; no            ; yes             ; no       ; Off          ; 2.5 V        ; --                        ; User                 ; 0         ;
; rb_clk ; R11   ; 3        ; 31           ; 0            ; 0            ; 6                     ; 0                  ; yes    ; no             ; no            ; yes             ; no       ; Off          ; 2.5 V        ; --                        ; Fitter               ; 0         ;
; trig   ; B4    ; 8        ; 26           ; 39           ; 21           ; 1                     ; 0                  ; no     ; no             ; no            ; yes             ; no       ; Off          ; 2.5 V        ; --                        ; Fitter               ; 0         ;
; usb_rx ; V9    ; 3        ; 31           ; 0            ; 28           ; 1                     ; 0                  ; no     ; no             ; no            ; yes             ; no       ; Off          ; 2.5 V        ; --                        ; User                 ; 0         ;
+--------+-------+----------+--------------+--------------+--------------+-----------------------+--------------------+--------+----------------+---------------+-----------------+----------+--------------+--------------+---------------------------+----------------------+-----------+


+-------------------------------------------------------------------------------------------------------------------------------------------------------------------------------------------------------------------------------------------------------------------------------------------------------------------------------------------------------------------------------------------------------------------------------------------------------------+
; Output Pins                                                                                                                                                                                                                                                                                                                                                                                                                                                 ;
+------------+-------+----------+--------------+--------------+--------------+-----------------+------------------------+---------------+-----------+-----------------+------------+---------------+----------+--------------+--------------+------------------+-----------------------------------+---------------------------+----------------------------+-----------------------------+----------------------+----------------------+---------------------+
; Name       ; Pin # ; I/O Bank ; X coordinate ; Y coordinate ; Z coordinate ; Output Register ; Output Enable Register ; Power Up High ; Slew Rate ; PCI I/O Enabled ; Open Drain ; TRI Primitive ; Bus Hold ; Weak Pull Up ; I/O Standard ; Current Strength ; Termination                       ; Termination Control Block ; Output Buffer Pre-emphasis ; Voltage Output Differential ; Location assigned by ; Output Enable Source ; Output Enable Group ;
+------------+-------+----------+--------------+--------------+--------------+-----------------+------------------------+---------------+-----------+-----------------+------------+---------------+----------+--------------+--------------+------------------+-----------------------------------+---------------------------+----------------------------+-----------------------------+----------------------+----------------------+---------------------+
; channel[0] ; A4    ; 8        ; 31           ; 39           ; 21           ; no              ; no                     ; no            ; 2         ; no              ; no         ; no            ; no       ; Off          ; 2.5 V        ; Default          ; Series 50 Ohm without Calibration ; --                        ; no                         ; no                          ; Fitter               ; -                    ; -                   ;
; channel[1] ; W8    ; 3        ; 24           ; 0            ; 0            ; no              ; no                     ; no            ; 2         ; no              ; no         ; no            ; no       ; Off          ; 2.5 V        ; Default          ; Series 50 Ohm without Calibration ; --                        ; no                         ; no                          ; Fitter               ; -                    ; -                   ;
; channel[2] ; AB4   ; 3        ; 26           ; 0            ; 21           ; no              ; no                     ; no            ; 2         ; no              ; no         ; no            ; no       ; Off          ; 2.5 V        ; Default          ; Series 50 Ohm without Calibration ; --                        ; no                         ; no                          ; Fitter               ; -                    ; -                   ;
; channel[3] ; B3    ; 8        ; 26           ; 39           ; 14           ; no              ; no                     ; no            ; 2         ; no              ; no         ; no            ; no       ; Off          ; 2.5 V        ; Default          ; Series 50 Ohm without Calibration ; --                        ; no                         ; no                          ; Fitter               ; -                    ; -                   ;
; clkled     ; E11   ; 8        ; 36           ; 39           ; 14           ; no              ; no                     ; no            ; 2         ; no              ; no         ; no            ; no       ; Off          ; 2.5 V        ; Default          ; Series 50 Ohm without Calibration ; --                        ; no                         ; no                          ; Fitter               ; -                    ; -                   ;
; led        ; F17   ; 6        ; 78           ; 43           ; 21           ; no              ; no                     ; no            ; 2         ; no              ; no         ; no            ; no       ; Off          ; 2.5 V        ; Default          ; Series 50 Ohm without Calibration ; --                        ; no                         ; no                          ; Fitter               ; -                    ; -                   ;
; led_arr[0] ; A8    ; 7        ; 46           ; 54           ; 0            ; no              ; no                     ; no            ; 2         ; no              ; no         ; no            ; no       ; Off          ; 2.5 V        ; Default          ; Series 50 Ohm without Calibration ; --                        ; no                         ; no                          ; User                 ; -                    ; -                   ;
; led_arr[1] ; A9    ; 7        ; 46           ; 54           ; 21           ; no              ; no                     ; no            ; 2         ; no              ; no         ; no            ; no       ; Off          ; 2.5 V        ; Default          ; Series 50 Ohm without Calibration ; --                        ; no                         ; no                          ; User                 ; -                    ; -                   ;
; led_arr[2] ; A10   ; 7        ; 51           ; 54           ; 14           ; no              ; no                     ; no            ; 2         ; no              ; no         ; no            ; no       ; Off          ; 2.5 V        ; Default          ; Series 50 Ohm without Calibration ; --                        ; no                         ; no                          ; User                 ; -                    ; -                   ;
; led_arr[3] ; B10   ; 7        ; 46           ; 54           ; 7            ; no              ; no                     ; no            ; 2         ; no              ; no         ; no            ; no       ; Off          ; 2.5 V        ; Default          ; Series 50 Ohm without Calibration ; --                        ; no                         ; no                          ; User                 ; -                    ; -                   ;
; led_arr[4] ; D13   ; 7        ; 56           ; 54           ; 28           ; no              ; no                     ; no            ; 2         ; no              ; no         ; no            ; no       ; Off          ; 2.5 V        ; Default          ; Series 50 Ohm without Calibration ; --                        ; no                         ; no                          ; User                 ; -                    ; -                   ;
; led_arr[5] ; C13   ; 7        ; 58           ; 54           ; 21           ; no              ; no                     ; no            ; 2         ; no              ; no         ; no            ; no       ; Off          ; 2.5 V        ; Default          ; Series 50 Ohm without Calibration ; --                        ; no                         ; no                          ; User                 ; -                    ; -                   ;
; led_arr[6] ; E14   ; 7        ; 66           ; 54           ; 21           ; no              ; no                     ; no            ; 2         ; no              ; no         ; no            ; no       ; Off          ; 2.5 V        ; Default          ; Series 50 Ohm without Calibration ; --                        ; no                         ; no                          ; User                 ; -                    ; -                   ;
; led_arr[7] ; D14   ; 7        ; 56           ; 54           ; 7            ; no              ; no                     ; no            ; 2         ; no              ; no         ; no            ; no       ; Off          ; 2.5 V        ; Default          ; Series 50 Ohm without Calibration ; --                        ; no                         ; no                          ; User                 ; -                    ; -                   ;
; startled   ; A3    ; 8        ; 26           ; 39           ; 7            ; no              ; no                     ; no            ; 2         ; no              ; no         ; no            ; no       ; Off          ; 2.5 V        ; Default          ; Series 50 Ohm without Calibration ; --                        ; no                         ; no                          ; Fitter               ; -                    ; -                   ;
; trigled    ; AA12  ; 4        ; 40           ; 0            ; 0            ; no              ; no                     ; no            ; 2         ; no              ; no         ; no            ; no       ; Off          ; 2.5 V        ; Default          ; Series 50 Ohm without Calibration ; --                        ; no                         ; no                          ; Fitter               ; -                    ; -                   ;
; usb_tx     ; W9    ; 3        ; 22           ; 0            ; 0            ; no              ; no                     ; no            ; 2         ; no              ; no         ; no            ; no       ; Off          ; 2.5 V        ; Default          ; Series 50 Ohm without Calibration ; --                        ; no                         ; no                          ; User                 ; -                    ; -                   ;
+------------+-------+----------+--------------+--------------+--------------+-----------------+------------------------+---------------+-----------+-----------------+------------+---------------+----------+--------------+--------------+------------------+-----------------------------------+---------------------------+----------------------------+-----------------------------+----------------------+----------------------+---------------------+


+-----------------------------------------------------------------------------------------------------------------------------------------+
; Dual Purpose and Dedicated Pins                                                                                                         ;
+----------+----------------------------------------------------+--------------------------------+---------------------+------------------+
; Location ; Pin Name                                           ; Reserved As                    ; User Signal Name    ; Pin Type         ;
+----------+----------------------------------------------------+--------------------------------+---------------------+------------------+
; H2       ; DIFFIO_RX_L17n, DIFFOUT_L17n, TMS, Low_Speed       ; Reserved as secondary function ; ~ALTERA_TMS~        ; Dual Purpose Pin ;
; G2       ; DIFFIO_RX_L17p, DIFFOUT_L17p, TCK, Low_Speed       ; Reserved as secondary function ; ~ALTERA_TCK~        ; Dual Purpose Pin ;
; L4       ; DIFFIO_RX_L18n, DIFFOUT_L18n, TDI, Low_Speed       ; Reserved as secondary function ; ~ALTERA_TDI~        ; Dual Purpose Pin ;
; M5       ; DIFFIO_RX_L18p, DIFFOUT_L18p, TDO, Low_Speed       ; Reserved as secondary function ; ~ALTERA_TDO~        ; Dual Purpose Pin ;
; H10      ; CONFIG_SEL, Low_Speed                              ; Reserved as secondary function ; ~ALTERA_CONFIG_SEL~ ; Dual Purpose Pin ;
; H9       ; nCONFIG, Low_Speed                                 ; Reserved as secondary function ; ~ALTERA_nCONFIG~    ; Dual Purpose Pin ;
; G9       ; DIFFIO_RX_T50p, DIFFOUT_T50p, nSTATUS, Low_Speed   ; Reserved as secondary function ; ~ALTERA_nSTATUS~    ; Dual Purpose Pin ;
; F8       ; DIFFIO_RX_T50n, DIFFOUT_T50n, CONF_DONE, Low_Speed ; Reserved as secondary function ; ~ALTERA_CONF_DONE~  ; Dual Purpose Pin ;
+----------+----------------------------------------------------+--------------------------------+---------------------+------------------+


+-----------------------------------------------------------+
; I/O Bank Usage                                            ;
+----------+-----------------+---------------+--------------+
; I/O Bank ; Usage           ; VCCIO Voltage ; VREF Voltage ;
+----------+-----------------+---------------+--------------+
; 1A       ; 0 / 16 ( 0 % )  ; 2.5V          ; --           ;
; 1B       ; 4 / 24 ( 17 % ) ; 2.5V          ; --           ;
; 2        ; 0 / 36 ( 0 % )  ; 2.5V          ; --           ;
; 3        ; 6 / 48 ( 13 % ) ; 2.5V          ; --           ;
; 4        ; 1 / 48 ( 2 % )  ; 2.5V          ; --           ;
; 5        ; 0 / 40 ( 0 % )  ; 2.5V          ; --           ;
; 6        ; 1 / 60 ( 2 % )  ; 2.5V          ; --           ;
; 7        ; 8 / 52 ( 15 % ) ; 2.5V          ; --           ;
; 8        ; 9 / 36 ( 25 % ) ; 2.5V          ; --           ;
+----------+-----------------+---------------+--------------+


+---------------------------------------------------------------------------------------------------------------------------------------------------------------------------------------+
; All Package Pins                                                                                                                                                                      ;
+----------+------------+----------+------------------------------------------------+--------+-----------------------+---------+------------+-----------------+----------+--------------+
; Location ; Pad Number ; I/O Bank ; Pin Name/Usage                                 ; Dir.   ; I/O Standard          ; Voltage ; I/O Type   ; User Assignment ; Bus Hold ; Weak Pull Up ;
+----------+------------+----------+------------------------------------------------+--------+-----------------------+---------+------------+-----------------+----------+--------------+
; A1       ;            ;          ; GND                                            ; gnd    ;                       ;         ; --         ;                 ; --       ; --           ;
; A2       ; 481        ; 8        ; RESERVED_INPUT_WITH_WEAK_PULLUP                ;        ;                       ;         ; Column I/O ;                 ; no       ; On           ;
; A3       ; 483        ; 8        ; startled                                       ; output ; 2.5 V                 ;         ; Column I/O ; N               ; no       ; Off          ;
; A4       ; 475        ; 8        ; channel[0]                                     ; output ; 2.5 V                 ;         ; Column I/O ; N               ; no       ; Off          ;
; A5       ; 473        ; 8        ; RESERVED_INPUT_WITH_WEAK_PULLUP                ;        ;                       ;         ; Column I/O ;                 ; no       ; On           ;
; A6       ; 471        ; 8        ; RESERVED_INPUT_WITH_WEAK_PULLUP                ;        ;                       ;         ; Column I/O ;                 ; no       ; On           ;
; A7       ; 445        ; 7        ; RESERVED_INPUT_WITH_WEAK_PULLUP                ;        ;                       ;         ; Column I/O ;                 ; no       ; On           ;
; A8       ; 447        ; 7        ; led_arr[0]                                     ; output ; 2.5 V                 ;         ; Column I/O ; Y               ; no       ; Off          ;
; A9       ; 449        ; 7        ; led_arr[1]                                     ; output ; 2.5 V                 ;         ; Column I/O ; Y               ; no       ; Off          ;
; A10      ; 439        ; 7        ; led_arr[2]                                     ; output ; 2.5 V                 ;         ; Column I/O ; Y               ; no       ; Off          ;
; A11      ; 437        ; 7        ; RESERVED_INPUT_WITH_WEAK_PULLUP                ;        ;                       ;         ; Column I/O ;                 ; no       ; On           ;
; A12      ; 435        ; 7        ; RESERVED_INPUT_WITH_WEAK_PULLUP                ;        ;                       ;         ; Column I/O ;                 ; no       ; On           ;
; A13      ; 433        ; 7        ; RESERVED_INPUT_WITH_WEAK_PULLUP                ;        ;                       ;         ; Column I/O ;                 ; no       ; On           ;
; A14      ; 425        ; 7        ; RESERVED_INPUT_WITH_WEAK_PULLUP                ;        ;                       ;         ; Column I/O ;                 ; no       ; On           ;
; A15      ; 421        ; 7        ; RESERVED_INPUT_WITH_WEAK_PULLUP                ;        ;                       ;         ; Column I/O ;                 ; no       ; On           ;
; A16      ; 419        ; 7        ; RESERVED_INPUT_WITH_WEAK_PULLUP                ;        ;                       ;         ; Column I/O ;                 ; no       ; On           ;
; A17      ; 407        ; 7        ; RESERVED_INPUT_WITH_WEAK_PULLUP                ;        ;                       ;         ; Column I/O ;                 ; no       ; On           ;
; A18      ; 405        ; 7        ; RESERVED_INPUT_WITH_WEAK_PULLUP                ;        ;                       ;         ; Column I/O ;                 ; no       ; On           ;
; A19      ; 403        ; 7        ; RESERVED_INPUT_WITH_WEAK_PULLUP                ;        ;                       ;         ; Column I/O ;                 ; no       ; On           ;
; A20      ; 401        ; 7        ; RESERVED_INPUT_WITH_WEAK_PULLUP                ;        ;                       ;         ; Column I/O ;                 ; no       ; On           ;
; A21      ; 371        ; 6        ; RESERVED_INPUT_WITH_WEAK_PULLUP                ;        ;                       ;         ; Row I/O    ;                 ; no       ; On           ;
; A22      ;            ;          ; GND                                            ; gnd    ;                       ;         ; --         ;                 ; --       ; --           ;
; AA1      ; 133        ; 3        ; RESERVED_INPUT_WITH_WEAK_PULLUP                ;        ;                       ;         ; Column I/O ;                 ; no       ; On           ;
; AA2      ; 135        ; 3        ; RESERVED_INPUT_WITH_WEAK_PULLUP                ;        ;                       ;         ; Column I/O ;                 ; no       ; On           ;
; AA3      ; 153        ; 3        ; RESERVED_INPUT_WITH_WEAK_PULLUP                ;        ;                       ;         ; Column I/O ;                 ; --       ; --           ;
; AA4      ;            ;          ; GND                                            ; gnd    ;                       ;         ; --         ;                 ; --       ; --           ;
; AA5      ; 157        ; 3        ; RESERVED_INPUT_WITH_WEAK_PULLUP                ;        ;                       ;         ; Column I/O ;                 ; no       ; On           ;
; AA6      ; 156        ; 3        ; RESERVED_INPUT_WITH_WEAK_PULLUP                ;        ;                       ;         ; Column I/O ;                 ; no       ; On           ;
; AA7      ; 158        ; 3        ; RESERVED_INPUT_WITH_WEAK_PULLUP                ;        ;                       ;         ; Column I/O ;                 ; no       ; On           ;
; AA8      ; 165        ; 3        ; RESERVED_INPUT_WITH_WEAK_PULLUP                ;        ;                       ;         ; Column I/O ;                 ; no       ; On           ;
; AA9      ; 169        ; 3        ; RESERVED_INPUT_WITH_WEAK_PULLUP                ;        ;                       ;         ; Column I/O ;                 ; no       ; On           ;
; AA10     ; 170        ; 3        ; RESERVED_INPUT_WITH_WEAK_PULLUP                ;        ;                       ;         ; Column I/O ;                 ; no       ; On           ;
; AA11     ; 180        ; 4        ; RESERVED_INPUT_WITH_WEAK_PULLUP                ;        ;                       ;         ; Column I/O ;                 ; no       ; On           ;
; AA12     ; 182        ; 4        ; trigled                                        ; output ; 2.5 V                 ;         ; Column I/O ; N               ; no       ; Off          ;
; AA13     ; 197        ; 4        ; RESERVED_INPUT_WITH_WEAK_PULLUP                ;        ;                       ;         ; Column I/O ;                 ; --       ; --           ;
; AA14     ; 201        ; 4        ; RESERVED_INPUT_WITH_WEAK_PULLUP                ;        ;                       ;         ; Column I/O ;                 ; no       ; On           ;
; AA15     ; 205        ; 4        ; RESERVED_INPUT_WITH_WEAK_PULLUP                ;        ;                       ;         ; Column I/O ;                 ; no       ; On           ;
; AA16     ; 211        ; 4        ; RESERVED_INPUT_WITH_WEAK_PULLUP                ;        ;                       ;         ; Column I/O ;                 ; no       ; On           ;
; AA17     ; 212        ; 4        ; RESERVED_INPUT_WITH_WEAK_PULLUP                ;        ;                       ;         ; Column I/O ;                 ; no       ; On           ;
; AA18     ;            ;          ; GND                                            ; gnd    ;                       ;         ; --         ;                 ; --       ; --           ;
; AA19     ; 217        ; 4        ; RESERVED_INPUT_WITH_WEAK_PULLUP                ;        ;                       ;         ; Column I/O ;                 ; no       ; On           ;
; AA20     ; 227        ; 4        ; RESERVED_INPUT_WITH_WEAK_PULLUP                ;        ;                       ;         ; Column I/O ;                 ; no       ; On           ;
; AA21     ; 245        ; 5        ; RESERVED_INPUT_WITH_WEAK_PULLUP                ;        ;                       ;         ; Row I/O    ;                 ; no       ; On           ;
; AA22     ; 247        ; 5        ; RESERVED_INPUT_WITH_WEAK_PULLUP                ;        ;                       ;         ; Row I/O    ;                 ; no       ; On           ;
; AB1      ;            ;          ; GND                                            ; gnd    ;                       ;         ; --         ;                 ; --       ; --           ;
; AB2      ; 145        ; 3        ; RESERVED_INPUT_WITH_WEAK_PULLUP                ;        ;                       ;         ; Column I/O ;                 ; no       ; On           ;
; AB3      ; 147        ; 3        ; RESERVED_INPUT_WITH_WEAK_PULLUP                ;        ;                       ;         ; Column I/O ;                 ; no       ; On           ;
; AB4      ; 155        ; 3        ; channel[2]                                     ; output ; 2.5 V                 ;         ; Column I/O ; N               ; no       ; Off          ;
; AB5      ; 159        ; 3        ; RESERVED_INPUT_WITH_WEAK_PULLUP                ;        ;                       ;         ; Column I/O ;                 ; no       ; On           ;
; AB6      ; 161        ; 3        ; RESERVED_INPUT_WITH_WEAK_PULLUP                ;        ;                       ;         ; Column I/O ;                 ; no       ; On           ;
; AB7      ; 163        ; 3        ; RESERVED_INPUT_WITH_WEAK_PULLUP                ;        ;                       ;         ; Column I/O ;                 ; no       ; On           ;
; AB8      ; 167        ; 3        ; RESERVED_INPUT_WITH_WEAK_PULLUP                ;        ;                       ;         ; Column I/O ;                 ; no       ; On           ;
; AB9      ; 171        ; 3        ; RESERVED_INPUT_WITH_WEAK_PULLUP                ;        ;                       ;         ; Column I/O ;                 ; no       ; On           ;
; AB10     ; 177        ; 4        ; RESERVED_INPUT_WITH_WEAK_PULLUP                ;        ;                       ;         ; Column I/O ;                 ; no       ; On           ;
; AB11     ; 179        ; 4        ; RESERVED_INPUT_WITH_WEAK_PULLUP                ;        ;                       ;         ; Column I/O ;                 ; no       ; On           ;
; AB12     ; 181        ; 4        ; RESERVED_INPUT_WITH_WEAK_PULLUP                ;        ;                       ;         ; Column I/O ;                 ; no       ; On           ;
; AB13     ; 183        ; 4        ; RESERVED_INPUT_WITH_WEAK_PULLUP                ;        ;                       ;         ; Column I/O ;                 ; no       ; On           ;
; AB14     ; 199        ; 4        ; RESERVED_INPUT_WITH_WEAK_PULLUP                ;        ;                       ;         ; Column I/O ;                 ; no       ; On           ;
; AB15     ; 203        ; 4        ; RESERVED_INPUT_WITH_WEAK_PULLUP                ;        ;                       ;         ; Column I/O ;                 ; no       ; On           ;
; AB16     ; 209        ; 4        ; RESERVED_INPUT_WITH_WEAK_PULLUP                ;        ;                       ;         ; Column I/O ;                 ; no       ; On           ;
; AB17     ; 241        ; 4        ; RESERVED_INPUT_WITH_WEAK_PULLUP                ;        ;                       ;         ; Column I/O ;                 ; no       ; On           ;
; AB18     ; 243        ; 4        ; RESERVED_INPUT_WITH_WEAK_PULLUP                ;        ;                       ;         ; Column I/O ;                 ; no       ; On           ;
; AB19     ; 213        ; 4        ; RESERVED_INPUT_WITH_WEAK_PULLUP                ;        ;                       ;         ; Column I/O ;                 ; no       ; On           ;
; AB20     ; 215        ; 4        ; RESERVED_INPUT_WITH_WEAK_PULLUP                ;        ;                       ;         ; Column I/O ;                 ; no       ; On           ;
; AB21     ; 225        ; 4        ; RESERVED_INPUT_WITH_WEAK_PULLUP                ;        ;                       ;         ; Column I/O ;                 ; no       ; On           ;
; AB22     ;            ;          ; GND                                            ; gnd    ;                       ;         ; --         ;                 ; --       ; --           ;
; B1       ; 495        ; 8        ; RESERVED_INPUT_WITH_WEAK_PULLUP                ;        ;                       ;         ; Column I/O ;                 ; no       ; On           ;
; B2       ; 493        ; 8        ; RESERVED_INPUT_WITH_WEAK_PULLUP                ;        ;                       ;         ; Column I/O ;                 ; no       ; On           ;
; B3       ; 484        ; 8        ; channel[3]                                     ; output ; 2.5 V                 ;         ; Column I/O ; N               ; no       ; Off          ;
; B4       ; 486        ; 8        ; trig                                           ; input  ; 2.5 V                 ;         ; Column I/O ; N               ; no       ; Off          ;
; B5       ; 485        ; 8        ; RESERVED_INPUT_WITH_WEAK_PULLUP                ;        ;                       ;         ; Column I/O ;                 ; no       ; On           ;
; B6       ;            ;          ; GND                                            ; gnd    ;                       ;         ; --         ;                 ; --       ; --           ;
; B7       ; 469        ; 8        ; RESERVED_INPUT_WITH_WEAK_PULLUP                ;        ;                       ;         ; Column I/O ;                 ; no       ; On           ;
; B8       ; 451        ; 7        ; RESERVED_INPUT_WITH_WEAK_PULLUP                ;        ;                       ;         ; Column I/O ;                 ; no       ; On           ;
; B9       ;            ;          ; GND                                            ; gnd    ;                       ;         ; --         ;                 ; --       ; --           ;
; B10      ; 448        ; 7        ; led_arr[3]                                     ; output ; 2.5 V                 ;         ; Column I/O ; Y               ; no       ; Off          ;
; B11      ; 443        ; 7        ; RESERVED_INPUT_WITH_WEAK_PULLUP                ;        ;                       ;         ; Column I/O ;                 ; no       ; On           ;
; B12      ; 441        ; 7        ; RESERVED_INPUT_WITH_WEAK_PULLUP                ;        ;                       ;         ; Column I/O ;                 ; no       ; On           ;
; B13      ;            ;          ; GND                                            ; gnd    ;                       ;         ; --         ;                 ; --       ; --           ;
; B14      ; 427        ; 7        ; RESERVED_INPUT_WITH_WEAK_PULLUP                ;        ;                       ;         ; Column I/O ;                 ; no       ; On           ;
; B15      ; 423        ; 7        ; RESERVED_INPUT_WITH_WEAK_PULLUP                ;        ;                       ;         ; Column I/O ;                 ; --       ; --           ;
; B16      ; 417        ; 7        ; RESERVED_INPUT_WITH_WEAK_PULLUP                ;        ;                       ;         ; Column I/O ;                 ; no       ; On           ;
; B17      ; 402        ; 7        ; RESERVED_INPUT_WITH_WEAK_PULLUP                ;        ;                       ;         ; Column I/O ;                 ; no       ; On           ;
; B18      ;            ;          ; GND                                            ; gnd    ;                       ;         ; --         ;                 ; --       ; --           ;
; B19      ; 399        ; 7        ; RESERVED_INPUT_WITH_WEAK_PULLUP                ;        ;                       ;         ; Column I/O ;                 ; no       ; On           ;
; B20      ; 369        ; 6        ; RESERVED_INPUT_WITH_WEAK_PULLUP                ;        ;                       ;         ; Row I/O    ;                 ; no       ; On           ;
; B21      ; 367        ; 6        ; RESERVED_INPUT_WITH_WEAK_PULLUP                ;        ;                       ;         ; Row I/O    ;                 ; no       ; On           ;
; B22      ; 365        ; 6        ; RESERVED_INPUT_WITH_WEAK_PULLUP                ;        ;                       ;         ; Row I/O    ;                 ; no       ; On           ;
; C1       ; 33         ; 1B       ; RESERVED_INPUT_WITH_WEAK_PULLUP                ;        ;                       ;         ; Row I/O    ;                 ; --       ; --           ;
; C2       ; 499        ; 8        ; RESERVED_INPUT_WITH_WEAK_PULLUP                ;        ;                       ;         ; Column I/O ;                 ; no       ; On           ;
; C3       ; 497        ; 8        ; RESERVED_INPUT_WITH_WEAK_PULLUP                ;        ;                       ;         ; Column I/O ;                 ; no       ; On           ;
; C4       ; 487        ; 8        ; RESERVED_INPUT_WITH_WEAK_PULLUP                ;        ;                       ;         ; Column I/O ;                 ; no       ; On           ;
; C5       ; 489        ; 8        ; RESERVED_INPUT_WITH_WEAK_PULLUP                ;        ;                       ;         ; Column I/O ;                 ; no       ; On           ;
; C6       ; 477        ; 8        ; RESERVED_INPUT_WITH_WEAK_PULLUP                ;        ;                       ;         ; Column I/O ;                 ; no       ; On           ;
; C7       ; 467        ; 8        ; RESERVED_INPUT_WITH_WEAK_PULLUP                ;        ;                       ;         ; Column I/O ;                 ; no       ; On           ;
; C8       ; 465        ; 8        ; RESERVED_INPUT_WITH_WEAK_PULLUP                ;        ;                       ;         ; Column I/O ;                 ; no       ; On           ;
; C9       ; 450        ; 7        ; RESERVED_INPUT_WITH_WEAK_PULLUP                ;        ;                       ;         ; Column I/O ;                 ; no       ; On           ;
; C10      ; 442        ; 7        ; RESERVED_INPUT_WITH_WEAK_PULLUP                ;        ;                       ;         ; Column I/O ;                 ; no       ; On           ;
; C11      ; 440        ; 7        ; RESERVED_INPUT_WITH_WEAK_PULLUP                ;        ;                       ;         ; Column I/O ;                 ; no       ; On           ;
; C12      ; 436        ; 7        ; RESERVED_INPUT_WITH_WEAK_PULLUP                ;        ;                       ;         ; Column I/O ;                 ; no       ; On           ;
; C13      ; 426        ; 7        ; led_arr[5]                                     ; output ; 2.5 V                 ;         ; Column I/O ; Y               ; no       ; Off          ;
; C14      ; 424        ; 7        ; RESERVED_INPUT_WITH_WEAK_PULLUP                ;        ;                       ;         ; Column I/O ;                 ; no       ; On           ;
; C15      ; 418        ; 7        ; RESERVED_INPUT_WITH_WEAK_PULLUP                ;        ;                       ;         ; Column I/O ;                 ; no       ; On           ;
; C16      ; 416        ; 7        ; RESERVED_INPUT_WITH_WEAK_PULLUP                ;        ;                       ;         ; Column I/O ;                 ; no       ; On           ;
; C17      ; 391        ; 7        ; RESERVED_INPUT_WITH_WEAK_PULLUP                ;        ;                       ;         ; Column I/O ;                 ; no       ; On           ;
; C18      ; 400        ; 7        ; RESERVED_INPUT_WITH_WEAK_PULLUP                ;        ;                       ;         ; Column I/O ;                 ; no       ; On           ;
; C19      ; 397        ; 7        ; RESERVED_INPUT_WITH_WEAK_PULLUP                ;        ;                       ;         ; Column I/O ;                 ; no       ; On           ;
; C20      ; 357        ; 6        ; RESERVED_INPUT_WITH_WEAK_PULLUP                ;        ;                       ;         ; Row I/O    ;                 ; no       ; On           ;
; C21      ; 347        ; 6        ; RESERVED_INPUT_WITH_WEAK_PULLUP                ;        ;                       ;         ; Row I/O    ;                 ; no       ; On           ;
; C22      ; 343        ; 6        ; RESERVED_INPUT_WITH_WEAK_PULLUP                ;        ;                       ;         ; Row I/O    ;                 ; no       ; On           ;
; D1       ; 35         ; 1B       ; RESERVED_INPUT_WITH_WEAK_PULLUP                ;        ;                       ;         ; Row I/O    ;                 ; no       ; On           ;
; D2       ; 31         ; 1B       ; RESERVED_INPUT_WITH_WEAK_PULLUP                ;        ;                       ;         ; Row I/O    ;                 ; no       ; On           ;
; D3       ; 29         ; 1B       ; RESERVED_INPUT_WITH_WEAK_PULLUP                ;        ;                       ;         ; Row I/O    ;                 ; no       ; On           ;
; D4       ;            ;          ; GND                                            ; gnd    ;                       ;         ; --         ;                 ; --       ; --           ;
; D5       ; 491        ; 8        ; RESERVED_INPUT_WITH_WEAK_PULLUP                ;        ;                       ;         ; Column I/O ;                 ; no       ; On           ;
; D6       ; 496        ; 8        ; RESERVED_INPUT_WITH_WEAK_PULLUP                ;        ;                       ;         ; Column I/O ;                 ; no       ; On           ;
; D7       ; 479        ; 8        ; RESERVED_INPUT_WITH_WEAK_PULLUP                ;        ;                       ;         ; Column I/O ;                 ; --       ; --           ;
; D8       ; 472        ; 8        ; RESERVED_INPUT_WITH_WEAK_PULLUP                ;        ;                       ;         ; Column I/O ;                 ; no       ; On           ;
; D9       ; 474        ; 8        ; RESERVED_INPUT_WITH_WEAK_PULLUP                ;        ;                       ;         ; Column I/O ;                 ; no       ; On           ;
; D10      ; 476        ; 8        ; RESERVED_INPUT_WITH_WEAK_PULLUP                ;        ;                       ;         ; Column I/O ;                 ; no       ; On           ;
; D11      ;            ;          ; GND                                            ; gnd    ;                       ;         ; --         ;                 ; --       ; --           ;
; D12      ; 438        ; 7        ; RESERVED_INPUT_WITH_WEAK_PULLUP                ;        ;                       ;         ; Column I/O ;                 ; no       ; On           ;
; D13      ; 431        ; 7        ; led_arr[4]                                     ; output ; 2.5 V                 ;         ; Column I/O ; Y               ; no       ; Off          ;
; D14      ; 428        ; 7        ; led_arr[7]                                     ; output ; 2.5 V                 ;         ; Column I/O ; Y               ; no       ; Off          ;
; D15      ; 404        ; 7        ; RESERVED_INPUT_WITH_WEAK_PULLUP                ;        ;                       ;         ; Column I/O ;                 ; no       ; On           ;
; D16      ;            ;          ; GND                                            ; gnd    ;                       ;         ; --         ;                 ; --       ; --           ;
; D17      ; 389        ; 7        ; RESERVED_INPUT_WITH_WEAK_PULLUP                ;        ;                       ;         ; Column I/O ;                 ; no       ; On           ;
; D18      ; 385        ; 6        ; RESERVED_INPUT_WITH_WEAK_PULLUP                ;        ;                       ;         ; Row I/O    ;                 ; no       ; On           ;
; D19      ; 359        ; 6        ; RESERVED_INPUT_WITH_WEAK_PULLUP                ;        ;                       ;         ; Row I/O    ;                 ; no       ; On           ;
; D20      ;            ;          ; GND                                            ; gnd    ;                       ;         ; --         ;                 ; --       ; --           ;
; D21      ; 345        ; 6        ; RESERVED_INPUT_WITH_WEAK_PULLUP                ;        ;                       ;         ; Row I/O    ;                 ; --       ; --           ;
; D22      ; 341        ; 6        ; RESERVED_INPUT_WITH_WEAK_PULLUP                ;        ;                       ;         ; Row I/O    ;                 ; no       ; On           ;
; E1       ; 41         ; 1B       ; RESERVED_INPUT_WITH_WEAK_PULLUP                ;        ;                       ;         ; Row I/O    ;                 ; no       ; On           ;
; E2       ;            ;          ; GND                                            ; gnd    ;                       ;         ; --         ;                 ; --       ; --           ;
; E3       ; 3          ; 1A       ; RESERVED_INPUT_WITH_WEAK_PULLUP                ;        ;                       ;         ; Row I/O    ;                 ; no       ; On           ;
; E4       ; 1          ; 1A       ; RESERVED_INPUT_WITH_WEAK_PULLUP                ;        ;                       ;         ; Row I/O    ;                 ; no       ; On           ;
; E5       ;            ;          ; NC                                             ;        ;                       ;         ; --         ;                 ; --       ; --           ;
; E6       ; 498        ; 8        ; RESERVED_INPUT_WITH_WEAK_PULLUP                ;        ;                       ;         ; Column I/O ;                 ; no       ; On           ;
; E7       ;            ;          ; GND                                            ; gnd    ;                       ;         ; --         ;                 ; --       ; --           ;
; E8       ; 488        ; 8        ; RESERVED_INPUT_WITH_WEAK_PULLUP                ;        ;                       ;         ; Column I/O ;                 ; no       ; On           ;
; E9       ; 478        ; 8        ; RESERVED_INPUT_WITH_WEAK_PULLUP                ;        ;                       ;         ; Column I/O ;                 ; no       ; On           ;
; E10      ; 466        ; 8        ; RESERVED_INPUT_WITH_WEAK_PULLUP                ;        ;                       ;         ; Column I/O ;                 ; no       ; On           ;
; E11      ; 464        ; 8        ; clkled                                         ; output ; 2.5 V                 ;         ; Column I/O ; N               ; no       ; Off          ;
; E12      ; 429        ; 7        ; RESERVED_INPUT_WITH_WEAK_PULLUP                ;        ;                       ;         ; Column I/O ;                 ; no       ; On           ;
; E13      ; 430        ; 7        ; RESERVED_INPUT_WITH_WEAK_PULLUP                ;        ;                       ;         ; Column I/O ;                 ; no       ; On           ;
; E14      ; 406        ; 7        ; led_arr[6]                                     ; output ; 2.5 V                 ;         ; Column I/O ; Y               ; no       ; Off          ;
; E15      ; 390        ; 7        ; RESERVED_INPUT_WITH_WEAK_PULLUP                ;        ;                       ;         ; Column I/O ;                 ; no       ; On           ;
; E16      ; 388        ; 7        ; RESERVED_INPUT_WITH_WEAK_PULLUP                ;        ;                       ;         ; Column I/O ;                 ; no       ; On           ;
; E17      ; 366        ; 6        ; RESERVED_INPUT_WITH_WEAK_PULLUP                ;        ;                       ;         ; Row I/O    ;                 ; no       ; On           ;
; E18      ; 387        ; 6        ; RESERVED_INPUT_WITH_WEAK_PULLUP                ;        ;                       ;         ; Row I/O    ;                 ; no       ; On           ;
; E19      ; 352        ; 6        ; RESERVED_INPUT_WITH_WEAK_PULLUP                ;        ;                       ;         ; Row I/O    ;                 ; no       ; On           ;
; E20      ; 355        ; 6        ; RESERVED_INPUT_WITH_WEAK_PULLUP                ;        ;                       ;         ; Row I/O    ;                 ; no       ; On           ;
; E21      ; 335        ; 6        ; RESERVED_INPUT_WITH_WEAK_PULLUP                ;        ;                       ;         ; Row I/O    ;                 ; no       ; On           ;
; E22      ; 333        ; 6        ; RESERVED_INPUT_WITH_WEAK_PULLUP                ;        ;                       ;         ; Row I/O    ;                 ; no       ; On           ;
; F1       ; 47         ; 1B       ; RESERVED_INPUT_WITH_WEAK_PULLUP                ;        ;                       ;         ; Row I/O    ;                 ; no       ; On           ;
; F2       ; 43         ; 1B       ; RESERVED_INPUT_WITH_WEAK_PULLUP                ;        ;                       ;         ; Row I/O    ;                 ; no       ; On           ;
; F3       ; 7          ; 1A       ; RESERVED_INPUT_WITH_WEAK_PULLUP                ;        ;                       ;         ; Row I/O    ;                 ; no       ; On           ;
; F4       ; 2          ; 1A       ; RESERVED_INPUT_WITH_WEAK_PULLUP                ;        ;                       ;         ; Row I/O    ;                 ; no       ; On           ;
; F5       ; 0          ; 1A       ; RESERVED_INPUT_WITH_WEAK_PULLUP                ;        ;                       ;         ; Row I/O    ;                 ; no       ; On           ;
; F6       ;            ;          ; NC                                             ;        ;                       ;         ; --         ;                 ; --       ; --           ;
; F7       ; 490        ; 8        ; RESERVED_INPUT_WITH_WEAK_PULLUP                ;        ;                       ;         ; Column I/O ;                 ; no       ; On           ;
; F8       ; 494        ; 8        ; ~ALTERA_CONF_DONE~ / RESERVED_INPUT            ; input  ; 2.5 V Schmitt Trigger ;         ; Column I/O ; N               ; no       ; Off          ;
; F9       ;            ; 8        ; VCCIO8                                         ; power  ;                       ; 2.5V    ; --         ;                 ; --       ; --           ;
; F10      ;            ;          ; GND                                            ; gnd    ;                       ;         ; --         ;                 ; --       ; --           ;
; F11      ;            ; 8        ; VCCIO8                                         ; power  ;                       ; 2.5V    ; --         ;                 ; --       ; --           ;
; F12      ;            ; 7        ; VCCIO7                                         ; power  ;                       ; 2.5V    ; --         ;                 ; --       ; --           ;
; F13      ;            ;          ; GND                                            ; gnd    ;                       ;         ; --         ;                 ; --       ; --           ;
; F14      ;            ; 7        ; VCCIO7                                         ; power  ;                       ; 2.5V    ; --         ;                 ; --       ; --           ;
; F15      ; 398        ; 7        ; RESERVED_INPUT_WITH_WEAK_PULLUP                ;        ;                       ;         ; Column I/O ;                 ; no       ; On           ;
; F16      ; 396        ; 7        ; RESERVED_INPUT_WITH_WEAK_PULLUP                ;        ;                       ;         ; Column I/O ;                 ; no       ; On           ;
; F17      ; 364        ; 6        ; led                                            ; output ; 2.5 V                 ;         ; Row I/O    ; N               ; no       ; Off          ;
; F18      ; 354        ; 6        ; RESERVED_INPUT_WITH_WEAK_PULLUP                ;        ;                       ;         ; Row I/O    ;                 ; no       ; On           ;
; F19      ; 353        ; 6        ; RESERVED_INPUT_WITH_WEAK_PULLUP                ;        ;                       ;         ; Row I/O    ;                 ; no       ; On           ;
; F20      ; 342        ; 6        ; RESERVED_INPUT_WITH_WEAK_PULLUP                ;        ;                       ;         ; Row I/O    ;                 ; no       ; On           ;
; F21      ; 340        ; 6        ; RESERVED_INPUT_WITH_WEAK_PULLUP                ;        ;                       ;         ; Row I/O    ;                 ; no       ; On           ;
; F22      ; 331        ; 6        ; RESERVED_INPUT_WITH_WEAK_PULLUP                ;        ;                       ;         ; Row I/O    ;                 ; no       ; On           ;
; G1       ; 45         ; 1B       ; RESERVED_INPUT_WITH_WEAK_PULLUP                ;        ;                       ;         ; Row I/O    ;                 ; no       ; On           ;
; G2       ; 34         ; 1B       ; ~ALTERA_TCK~ / RESERVED_INPUT                  ; input  ; 2.5 V Schmitt Trigger ;         ; Row I/O    ; N               ; no       ; Off          ;
; G3       ; 11         ; 1A       ; RESERVED_INPUT_WITH_WEAK_PULLUP                ;        ;                       ;         ; Row I/O    ;                 ; no       ; On           ;
; G4       ; 5          ; 1A       ; RESERVED_INPUT_WITH_WEAK_PULLUP                ;        ;                       ;         ; Row I/O    ;                 ; no       ; On           ;
; G5       ;            ;          ; ANAIN1                                         ;        ;                       ;         ; --         ;                 ; --       ; --           ;
; G6       ;            ;          ; GND                                            ; gnd    ;                       ;         ; --         ;                 ; --       ; --           ;
; G7       ;            ;          ; VCCD_PLL3                                      ; power  ;                       ; 1.2V    ; --         ;                 ; --       ; --           ;
; G8       ;            ;          ; GND                                            ; gnd    ;                       ;         ; --         ;                 ; --       ; --           ;
; G9       ; 492        ; 8        ; ~ALTERA_nSTATUS~ / RESERVED_INPUT              ; input  ; 2.5 V Schmitt Trigger ;         ; Column I/O ; N               ; no       ; Off          ;
; G10      ;            ; 8        ; VCCIO8                                         ; power  ;                       ; 2.5V    ; --         ;                 ; --       ; --           ;
; G11      ;            ; 8        ; VCCIO8                                         ; power  ;                       ; 2.5V    ; --         ;                 ; --       ; --           ;
; G12      ;            ; 7        ; VCCIO7                                         ; power  ;                       ; 2.5V    ; --         ;                 ; --       ; --           ;
; G13      ;            ; 7        ; VCCIO7                                         ; power  ;                       ; 2.5V    ; --         ;                 ; --       ; --           ;
; G14      ;            ; 7        ; VCCIO7                                         ; power  ;                       ; 2.5V    ; --         ;                 ; --       ; --           ;
; G15      ;            ;          ; GND                                            ; gnd    ;                       ;         ; --         ;                 ; --       ; --           ;
; G16      ;            ;          ; VCCD_PLL2                                      ; power  ;                       ; 1.2V    ; --         ;                 ; --       ; --           ;
; G17      ; 386        ; 6        ; RESERVED_INPUT_WITH_WEAK_PULLUP                ;        ;                       ;         ; Row I/O    ;                 ; no       ; On           ;
; G18      ;            ;          ; GND                                            ; gnd    ;                       ;         ; --         ;                 ; --       ; --           ;
; G19      ; 330        ; 6        ; RESERVED_INPUT_WITH_WEAK_PULLUP                ;        ;                       ;         ; Row I/O    ;                 ; no       ; On           ;
; G20      ; 328        ; 6        ; RESERVED_INPUT_WITH_WEAK_PULLUP                ;        ;                       ;         ; Row I/O    ;                 ; no       ; On           ;
; G21      ;            ;          ; GND                                            ; gnd    ;                       ;         ; --         ;                 ; --       ; --           ;
; G22      ; 329        ; 6        ; RESERVED_INPUT_WITH_WEAK_PULLUP                ;        ;                       ;         ; Row I/O    ;                 ; no       ; On           ;
; H1       ; 44         ; 1B       ; RESERVED_INPUT_WITH_WEAK_PULLUP                ;        ;                       ;         ; Row I/O    ;                 ; no       ; On           ;
; H2       ; 32         ; 1B       ; ~ALTERA_TMS~ / RESERVED_INPUT_WITH_WEAK_PULLUP ; input  ; 2.5 V Schmitt Trigger ;         ; Row I/O    ; N               ; no       ; On           ;
; H3       ; 10         ; 1A       ; RESERVED_INPUT_WITH_WEAK_PULLUP                ;        ;                       ;         ; Row I/O    ;                 ; no       ; On           ;
; H4       ; 9          ; 1A       ; RESERVED_INPUT_WITH_WEAK_PULLUP                ;        ;                       ;         ; Row I/O    ;                 ; no       ; On           ;
; H5       ;            ;          ; REFGND                                         ;        ;                       ;         ; --         ;                 ; --       ; --           ;
; H6       ;            ;          ; ADC_VREF                                       ;        ;                       ;         ; --         ;                 ; --       ; --           ;
; H7       ;            ; --       ; VCCA_ADC                                       ; power  ;                       ; 2.5V    ; --         ;                 ; --       ; --           ;
; H8       ;            ; --       ; VCCA3                                          ; power  ;                       ; 2.5V    ; --         ;                 ; --       ; --           ;
; H9       ; 482        ; 8        ; ~ALTERA_nCONFIG~ / RESERVED_INPUT              ; input  ; 2.5 V Schmitt Trigger ;         ; Column I/O ; N               ; no       ; Off          ;
; H10      ; 480        ; 8        ; ~ALTERA_CONFIG_SEL~ / RESERVED_INPUT           ; input  ; 2.5 V                 ;         ; Column I/O ; N               ; no       ; Off          ;
; H11      ; 470        ; 8        ; RESERVED_INPUT_WITH_WEAK_PULLUP                ;        ;                       ;         ; Column I/O ;                 ; no       ; On           ;
; H12      ; 444        ; 7        ; RESERVED_INPUT_WITH_WEAK_PULLUP                ;        ;                       ;         ; Column I/O ;                 ; no       ; On           ;
; H13      ; 432        ; 7        ; RESERVED_INPUT_WITH_WEAK_PULLUP                ;        ;                       ;         ; Column I/O ;                 ; no       ; On           ;
; H14      ; 420        ; 7        ; RESERVED_INPUT_WITH_WEAK_PULLUP                ;        ;                       ;         ; Column I/O ;                 ; no       ; On           ;
; H15      ;            ; --       ; VCCA2                                          ; power  ;                       ; 2.5V    ; --         ;                 ; --       ; --           ;
; H16      ;            ; 6        ; VCCIO6                                         ; power  ;                       ; 2.5V    ; --         ;                 ; --       ; --           ;
; H17      ; 384        ; 6        ; RESERVED_INPUT_WITH_WEAK_PULLUP                ;        ;                       ;         ; Row I/O    ;                 ; no       ; On           ;
; H18      ; 374        ; 6        ; RESERVED_INPUT_WITH_WEAK_PULLUP                ;        ;                       ;         ; Row I/O    ;                 ; no       ; On           ;
; H19      ; 372        ; 6        ; RESERVED_INPUT_WITH_WEAK_PULLUP                ;        ;                       ;         ; Row I/O    ;                 ; no       ; On           ;
; H20      ; 375        ; 6        ; RESERVED_INPUT_WITH_WEAK_PULLUP                ;        ;                       ;         ; Row I/O    ;                 ; no       ; On           ;
; H21      ; 323        ; 6        ; RESERVED_INPUT_WITH_WEAK_PULLUP                ;        ;                       ;         ; Row I/O    ;                 ; no       ; On           ;
; H22      ; 321        ; 6        ; RESERVED_INPUT_WITH_WEAK_PULLUP                ;        ;                       ;         ; Row I/O    ;                 ; no       ; On           ;
; J1       ; 46         ; 1B       ; RESERVED_INPUT_WITH_WEAK_PULLUP                ;        ;                       ;         ; Row I/O    ;                 ; no       ; On           ;
; J2       ;            ;          ; GND                                            ; gnd    ;                       ;         ; --         ;                 ; --       ; --           ;
; J3       ; 15         ; 1A       ; RESERVED_INPUT_WITH_WEAK_PULLUP                ;        ;                       ;         ; Row I/O    ;                 ; no       ; On           ;
; J4       ; 8          ; 1A       ; RESERVED_INPUT_WITH_WEAK_PULLUP                ;        ;                       ;         ; Row I/O    ;                 ; no       ; On           ;
; J5       ;            ;          ; ANAIN2                                         ;        ;                       ;         ; --         ;                 ; --       ; --           ;
; J6       ;            ;          ; GND                                            ; gnd    ;                       ;         ; --         ;                 ; --       ; --           ;
; J7       ;            ;          ; VCCINT                                         ; power  ;                       ; 1.2V    ; --         ;                 ; --       ; --           ;
; J8       ; 4          ; 1A       ; RESERVED_INPUT_WITH_WEAK_PULLUP                ;        ;                       ;         ; Row I/O    ;                 ; no       ; On           ;
; J9       ; 6          ; 1A       ; RESERVED_INPUT_WITH_WEAK_PULLUP                ;        ;                       ;         ; Row I/O    ;                 ; no       ; On           ;
; J10      ; 468        ; 8        ; RESERVED_INPUT_WITH_WEAK_PULLUP                ;        ;                       ;         ; Column I/O ;                 ; no       ; On           ;
; J11      ; 446        ; 7        ; RESERVED_INPUT_WITH_WEAK_PULLUP                ;        ;                       ;         ; Column I/O ;                 ; no       ; On           ;
; J12      ; 434        ; 7        ; RESERVED_INPUT_WITH_WEAK_PULLUP                ;        ;                       ;         ; Column I/O ;                 ; no       ; On           ;
; J13      ; 422        ; 7        ; RESERVED_INPUT_WITH_WEAK_PULLUP                ;        ;                       ;         ; Column I/O ;                 ; no       ; On           ;
; J14      ; 368        ; 6        ; RESERVED_INPUT_WITH_WEAK_PULLUP                ;        ;                       ;         ; Row I/O    ;                 ; no       ; On           ;
; J15      ; 370        ; 6        ; RESERVED_INPUT_WITH_WEAK_PULLUP                ;        ;                       ;         ; Row I/O    ;                 ; no       ; On           ;
; J16      ;            ;          ; GND                                            ; gnd    ;                       ;         ; --         ;                 ; --       ; --           ;
; J17      ;            ; 6        ; VCCIO6                                         ; power  ;                       ; 2.5V    ; --         ;                 ; --       ; --           ;
; J18      ; 362        ; 6        ; RESERVED_INPUT_WITH_WEAK_PULLUP                ;        ;                       ;         ; Row I/O    ;                 ; no       ; On           ;
; J19      ;            ;          ; GND                                            ; gnd    ;                       ;         ; --         ;                 ; --       ; --           ;
; J20      ; 373        ; 6        ; RESERVED_INPUT_WITH_WEAK_PULLUP                ;        ;                       ;         ; Row I/O    ;                 ; no       ; On           ;
; J21      ; 327        ; 6        ; RESERVED_INPUT_WITH_WEAK_PULLUP                ;        ;                       ;         ; Row I/O    ;                 ; no       ; On           ;
; J22      ; 325        ; 6        ; RESERVED_INPUT_WITH_WEAK_PULLUP                ;        ;                       ;         ; Row I/O    ;                 ; no       ; On           ;
; K1       ; 49         ; 1B       ; RESERVED_INPUT_WITH_WEAK_PULLUP                ;        ;                       ;         ; Row I/O    ;                 ; no       ; On           ;
; K2       ; 37         ; 1B       ; RESERVED_INPUT_WITH_WEAK_PULLUP                ;        ;                       ;         ; Row I/O    ;                 ; no       ; On           ;
; K3       ;            ;          ; GND                                            ; gnd    ;                       ;         ; --         ;                 ; --       ; --           ;
; K4       ; 13         ; 1A       ; RESERVED_INPUT_WITH_WEAK_PULLUP                ;        ;                       ;         ; Row I/O    ;                 ; no       ; On           ;
; K5       ; 12         ; 1A       ; RESERVED_INPUT_WITH_WEAK_PULLUP                ;        ;                       ;         ; Row I/O    ;                 ; no       ; On           ;
; K6       ; 14         ; 1A       ; RESERVED_INPUT_WITH_WEAK_PULLUP                ;        ;                       ;         ; Row I/O    ;                 ; no       ; On           ;
; K7       ;            ; 1A       ; VCCIO1A                                        ; power  ;                       ; 2.5V    ; --         ;                 ; --       ; --           ;
; K8       ; 28         ; 1B       ; RESERVED_INPUT_WITH_WEAK_PULLUP                ;        ;                       ;         ; Row I/O    ;                 ; no       ; On           ;
; K9       ; 30         ; 1B       ; RESERVED_INPUT_WITH_WEAK_PULLUP                ;        ;                       ;         ; Row I/O    ;                 ; no       ; On           ;
; K10      ;            ;          ; GND                                            ; gnd    ;                       ;         ; --         ;                 ; --       ; --           ;
; K11      ;            ; --       ; VCC                                            ; power  ;                       ; 1.2V    ; --         ;                 ; --       ; --           ;
; K12      ;            ;          ; GND                                            ; gnd    ;                       ;         ; --         ;                 ; --       ; --           ;
; K13      ;            ; --       ; VCC                                            ; power  ;                       ; 1.2V    ; --         ;                 ; --       ; --           ;
; K14      ; 356        ; 6        ; RESERVED_INPUT_WITH_WEAK_PULLUP                ;        ;                       ;         ; Row I/O    ;                 ; no       ; On           ;
; K15      ; 358        ; 6        ; RESERVED_INPUT_WITH_WEAK_PULLUP                ;        ;                       ;         ; Row I/O    ;                 ; no       ; On           ;
; K16      ;            ; 6        ; VCCIO6                                         ; power  ;                       ; 2.5V    ; --         ;                 ; --       ; --           ;
; K17      ;            ; 6        ; VCCIO6                                         ; power  ;                       ; 2.5V    ; --         ;                 ; --       ; --           ;
; K18      ; 360        ; 6        ; RESERVED_INPUT_WITH_WEAK_PULLUP                ;        ;                       ;         ; Row I/O    ;                 ; no       ; On           ;
; K19      ; 361        ; 6        ; RESERVED_INPUT_WITH_WEAK_PULLUP                ;        ;                       ;         ; Row I/O    ;                 ; no       ; On           ;
; K20      ; 363        ; 6        ; RESERVED_INPUT_WITH_WEAK_PULLUP                ;        ;                       ;         ; Row I/O    ;                 ; no       ; On           ;
; K21      ; 326        ; 6        ; RESERVED_INPUT_WITH_WEAK_PULLUP                ;        ;                       ;         ; Row I/O    ;                 ; no       ; On           ;
; K22      ; 324        ; 6        ; RESERVED_INPUT_WITH_WEAK_PULLUP                ;        ;                       ;         ; Row I/O    ;                 ; no       ; On           ;
; L1       ; 51         ; 1B       ; RESERVED_INPUT_WITH_WEAK_PULLUP                ;        ;                       ;         ; Row I/O    ;                 ; no       ; On           ;
; L2       ; 39         ; 1B       ; RESERVED_INPUT_WITH_WEAK_PULLUP                ;        ;                       ;         ; Row I/O    ;                 ; no       ; On           ;
; L3       ;            ;          ; DNU                                            ;        ;                       ;         ; --         ;                 ; --       ; --           ;
; L4       ; 36         ; 1B       ; ~ALTERA_TDI~ / RESERVED_INPUT_WITH_WEAK_PULLUP ; input  ; 2.5 V Schmitt Trigger ;         ; Row I/O    ; N               ; no       ; On           ;
; L5       ;            ;          ; GND                                            ; gnd    ;                       ;         ; --         ;                 ; --       ; --           ;
; L6       ;            ; 1A       ; VCCIO1A                                        ; power  ;                       ; 2.5V    ; --         ;                 ; --       ; --           ;
; L7       ;            ; 1B       ; VCCIO1B                                        ; power  ;                       ; 2.5V    ; --         ;                 ; --       ; --           ;
; L8       ; 40         ; 1B       ; RESERVED_INPUT_WITH_WEAK_PULLUP                ;        ;                       ;         ; Row I/O    ;                 ; no       ; On           ;
; L9       ; 42         ; 1B       ; RESERVED_INPUT_WITH_WEAK_PULLUP                ;        ;                       ;         ; Row I/O    ;                 ; no       ; On           ;
; L10      ;            ; --       ; VCC                                            ; power  ;                       ; 1.2V    ; --         ;                 ; --       ; --           ;
; L11      ;            ; --       ; VCC                                            ; power  ;                       ; 1.2V    ; --         ;                 ; --       ; --           ;
; L12      ;            ; --       ; VCC                                            ; power  ;                       ; 1.2V    ; --         ;                 ; --       ; --           ;
; L13      ;            ;          ; GND                                            ; gnd    ;                       ;         ; --         ;                 ; --       ; --           ;
; L14      ; 344        ; 6        ; RESERVED_INPUT_WITH_WEAK_PULLUP                ;        ;                       ;         ; Row I/O    ;                 ; no       ; On           ;
; L15      ; 346        ; 6        ; RESERVED_INPUT_WITH_WEAK_PULLUP                ;        ;                       ;         ; Row I/O    ;                 ; no       ; On           ;
; L16      ;            ; 6        ; VCCIO6                                         ; power  ;                       ; 2.5V    ; --         ;                 ; --       ; --           ;
; L17      ;            ;          ; GND                                            ; gnd    ;                       ;         ; --         ;                 ; --       ; --           ;
; L18      ; 350        ; 6        ; RESERVED_INPUT_WITH_WEAK_PULLUP                ;        ;                       ;         ; Row I/O    ;                 ; no       ; On           ;
; L19      ; 349        ; 6        ; RESERVED_INPUT_WITH_WEAK_PULLUP                ;        ;                       ;         ; Row I/O    ;                 ; no       ; On           ;
; L20      ; 351        ; 6        ; RESERVED_INPUT_WITH_WEAK_PULLUP                ;        ;                       ;         ; Row I/O    ;                 ; no       ; On           ;
; L21      ;            ;          ; GND                                            ; gnd    ;                       ;         ; --         ;                 ; --       ; --           ;
; L22      ; 314        ; 5        ; RESERVED_INPUT_WITH_WEAK_PULLUP                ;        ;                       ;         ; Row I/O    ;                 ; no       ; On           ;
; M1       ; 79         ; 2        ; RESERVED_INPUT_WITH_WEAK_PULLUP                ;        ;                       ;         ; Row I/O    ;                 ; no       ; On           ;
; M2       ; 77         ; 2        ; RESERVED_INPUT_WITH_WEAK_PULLUP                ;        ;                       ;         ; Row I/O    ;                 ; --       ; --           ;
; M3       ; 50         ; 1B       ; RESERVED_INPUT_WITH_WEAK_PULLUP                ;        ;                       ;         ; Row I/O    ;                 ; no       ; On           ;
; M4       ; 48         ; 1B       ; RESERVED_INPUT_WITH_WEAK_PULLUP                ;        ;                       ;         ; Row I/O    ;                 ; no       ; On           ;
; M5       ; 38         ; 1B       ; ~ALTERA_TDO~                                   ; output ; 2.5 V                 ;         ; Row I/O    ; N               ; no       ; Off          ;
; M6       ;            ; 1B       ; VCCIO1B                                        ; power  ;                       ; 2.5V    ; --         ;                 ; --       ; --           ;
; M7       ;            ;          ; GND                                            ; gnd    ;                       ;         ; --         ;                 ; --       ; --           ;
; M8       ; 72         ; 2        ; RESERVED_INPUT_WITH_WEAK_PULLUP                ;        ;                       ;         ; Row I/O    ;                 ; no       ; On           ;
; M9       ; 74         ; 2        ; RESERVED_INPUT_WITH_WEAK_PULLUP                ;        ;                       ;         ; Row I/O    ;                 ; no       ; On           ;
; M10      ;            ;          ; GND                                            ; gnd    ;                       ;         ; --         ;                 ; --       ; --           ;
; M11      ;            ; --       ; VCC                                            ; power  ;                       ; 1.2V    ; --         ;                 ; --       ; --           ;
; M12      ;            ; --       ; VCC                                            ; power  ;                       ; 1.2V    ; --         ;                 ; --       ; --           ;
; M13      ;            ; --       ; VCC                                            ; power  ;                       ; 1.2V    ; --         ;                 ; --       ; --           ;
; M14      ; 334        ; 6        ; RESERVED_INPUT_WITH_WEAK_PULLUP                ;        ;                       ;         ; Row I/O    ;                 ; no       ; On           ;
; M15      ; 332        ; 6        ; RESERVED_INPUT_WITH_WEAK_PULLUP                ;        ;                       ;         ; Row I/O    ;                 ; no       ; On           ;
; M16      ;            ;          ; GND                                            ; gnd    ;                       ;         ; --         ;                 ; --       ; --           ;
; M17      ;            ; 6        ; VCCIO6                                         ; power  ;                       ; 2.5V    ; --         ;                 ; --       ; --           ;
; M18      ; 348        ; 6        ; RESERVED_INPUT_WITH_WEAK_PULLUP                ;        ;                       ;         ; Row I/O    ;                 ; no       ; On           ;
; M19      ;            ;          ; GND                                            ; gnd    ;                       ;         ; --         ;                 ; --       ; --           ;
; M20      ; 337        ; 6        ; RESERVED_INPUT_WITH_WEAK_PULLUP                ;        ;                       ;         ; Row I/O    ;                 ; no       ; On           ;
; M21      ; 312        ; 5        ; RESERVED_INPUT_WITH_WEAK_PULLUP                ;        ;                       ;         ; Row I/O    ;                 ; no       ; On           ;
; M22      ; 315        ; 5        ; RESERVED_INPUT_WITH_WEAK_PULLUP                ;        ;                       ;         ; Row I/O    ;                 ; no       ; On           ;
; N1       ; 87         ; 2        ; RESERVED_INPUT_WITH_WEAK_PULLUP                ;        ;                       ;         ; Row I/O    ;                 ; no       ; On           ;
; N2       ; 75         ; 2        ; RESERVED_INPUT_WITH_WEAK_PULLUP                ;        ;                       ;         ; Row I/O    ;                 ; no       ; On           ;
; N3       ; 73         ; 2        ; RESERVED_INPUT_WITH_WEAK_PULLUP                ;        ;                       ;         ; Row I/O    ;                 ; no       ; On           ;
; N4       ; 56         ; 2        ; RESERVED_INPUT_WITH_WEAK_PULLUP                ;        ;                       ;         ; Row I/O    ;                 ; no       ; On           ;
; N5       ; 58         ; 2        ; RESERVED_INPUT_WITH_WEAK_PULLUP                ;        ;                       ;         ; Row I/O    ;                 ; no       ; On           ;
; N6       ;            ; 2        ; VCCIO2                                         ; power  ;                       ; 2.5V    ; --         ;                 ; --       ; --           ;
; N7       ;            ; 2        ; VCCIO2                                         ; power  ;                       ; 2.5V    ; --         ;                 ; --       ; --           ;
; N8       ; 84         ; 2        ; RESERVED_INPUT_WITH_WEAK_PULLUP                ;        ;                       ;         ; Row I/O    ;                 ; no       ; On           ;
; N9       ; 86         ; 2        ; RESERVED_INPUT_WITH_WEAK_PULLUP                ;        ;                       ;         ; Row I/O    ;                 ; no       ; On           ;
; N10      ;            ; --       ; VCC                                            ; power  ;                       ; 1.2V    ; --         ;                 ; --       ; --           ;
; N11      ;            ;          ; GND                                            ; gnd    ;                       ;         ; --         ;                 ; --       ; --           ;
; N12      ;            ; --       ; VCC                                            ; power  ;                       ; 1.2V    ; --         ;                 ; --       ; --           ;
; N13      ;            ;          ; GND                                            ; gnd    ;                       ;         ; --         ;                 ; --       ; --           ;
; N14      ; 320        ; 6        ; RESERVED_INPUT_WITH_WEAK_PULLUP                ;        ;                       ;         ; Row I/O    ;                 ; no       ; On           ;
; N15      ; 322        ; 6        ; RESERVED_INPUT_WITH_WEAK_PULLUP                ;        ;                       ;         ; Row I/O    ;                 ; no       ; On           ;
; N16      ;            ; 5        ; VCCIO5                                         ; power  ;                       ; 2.5V    ; --         ;                 ; --       ; --           ;
; N17      ;            ; 6        ; VCCIO6                                         ; power  ;                       ; 2.5V    ; --         ;                 ; --       ; --           ;
; N18      ; 336        ; 6        ; RESERVED_INPUT_WITH_WEAK_PULLUP                ;        ;                       ;         ; Row I/O    ;                 ; no       ; On           ;
; N19      ; 338        ; 6        ; RESERVED_INPUT_WITH_WEAK_PULLUP                ;        ;                       ;         ; Row I/O    ;                 ; no       ; On           ;
; N20      ; 339        ; 6        ; RESERVED_INPUT_WITH_WEAK_PULLUP                ;        ;                       ;         ; Row I/O    ;                 ; no       ; On           ;
; N21      ; 313        ; 5        ; RESERVED_INPUT_WITH_WEAK_PULLUP                ;        ;                       ;         ; Row I/O    ;                 ; no       ; On           ;
; N22      ; 307        ; 5        ; RESERVED_INPUT_WITH_WEAK_PULLUP                ;        ;                       ;         ; Row I/O    ;                 ; no       ; On           ;
; P1       ; 85         ; 2        ; RESERVED_INPUT_WITH_WEAK_PULLUP                ;        ;                       ;         ; Row I/O    ;                 ; no       ; On           ;
; P2       ;            ;          ; GND                                            ; gnd    ;                       ;         ; --         ;                 ; --       ; --           ;
; P3       ; 76         ; 2        ; RESERVED_INPUT_WITH_WEAK_PULLUP                ;        ;                       ;         ; Row I/O    ;                 ; no       ; On           ;
; P4       ; 57         ; 2        ; RESERVED_INPUT_WITH_WEAK_PULLUP                ;        ;                       ;         ; Row I/O    ;                 ; no       ; On           ;
; P5       ; 59         ; 2        ; RESERVED_INPUT_WITH_WEAK_PULLUP                ;        ;                       ;         ; Row I/O    ;                 ; no       ; On           ;
; P6       ;            ;          ; GND                                            ; gnd    ;                       ;         ; --         ;                 ; --       ; --           ;
; P7       ;            ; 2        ; VCCIO2                                         ; power  ;                       ; 2.5V    ; --         ;                 ; --       ; --           ;
; P8       ; 96         ; 2        ; RESERVED_INPUT_WITH_WEAK_PULLUP                ;        ;                       ;         ; Row I/O    ;                 ; no       ; On           ;
; P9       ; 142        ; 3        ; RESERVED_INPUT_WITH_WEAK_PULLUP                ;        ;                       ;         ; Column I/O ;                 ; no       ; On           ;
; P10      ; 154        ; 3        ; RESERVED_INPUT_WITH_WEAK_PULLUP                ;        ;                       ;         ; Column I/O ;                 ; no       ; On           ;
; P11      ; 166        ; 3        ; clk50                                          ; input  ; 2.5 V                 ;         ; Column I/O ; Y               ; no       ; Off          ;
; P12      ; 178        ; 4        ; RESERVED_INPUT_WITH_WEAK_PULLUP                ;        ;                       ;         ; Column I/O ;                 ; no       ; On           ;
; P13      ; 198        ; 4        ; RESERVED_INPUT_WITH_WEAK_PULLUP                ;        ;                       ;         ; Column I/O ;                 ; no       ; On           ;
; P14      ; 306        ; 5        ; RESERVED_INPUT_WITH_WEAK_PULLUP                ;        ;                       ;         ; Row I/O    ;                 ; no       ; On           ;
; P15      ; 304        ; 5        ; RESERVED_INPUT_WITH_WEAK_PULLUP                ;        ;                       ;         ; Row I/O    ;                 ; no       ; On           ;
; P16      ;            ; 5        ; VCCIO5                                         ; power  ;                       ; 2.5V    ; --         ;                 ; --       ; --           ;
; P17      ;            ;          ; GND                                            ; gnd    ;                       ;         ; --         ;                 ; --       ; --           ;
; P18      ; 310        ; 5        ; RESERVED_INPUT_WITH_WEAK_PULLUP                ;        ;                       ;         ; Row I/O    ;                 ; no       ; On           ;
; P19      ; 309        ; 5        ; RESERVED_INPUT_WITH_WEAK_PULLUP                ;        ;                       ;         ; Row I/O    ;                 ; no       ; On           ;
; P20      ; 311        ; 5        ; RESERVED_INPUT_WITH_WEAK_PULLUP                ;        ;                       ;         ; Row I/O    ;                 ; no       ; On           ;
; P21      ; 305        ; 5        ; RESERVED_INPUT_WITH_WEAK_PULLUP                ;        ;                       ;         ; Row I/O    ;                 ; no       ; On           ;
; P22      ; 303        ; 5        ; RESERVED_INPUT_WITH_WEAK_PULLUP                ;        ;                       ;         ; Row I/O    ;                 ; --       ; --           ;
; R1       ; 121        ; 2        ; RESERVED_INPUT_WITH_WEAK_PULLUP                ;        ;                       ;         ; Row I/O    ;                 ; no       ; On           ;
; R2       ; 123        ; 2        ; RESERVED_INPUT_WITH_WEAK_PULLUP                ;        ;                       ;         ; Row I/O    ;                 ; no       ; On           ;
; R3       ; 78         ; 2        ; RESERVED_INPUT_WITH_WEAK_PULLUP                ;        ;                       ;         ; Row I/O    ;                 ; no       ; On           ;
; R4       ; 80         ; 2        ; RESERVED_INPUT_WITH_WEAK_PULLUP                ;        ;                       ;         ; Row I/O    ;                 ; no       ; On           ;
; R5       ; 82         ; 2        ; RESERVED_INPUT_WITH_WEAK_PULLUP                ;        ;                       ;         ; Row I/O    ;                 ; no       ; On           ;
; R6       ;            ; 2        ; VCCIO2                                         ; power  ;                       ; 2.5V    ; --         ;                 ; --       ; --           ;
; R7       ; 98         ; 2        ; RESERVED_INPUT_WITH_WEAK_PULLUP                ;        ;                       ;         ; Row I/O    ;                 ; no       ; On           ;
; R8       ;            ; --       ; VCCA1                                          ; power  ;                       ; 2.5V    ; --         ;                 ; --       ; --           ;
; R9       ; 140        ; 3        ; RESERVED_INPUT_WITH_WEAK_PULLUP                ;        ;                       ;         ; Column I/O ;                 ; no       ; On           ;
; R10      ; 152        ; 3        ; RESERVED_INPUT_WITH_WEAK_PULLUP                ;        ;                       ;         ; Column I/O ;                 ; no       ; On           ;
; R11      ; 164        ; 3        ; rb_clk                                         ; input  ; 2.5 V                 ;         ; Column I/O ; N               ; no       ; Off          ;
; R12      ; 176        ; 4        ; RESERVED_INPUT_WITH_WEAK_PULLUP                ;        ;                       ;         ; Column I/O ;                 ; no       ; On           ;
; R13      ; 196        ; 4        ; RESERVED_INPUT_WITH_WEAK_PULLUP                ;        ;                       ;         ; Column I/O ;                 ; no       ; On           ;
; R14      ; 294        ; 5        ; RESERVED_INPUT_WITH_WEAK_PULLUP                ;        ;                       ;         ; Row I/O    ;                 ; no       ; On           ;
; R15      ; 292        ; 5        ; RESERVED_INPUT_WITH_WEAK_PULLUP                ;        ;                       ;         ; Row I/O    ;                 ; no       ; On           ;
; R16      ;            ; 5        ; VCCIO5                                         ; power  ;                       ; 2.5V    ; --         ;                 ; --       ; --           ;
; R17      ;            ; 5        ; VCCIO5                                         ; power  ;                       ; 2.5V    ; --         ;                 ; --       ; --           ;
; R18      ; 308        ; 5        ; RESERVED_INPUT_WITH_WEAK_PULLUP                ;        ;                       ;         ; Row I/O    ;                 ; no       ; On           ;
; R19      ;            ;          ; GND                                            ; gnd    ;                       ;         ; --         ;                 ; --       ; --           ;
; R20      ; 299        ; 5        ; RESERVED_INPUT_WITH_WEAK_PULLUP                ;        ;                       ;         ; Row I/O    ;                 ; no       ; On           ;
; R21      ;            ;          ; GND                                            ; gnd    ;                       ;         ; --         ;                 ; --       ; --           ;
; R22      ; 301        ; 5        ; RESERVED_INPUT_WITH_WEAK_PULLUP                ;        ;                       ;         ; Row I/O    ;                 ; no       ; On           ;
; T1       ; 81         ; 2        ; RESERVED_INPUT_WITH_WEAK_PULLUP                ;        ;                       ;         ; Row I/O    ;                 ; no       ; On           ;
; T2       ; 83         ; 2        ; RESERVED_INPUT_WITH_WEAK_PULLUP                ;        ;                       ;         ; Row I/O    ;                 ; no       ; On           ;
; T3       ; 88         ; 2        ; RESERVED_INPUT_WITH_WEAK_PULLUP                ;        ;                       ;         ; Row I/O    ;                 ; no       ; On           ;
; T4       ;            ;          ; GND                                            ; gnd    ;                       ;         ; --         ;                 ; --       ; --           ;
; T5       ; 120        ; 2        ; RESERVED_INPUT_WITH_WEAK_PULLUP                ;        ;                       ;         ; Row I/O    ;                 ; no       ; On           ;
; T6       ; 122        ; 2        ; RESERVED_INPUT_WITH_WEAK_PULLUP                ;        ;                       ;         ; Row I/O    ;                 ; no       ; On           ;
; T7       ;            ;          ; VCCD_PLL1                                      ; power  ;                       ; 1.2V    ; --         ;                 ; --       ; --           ;
; T8       ;            ;          ; GND                                            ; gnd    ;                       ;         ; --         ;                 ; --       ; --           ;
; T9       ;            ; 3        ; VCCIO3                                         ; power  ;                       ; 2.5V    ; --         ;                 ; --       ; --           ;
; T10      ;            ; 3        ; VCCIO3                                         ; power  ;                       ; 2.5V    ; --         ;                 ; --       ; --           ;
; T11      ;            ; 3        ; VCCIO3                                         ; power  ;                       ; 2.5V    ; --         ;                 ; --       ; --           ;
; T12      ;            ; 4        ; VCCIO4                                         ; power  ;                       ; 2.5V    ; --         ;                 ; --       ; --           ;
; T13      ;            ; 4        ; VCCIO4                                         ; power  ;                       ; 2.5V    ; --         ;                 ; --       ; --           ;
; T14      ;            ;          ; GND                                            ; gnd    ;                       ;         ; --         ;                 ; --       ; --           ;
; T15      ;            ; --       ; VCCA4                                          ; power  ;                       ; 2.5V    ; --         ;                 ; --       ; --           ;
; T16      ;            ;          ; GND                                            ; gnd    ;                       ;         ; --         ;                 ; --       ; --           ;
; T17      ;            ; 5        ; VCCIO5                                         ; power  ;                       ; 2.5V    ; --         ;                 ; --       ; --           ;
; T18      ; 298        ; 5        ; RESERVED_INPUT_WITH_WEAK_PULLUP                ;        ;                       ;         ; Row I/O    ;                 ; no       ; On           ;
; T19      ; 296        ; 5        ; RESERVED_INPUT_WITH_WEAK_PULLUP                ;        ;                       ;         ; Row I/O    ;                 ; no       ; On           ;
; T20      ; 297        ; 5        ; RESERVED_INPUT_WITH_WEAK_PULLUP                ;        ;                       ;         ; Row I/O    ;                 ; no       ; On           ;
; T21      ; 293        ; 5        ; RESERVED_INPUT_WITH_WEAK_PULLUP                ;        ;                       ;         ; Row I/O    ;                 ; no       ; On           ;
; T22      ; 295        ; 5        ; RESERVED_INPUT_WITH_WEAK_PULLUP                ;        ;                       ;         ; Row I/O    ;                 ; no       ; On           ;
; U1       ; 89         ; 2        ; RESERVED_INPUT_WITH_WEAK_PULLUP                ;        ;                       ;         ; Row I/O    ;                 ; no       ; On           ;
; U2       ; 90         ; 2        ; RESERVED_INPUT_WITH_WEAK_PULLUP                ;        ;                       ;         ; Row I/O    ;                 ; no       ; On           ;
; U3       ; 93         ; 2        ; RESERVED_INPUT_WITH_WEAK_PULLUP                ;        ;                       ;         ; Row I/O    ;                 ; no       ; On           ;
; U4       ; 92         ; 2        ; RESERVED_INPUT_WITH_WEAK_PULLUP                ;        ;                       ;         ; Row I/O    ;                 ; no       ; On           ;
; U5       ; 94         ; 2        ; RESERVED_INPUT_WITH_WEAK_PULLUP                ;        ;                       ;         ; Row I/O    ;                 ; no       ; On           ;
; U6       ; 128        ; 3        ; RESERVED_INPUT_WITH_WEAK_PULLUP                ;        ;                       ;         ; Column I/O ;                 ; no       ; On           ;
; U7       ; 130        ; 3        ; RESERVED_INPUT_WITH_WEAK_PULLUP                ;        ;                       ;         ; Column I/O ;                 ; no       ; On           ;
; U8       ;            ; 3        ; VCCIO3                                         ; power  ;                       ; 2.5V    ; --         ;                 ; --       ; --           ;
; U9       ;            ; 3        ; VCCIO3                                         ; power  ;                       ; 2.5V    ; --         ;                 ; --       ; --           ;
; U10      ;            ;          ; GND                                            ; gnd    ;                       ;         ; --         ;                 ; --       ; --           ;
; U11      ;            ; 4        ; VCCIO4                                         ; power  ;                       ; 2.5V    ; --         ;                 ; --       ; --           ;
; U12      ;            ; 4        ; VCCIO4                                         ; power  ;                       ; 2.5V    ; --         ;                 ; --       ; --           ;
; U13      ;            ;          ; GND                                            ; gnd    ;                       ;         ; --         ;                 ; --       ; --           ;
; U14      ;            ; 4        ; VCCIO4                                         ; power  ;                       ; 2.5V    ; --         ;                 ; --       ; --           ;
; U15      ; 208        ; 4        ; RESERVED_INPUT_WITH_WEAK_PULLUP                ;        ;                       ;         ; Column I/O ;                 ; no       ; On           ;
; U16      ;            ;          ; VCCD_PLL4                                      ; power  ;                       ; 1.2V    ; --         ;                 ; --       ; --           ;
; U17      ; 246        ; 5        ; RESERVED_INPUT_WITH_WEAK_PULLUP                ;        ;                       ;         ; Row I/O    ;                 ; no       ; On           ;
; U18      ; 244        ; 5        ; RESERVED_INPUT_WITH_WEAK_PULLUP                ;        ;                       ;         ; Row I/O    ;                 ; no       ; On           ;
; U19      ; 282        ; 5        ; RESERVED_INPUT_WITH_WEAK_PULLUP                ;        ;                       ;         ; Row I/O    ;                 ; no       ; On           ;
; U20      ; 290        ; 5        ; RESERVED_INPUT_WITH_WEAK_PULLUP                ;        ;                       ;         ; Row I/O    ;                 ; no       ; On           ;
; U21      ; 300        ; 5        ; RESERVED_INPUT_WITH_WEAK_PULLUP                ;        ;                       ;         ; Row I/O    ;                 ; no       ; On           ;
; U22      ; 302        ; 5        ; RESERVED_INPUT_WITH_WEAK_PULLUP                ;        ;                       ;         ; Row I/O    ;                 ; no       ; On           ;
; V1       ; 91         ; 2        ; RESERVED_INPUT_WITH_WEAK_PULLUP                ;        ;                       ;         ; Row I/O    ;                 ; no       ; On           ;
; V2       ;            ;          ; GND                                            ; gnd    ;                       ;         ; --         ;                 ; --       ; --           ;
; V3       ; 95         ; 2        ; RESERVED_INPUT_WITH_WEAK_PULLUP                ;        ;                       ;         ; Row I/O    ;                 ; no       ; On           ;
; V4       ; 125        ; 3        ; RESERVED_INPUT_WITH_WEAK_PULLUP                ;        ;                       ;         ; Column I/O ;                 ; no       ; On           ;
; V5       ; 127        ; 3        ; RESERVED_INPUT_WITH_WEAK_PULLUP                ;        ;                       ;         ; Column I/O ;                 ; no       ; On           ;
; V6       ;            ;          ; GND                                            ; gnd    ;                       ;         ; --         ;                 ; --       ; --           ;
; V7       ; 136        ; 3        ; RESERVED_INPUT_WITH_WEAK_PULLUP                ;        ;                       ;         ; Column I/O ;                 ; no       ; On           ;
; V8       ; 138        ; 3        ; RESERVED_INPUT_WITH_WEAK_PULLUP                ;        ;                       ;         ; Column I/O ;                 ; no       ; On           ;
; V9       ; 160        ; 3        ; usb_rx                                         ; input  ; 2.5 V                 ;         ; Column I/O ; Y               ; no       ; Off          ;
; V10      ; 162        ; 3        ; RESERVED_INPUT_WITH_WEAK_PULLUP                ;        ;                       ;         ; Column I/O ;                 ; no       ; On           ;
; V11      ; 172        ; 4        ; RESERVED_INPUT_WITH_WEAK_PULLUP                ;        ;                       ;         ; Column I/O ;                 ; no       ; On           ;
; V12      ; 174        ; 4        ; RESERVED_INPUT_WITH_WEAK_PULLUP                ;        ;                       ;         ; Column I/O ;                 ; no       ; On           ;
; V13      ; 192        ; 4        ; RESERVED_INPUT_WITH_WEAK_PULLUP                ;        ;                       ;         ; Column I/O ;                 ; no       ; On           ;
; V14      ; 204        ; 4        ; RESERVED_INPUT_WITH_WEAK_PULLUP                ;        ;                       ;         ; Column I/O ;                 ; no       ; On           ;
; V15      ; 216        ; 4        ; RESERVED_INPUT_WITH_WEAK_PULLUP                ;        ;                       ;         ; Column I/O ;                 ; no       ; On           ;
; V16      ; 210        ; 4        ; RESERVED_INPUT_WITH_WEAK_PULLUP                ;        ;                       ;         ; Column I/O ;                 ; no       ; On           ;
; V17      ; 242        ; 4        ; RESERVED_INPUT_WITH_WEAK_PULLUP                ;        ;                       ;         ; Column I/O ;                 ; no       ; On           ;
; V18      ; 280        ; 5        ; RESERVED_INPUT_WITH_WEAK_PULLUP                ;        ;                       ;         ; Row I/O    ;                 ; no       ; On           ;
; V19      ;            ;          ; GND                                            ; gnd    ;                       ;         ; --         ;                 ; --       ; --           ;
; V20      ; 288        ; 5        ; RESERVED_INPUT_WITH_WEAK_PULLUP                ;        ;                       ;         ; Row I/O    ;                 ; no       ; On           ;
; V21      ; 289        ; 5        ; RESERVED_INPUT_WITH_WEAK_PULLUP                ;        ;                       ;         ; Row I/O    ;                 ; no       ; On           ;
; V22      ; 291        ; 5        ; RESERVED_INPUT_WITH_WEAK_PULLUP                ;        ;                       ;         ; Row I/O    ;                 ; no       ; On           ;
; W1       ; 97         ; 2        ; RESERVED_INPUT_WITH_WEAK_PULLUP                ;        ;                       ;         ; Row I/O    ;                 ; no       ; On           ;
; W2       ; 99         ; 2        ; RESERVED_INPUT_WITH_WEAK_PULLUP                ;        ;                       ;         ; Row I/O    ;                 ; no       ; On           ;
; W3       ; 134        ; 3        ; RESERVED_INPUT_WITH_WEAK_PULLUP                ;        ;                       ;         ; Column I/O ;                 ; no       ; On           ;
; W4       ; 132        ; 3        ; RESERVED_INPUT_WITH_WEAK_PULLUP                ;        ;                       ;         ; Column I/O ;                 ; no       ; On           ;
; W5       ; 124        ; 3        ; RESERVED_INPUT_WITH_WEAK_PULLUP                ;        ;                       ;         ; Column I/O ;                 ; no       ; On           ;
; W6       ; 126        ; 3        ; RESERVED_INPUT_WITH_WEAK_PULLUP                ;        ;                       ;         ; Column I/O ;                 ; no       ; On           ;
; W7       ; 148        ; 3        ; RESERVED_INPUT_WITH_WEAK_PULLUP                ;        ;                       ;         ; Column I/O ;                 ; no       ; On           ;
; W8       ; 150        ; 3        ; channel[1]                                     ; output ; 2.5 V                 ;         ; Column I/O ; N               ; no       ; Off          ;
; W9       ; 144        ; 3        ; usb_tx                                         ; output ; 2.5 V                 ;         ; Column I/O ; Y               ; no       ; Off          ;
; W10      ; 146        ; 3        ; RESERVED_INPUT_WITH_WEAK_PULLUP                ;        ;                       ;         ; Column I/O ;                 ; no       ; On           ;
; W11      ; 173        ; 4        ; RESERVED_INPUT_WITH_WEAK_PULLUP                ;        ;                       ;         ; Column I/O ;                 ; no       ; On           ;
; W12      ; 193        ; 4        ; RESERVED_INPUT_WITH_WEAK_PULLUP                ;        ;                       ;         ; Column I/O ;                 ; no       ; On           ;
; W13      ; 195        ; 4        ; RESERVED_INPUT_WITH_WEAK_PULLUP                ;        ;                       ;         ; Column I/O ;                 ; no       ; On           ;
; W14      ; 194        ; 4        ; RESERVED_INPUT_WITH_WEAK_PULLUP                ;        ;                       ;         ; Column I/O ;                 ; no       ; On           ;
; W15      ; 206        ; 4        ; RESERVED_INPUT_WITH_WEAK_PULLUP                ;        ;                       ;         ; Column I/O ;                 ; no       ; On           ;
; W16      ; 218        ; 4        ; RESERVED_INPUT_WITH_WEAK_PULLUP                ;        ;                       ;         ; Column I/O ;                 ; no       ; On           ;
; W17      ; 240        ; 4        ; RESERVED_INPUT_WITH_WEAK_PULLUP                ;        ;                       ;         ; Column I/O ;                 ; no       ; On           ;
; W18      ; 226        ; 4        ; RESERVED_INPUT_WITH_WEAK_PULLUP                ;        ;                       ;         ; Column I/O ;                 ; no       ; On           ;
; W19      ; 284        ; 5        ; RESERVED_INPUT_WITH_WEAK_PULLUP                ;        ;                       ;         ; Row I/O    ;                 ; no       ; On           ;
; W20      ; 286        ; 5        ; RESERVED_INPUT_WITH_WEAK_PULLUP                ;        ;                       ;         ; Row I/O    ;                 ; no       ; On           ;
; W21      ;            ;          ; GND                                            ; gnd    ;                       ;         ; --         ;                 ; --       ; --           ;
; W22      ; 283        ; 5        ; RESERVED_INPUT_WITH_WEAK_PULLUP                ;        ;                       ;         ; Row I/O    ;                 ; no       ; On           ;
; Y1       ; 129        ; 3        ; RESERVED_INPUT_WITH_WEAK_PULLUP                ;        ;                       ;         ; Column I/O ;                 ; no       ; On           ;
; Y2       ; 131        ; 3        ; RESERVED_INPUT_WITH_WEAK_PULLUP                ;        ;                       ;         ; Column I/O ;                 ; no       ; On           ;
; Y3       ; 149        ; 3        ; RESERVED_INPUT_WITH_WEAK_PULLUP                ;        ;                       ;         ; Column I/O ;                 ; no       ; On           ;
; Y4       ; 151        ; 3        ; RESERVED_INPUT_WITH_WEAK_PULLUP                ;        ;                       ;         ; Column I/O ;                 ; no       ; On           ;
; Y5       ; 137        ; 3        ; RESERVED_INPUT_WITH_WEAK_PULLUP                ;        ;                       ;         ; Column I/O ;                 ; no       ; On           ;
; Y6       ; 139        ; 3        ; RESERVED_INPUT_WITH_WEAK_PULLUP                ;        ;                       ;         ; Column I/O ;                 ; no       ; On           ;
; Y7       ; 141        ; 3        ; RESERVED_INPUT_WITH_WEAK_PULLUP                ;        ;                       ;         ; Column I/O ;                 ; no       ; On           ;
; Y8       ; 143        ; 3        ; RESERVED_INPUT_WITH_WEAK_PULLUP                ;        ;                       ;         ; Column I/O ;                 ; no       ; On           ;
; Y9       ;            ;          ; GND                                            ; gnd    ;                       ;         ; --         ;                 ; --       ; --           ;
; Y10      ; 168        ; 3        ; RESERVED_INPUT_WITH_WEAK_PULLUP                ;        ;                       ;         ; Column I/O ;                 ; no       ; On           ;
; Y11      ; 175        ; 4        ; RESERVED_INPUT_WITH_WEAK_PULLUP                ;        ;                       ;         ; Column I/O ;                 ; no       ; On           ;
; Y12      ;            ;          ; GND                                            ; gnd    ;                       ;         ; --         ;                 ; --       ; --           ;
; Y13      ; 200        ; 4        ; RESERVED_INPUT_WITH_WEAK_PULLUP                ;        ;                       ;         ; Column I/O ;                 ; no       ; On           ;
; Y14      ; 202        ; 4        ; RESERVED_INPUT_WITH_WEAK_PULLUP                ;        ;                       ;         ; Column I/O ;                 ; no       ; On           ;
; Y15      ;            ;          ; GND                                            ; gnd    ;                       ;         ; --         ;                 ; --       ; --           ;
; Y16      ; 207        ; 4        ; RESERVED_INPUT_WITH_WEAK_PULLUP                ;        ;                       ;         ; Column I/O ;                 ; no       ; On           ;
; Y17      ; 214        ; 4        ; RESERVED_INPUT_WITH_WEAK_PULLUP                ;        ;                       ;         ; Column I/O ;                 ; no       ; On           ;
; Y18      ; 219        ; 4        ; RESERVED_INPUT_WITH_WEAK_PULLUP                ;        ;                       ;         ; Column I/O ;                 ; no       ; On           ;
; Y19      ; 224        ; 4        ; RESERVED_INPUT_WITH_WEAK_PULLUP                ;        ;                       ;         ; Column I/O ;                 ; no       ; On           ;
; Y20      ; 285        ; 5        ; RESERVED_INPUT_WITH_WEAK_PULLUP                ;        ;                       ;         ; Row I/O    ;                 ; no       ; On           ;
; Y21      ; 287        ; 5        ; RESERVED_INPUT_WITH_WEAK_PULLUP                ;        ;                       ;         ; Row I/O    ;                 ; no       ; On           ;
; Y22      ; 281        ; 5        ; RESERVED_INPUT_WITH_WEAK_PULLUP                ;        ;                       ;         ; Row I/O    ;                 ; no       ; On           ;
+----------+------------+----------+------------------------------------------------+--------+-----------------------+---------+------------+-----------------+----------+--------------+
Note: Pin directions (input, output or bidir) are based on device operating in user mode.


+---------------------------------------------------------------------------------------------------------------------------------------------------------------------------------------------------------------------------+
; PLL Summary                                                                                                                                                                                                               ;
+-------------------------------+----------------------------------------------------------------------------------------------+--------------------------------------------------------------------------------------------+
; Name                          ; clk_pll_50_to_400:wiz_2|altpll:altpll_component|clk_pll_50_to_400_altpll:auto_generated|pll1 ; clk_pll_10_to_50:wiz_1|altpll:altpll_component|clk_pll_10_to_50_altpll:auto_generated|pll1 ;
+-------------------------------+----------------------------------------------------------------------------------------------+--------------------------------------------------------------------------------------------+
; SDC pin name                  ; wiz_2|altpll_component|auto_generated|pll1                                                   ; wiz_1|altpll_component|auto_generated|pll1                                                 ;
; PLL mode                      ; Normal                                                                                       ; No compensation                                                                            ;
; Compensate clock              ; clock0                                                                                       ; --                                                                                         ;
; Compensated input/output pins ; --                                                                                           ; --                                                                                         ;
; Switchover type               ; Manual                                                                                       ; --                                                                                         ;
; Input frequency 0             ; 50.0 MHz                                                                                     ; 10.0 MHz                                                                                   ;
; Input frequency 1             ; 50.0 MHz                                                                                     ; --                                                                                         ;
; Nominal PFD frequency         ; 50.0 MHz                                                                                     ; 10.0 MHz                                                                                   ;
; Nominal VCO frequency         ; 400.0 MHz                                                                                    ; 400.0 MHz                                                                                  ;
; VCO post scale K counter      ; 2                                                                                            ; 2                                                                                          ;
; VCO frequency control         ; Auto                                                                                         ; Auto                                                                                       ;
; VCO phase shift step          ; 312 ps                                                                                       ; 312 ps                                                                                     ;
; VCO multiply                  ; --                                                                                           ; --                                                                                         ;
; VCO divide                    ; --                                                                                           ; --                                                                                         ;
; Freq min lock                 ; 37.5 MHz                                                                                     ; 7.5 MHz                                                                                    ;
; Freq max lock                 ; 81.27 MHz                                                                                    ; 16.25 MHz                                                                                  ;
; M VCO Tap                     ; 0                                                                                            ; 0                                                                                          ;
; M Initial                     ; 1                                                                                            ; 1                                                                                          ;
; M value                       ; 8                                                                                            ; 40                                                                                         ;
; N value                       ; 1                                                                                            ; 1                                                                                          ;
; Charge pump current           ; setting 1                                                                                    ; setting 1                                                                                  ;
; Loop filter resistance        ; setting 27                                                                                   ; setting 20                                                                                 ;
; Loop filter capacitance       ; setting 0                                                                                    ; setting 0                                                                                  ;
; Bandwidth                     ; 1.03 MHz to 1.97 MHz                                                                         ; 450 kHz to 590 kHz                                                                         ;
; Bandwidth type                ; Medium                                                                                       ; Medium                                                                                     ;
; Real time reconfigurable      ; Off                                                                                          ; Off                                                                                        ;
; Scan chain MIF file           ; --                                                                                           ; --                                                                                         ;
; Preserve PLL counter order    ; Off                                                                                          ; Off                                                                                        ;
; PLL location                  ; PLL_1                                                                                        ; PLL_3                                                                                      ;
; Inclk0 signal                 ; clk50                                                                                        ; rb_clk                                                                                     ;
; Inclk1 signal                 ; rb_clk                                                                                       ; --                                                                                         ;
; Inclk0 signal type            ; Dedicated Pin                                                                                ; Global Clock                                                                               ;
; Inclk1 signal type            ; Dedicated Pin                                                                                ; --                                                                                         ;
+-------------------------------+----------------------------------------------------------------------------------------------+--------------------------------------------------------------------------------------------+


+--------------------------------------------------------------------------------------------------------------------------------------------------------------------------------------------------------------------------------------------------------------------------------------------------------------------------------------+
; PLL Usage                                                                                                                                                                                                                                                                                                                            ;
+----------------------------------------------------------------------------------------------------------+--------------+------+-----+------------------+-------------+------------------+------------+---------+---------------+------------+---------------+---------+---------+---------------------------------------------------+
; Name                                                                                                     ; Output Clock ; Mult ; Div ; Output Frequency ; Phase Shift ; Phase Shift Step ; Duty Cycle ; Counter ; Counter Value ; High / Low ; Cascade Input ; Initial ; VCO Tap ; SDC Pin Name                                      ;
+----------------------------------------------------------------------------------------------------------+--------------+------+-----+------------------+-------------+------------------+------------+---------+---------------+------------+---------------+---------+---------+---------------------------------------------------+
; clk_pll_50_to_400:wiz_2|altpll:altpll_component|clk_pll_50_to_400_altpll:auto_generated|wire_pll1_clk[0] ; clock0       ; 2    ; 1   ; 100.0 MHz        ; 0 (0 ps)    ; 11.25 (312 ps)   ; 50/50      ; C0      ; 4             ; 2/2 Even   ; --            ; 1       ; 0       ; wiz_2|altpll_component|auto_generated|pll1|clk[0] ;
; clk_pll_50_to_400:wiz_2|altpll:altpll_component|clk_pll_50_to_400_altpll:auto_generated|wire_pll1_clk[1] ; clock1       ; 8    ; 1   ; 400.0 MHz        ; 0 (0 ps)    ; 45.00 (312 ps)   ; 50/50      ; C1      ; Bypass        ; --         ; --            ; 1       ; 0       ; wiz_2|altpll_component|auto_generated|pll1|clk[1] ;
+----------------------------------------------------------------------------------------------------------+--------------+------+-----+------------------+-------------+------------------+------------+---------+---------------+------------+---------------+---------+---------+---------------------------------------------------+


+--------------------------------------------+
; I/O Assignment Warnings                    ;
+------------+-------------------------------+
; Pin Name   ; Reason                        ;
+------------+-------------------------------+
; usb_tx     ; Incomplete set of assignments ;
; clkled     ; Incomplete set of assignments ;
; startled   ; Incomplete set of assignments ;
; trigled    ; Incomplete set of assignments ;
; channel[0] ; Incomplete set of assignments ;
; channel[1] ; Incomplete set of assignments ;
; channel[2] ; Incomplete set of assignments ;
; channel[3] ; Incomplete set of assignments ;
; led        ; Incomplete set of assignments ;
; led_arr[0] ; Incomplete set of assignments ;
; led_arr[1] ; Incomplete set of assignments ;
; led_arr[2] ; Incomplete set of assignments ;
; led_arr[3] ; Incomplete set of assignments ;
; led_arr[4] ; Incomplete set of assignments ;
; led_arr[5] ; Incomplete set of assignments ;
; led_arr[6] ; Incomplete set of assignments ;
; led_arr[7] ; Incomplete set of assignments ;
; rb_clk     ; Incomplete set of assignments ;
; clk50      ; Incomplete set of assignments ;
; trig       ; Incomplete set of assignments ;
; usb_rx     ; Incomplete set of assignments ;
; clkled     ; Missing location assignment   ;
; startled   ; Missing location assignment   ;
; trigled    ; Missing location assignment   ;
; channel[0] ; Missing location assignment   ;
; channel[1] ; Missing location assignment   ;
; channel[2] ; Missing location assignment   ;
; channel[3] ; Missing location assignment   ;
; led        ; Missing location assignment   ;
; rb_clk     ; Missing location assignment   ;
; trig       ; Missing location assignment   ;
+------------+-------------------------------+


+-----------------------------------------------------------------------------------------------------------------------------------------------------------------------------------------------------------------------------------------------------------------------------------------------------------------------------------------------------------------------------------------------------------------------------------+
; Fitter Resource Utilization by Entity                                                                                                                                                                                                                                                                                                                                                                                             ;
+----------------------------------------------------+-------------+---------------------------+---------------+-------------+------+------------+--------------+---------+-----------+------+--------------+--------------+-------------------+------------------+------------+----------------------------------------------------------------------------------------------------------+--------------------------+--------------+
; Compilation Hierarchy Node                         ; Logic Cells ; Dedicated Logic Registers ; I/O Registers ; Memory Bits ; M9Ks ; UFM Blocks ; DSP Elements ; DSP 9x9 ; DSP 18x18 ; Pins ; Virtual Pins ; LUT-Only LCs ; Register-Only LCs ; LUT/Register LCs ; ADC blocks ; Full Hierarchy Name                                                                                      ; Entity Name              ; Library Name ;
+----------------------------------------------------+-------------+---------------------------+---------------+-------------+------+------------+--------------+---------+-----------+------+--------------+--------------+-------------------+------------------+------------+----------------------------------------------------------------------------------------------------------+--------------------------+--------------+
; |pulseController                                   ; 3173 (752)  ; 2222 (404)                ; 0 (0)         ; 128         ; 1    ; 1          ; 0            ; 0       ; 0         ; 21   ; 0            ; 951 (352)    ; 714 (39)          ; 1508 (362)       ; 0          ; |pulseController                                                                                         ; pulseController          ; work         ;
;    |async_fifo_8:u_rb_fifo|                        ; 64 (64)     ; 55 (55)                   ; 0 (0)         ; 128         ; 1    ; 0          ; 0            ; 0       ; 0         ; 0    ; 0            ; 9 (9)        ; 18 (18)           ; 37 (37)          ; 0          ; |pulseController|async_fifo_8:u_rb_fifo                                                                  ; async_fifo_8             ; work         ;
;       |altsyncram:mem_rtl_0|                       ; 0 (0)       ; 0 (0)                     ; 0 (0)         ; 128         ; 1    ; 0          ; 0            ; 0       ; 0         ; 0    ; 0            ; 0 (0)        ; 0 (0)             ; 0 (0)            ; 0          ; |pulseController|async_fifo_8:u_rb_fifo|altsyncram:mem_rtl_0                                             ; altsyncram               ; work         ;
;          |altsyncram_pmd1:auto_generated|          ; 0 (0)       ; 0 (0)                     ; 0 (0)         ; 128         ; 1    ; 0          ; 0            ; 0       ; 0         ; 0    ; 0            ; 0 (0)        ; 0 (0)             ; 0 (0)            ; 0          ; |pulseController|async_fifo_8:u_rb_fifo|altsyncram:mem_rtl_0|altsyncram_pmd1:auto_generated              ; altsyncram_pmd1          ; work         ;
;    |clk_pll_10_to_50:wiz_1|                        ; 0 (0)       ; 0 (0)                     ; 0 (0)         ; 0           ; 0    ; 0          ; 0            ; 0       ; 0         ; 0    ; 0            ; 0 (0)        ; 0 (0)             ; 0 (0)            ; 0          ; |pulseController|clk_pll_10_to_50:wiz_1                                                                  ; clk_pll_10_to_50         ; work         ;
;       |altpll:altpll_component|                    ; 0 (0)       ; 0 (0)                     ; 0 (0)         ; 0           ; 0    ; 0          ; 0            ; 0       ; 0         ; 0    ; 0            ; 0 (0)        ; 0 (0)             ; 0 (0)            ; 0          ; |pulseController|clk_pll_10_to_50:wiz_1|altpll:altpll_component                                          ; altpll                   ; work         ;
;          |clk_pll_10_to_50_altpll:auto_generated|  ; 0 (0)       ; 0 (0)                     ; 0 (0)         ; 0           ; 0    ; 0          ; 0            ; 0       ; 0         ; 0    ; 0            ; 0 (0)        ; 0 (0)             ; 0 (0)            ; 0          ; |pulseController|clk_pll_10_to_50:wiz_1|altpll:altpll_component|clk_pll_10_to_50_altpll:auto_generated   ; clk_pll_10_to_50_altpll  ; work         ;
;    |clk_pll_50_to_400:wiz_2|                       ; 0 (0)       ; 0 (0)                     ; 0 (0)         ; 0           ; 0    ; 0          ; 0            ; 0       ; 0         ; 0    ; 0            ; 0 (0)        ; 0 (0)             ; 0 (0)            ; 0          ; |pulseController|clk_pll_50_to_400:wiz_2                                                                 ; clk_pll_50_to_400        ; work         ;
;       |altpll:altpll_component|                    ; 0 (0)       ; 0 (0)                     ; 0 (0)         ; 0           ; 0    ; 0          ; 0            ; 0       ; 0         ; 0    ; 0            ; 0 (0)        ; 0 (0)             ; 0 (0)            ; 0          ; |pulseController|clk_pll_50_to_400:wiz_2|altpll:altpll_component                                         ; altpll                   ; work         ;
;          |clk_pll_50_to_400_altpll:auto_generated| ; 0 (0)       ; 0 (0)                     ; 0 (0)         ; 0           ; 0    ; 0          ; 0            ; 0       ; 0         ; 0    ; 0            ; 0 (0)        ; 0 (0)             ; 0 (0)            ; 0          ; |pulseController|clk_pll_50_to_400:wiz_2|altpll:altpll_component|clk_pll_50_to_400_altpll:auto_generated ; clk_pll_50_to_400_altpll ; work         ;
;    |instructionHandler:u_ins|                      ; 9 (9)       ; 0 (0)                     ; 0 (0)         ; 0           ; 0    ; 0          ; 0            ; 0       ; 0         ; 0    ; 0            ; 3 (3)        ; 0 (0)             ; 6 (6)            ; 0          ; |pulseController|instructionHandler:u_ins                                                                ; instructionHandler       ; work         ;
;    |memory4c:u_delays|                             ; 404 (79)    ; 264 (8)                   ; 0 (0)         ; 0           ; 0    ; 0          ; 0            ; 0       ; 0         ; 0    ; 0            ; 140 (71)     ; 44 (0)            ; 220 (99)         ; 0          ; |pulseController|memory4c:u_delays                                                                       ; memory4c                 ; work         ;
;       |deMux8:gen_blockMux[0].blockMux|            ; 37 (0)      ; 0 (0)                     ; 0 (0)         ; 0           ; 0    ; 0          ; 0            ; 0       ; 0         ; 0    ; 0            ; 6 (0)        ; 0 (0)             ; 31 (0)           ; 0          ; |pulseController|memory4c:u_delays|deMux8:gen_blockMux[0].blockMux                                       ; deMux8                   ; work         ;
;          |deMux4:l1|                               ; 20 (0)      ; 0 (0)                     ; 0 (0)         ; 0           ; 0    ; 0          ; 0            ; 0       ; 0         ; 0    ; 0            ; 3 (0)        ; 0 (0)             ; 17 (0)           ; 0          ; |pulseController|memory4c:u_delays|deMux8:gen_blockMux[0].blockMux|deMux4:l1                             ; deMux4                   ; work         ;
;             |deMux:first|                          ; 20 (0)      ; 0 (0)                     ; 0 (0)         ; 0           ; 0    ; 0          ; 0            ; 0       ; 0         ; 0    ; 0            ; 3 (0)        ; 0 (0)             ; 17 (0)           ; 0          ; |pulseController|memory4c:u_delays|deMux8:gen_blockMux[0].blockMux|deMux4:l1|deMux:first                 ; deMux                    ; work         ;
;                |deMuxBase:u[0]|                    ; 6 (6)       ; 0 (0)                     ; 0 (0)         ; 0           ; 0    ; 0          ; 0            ; 0       ; 0         ; 0    ; 0            ; 3 (3)        ; 0 (0)             ; 3 (3)            ; 0          ; |pulseController|memory4c:u_delays|deMux8:gen_blockMux[0].blockMux|deMux4:l1|deMux:first|deMuxBase:u[0]  ; deMuxBase                ; work         ;
;                |deMuxBase:u[1]|                    ; 2 (2)       ; 0 (0)                     ; 0 (0)         ; 0           ; 0    ; 0          ; 0            ; 0       ; 0         ; 0    ; 0            ; 0 (0)        ; 0 (0)             ; 2 (2)            ; 0          ; |pulseController|memory4c:u_delays|deMux8:gen_blockMux[0].blockMux|deMux4:l1|deMux:first|deMuxBase:u[1]  ; deMuxBase                ; work         ;
;                |deMuxBase:u[2]|                    ; 2 (2)       ; 0 (0)                     ; 0 (0)         ; 0           ; 0    ; 0          ; 0            ; 0       ; 0         ; 0    ; 0            ; 0 (0)        ; 0 (0)             ; 2 (2)            ; 0          ; |pulseController|memory4c:u_delays|deMux8:gen_blockMux[0].blockMux|deMux4:l1|deMux:first|deMuxBase:u[2]  ; deMuxBase                ; work         ;
;                |deMuxBase:u[3]|                    ; 2 (2)       ; 0 (0)                     ; 0 (0)         ; 0           ; 0    ; 0          ; 0            ; 0       ; 0         ; 0    ; 0            ; 0 (0)        ; 0 (0)             ; 2 (2)            ; 0          ; |pulseController|memory4c:u_delays|deMux8:gen_blockMux[0].blockMux|deMux4:l1|deMux:first|deMuxBase:u[3]  ; deMuxBase                ; work         ;
;                |deMuxBase:u[4]|                    ; 2 (2)       ; 0 (0)                     ; 0 (0)         ; 0           ; 0    ; 0          ; 0            ; 0       ; 0         ; 0    ; 0            ; 0 (0)        ; 0 (0)             ; 2 (2)            ; 0          ; |pulseController|memory4c:u_delays|deMux8:gen_blockMux[0].blockMux|deMux4:l1|deMux:first|deMuxBase:u[4]  ; deMuxBase                ; work         ;
;                |deMuxBase:u[5]|                    ; 2 (2)       ; 0 (0)                     ; 0 (0)         ; 0           ; 0    ; 0          ; 0            ; 0       ; 0         ; 0    ; 0            ; 0 (0)        ; 0 (0)             ; 2 (2)            ; 0          ; |pulseController|memory4c:u_delays|deMux8:gen_blockMux[0].blockMux|deMux4:l1|deMux:first|deMuxBase:u[5]  ; deMuxBase                ; work         ;
;                |deMuxBase:u[6]|                    ; 2 (2)       ; 0 (0)                     ; 0 (0)         ; 0           ; 0    ; 0          ; 0            ; 0       ; 0         ; 0    ; 0            ; 0 (0)        ; 0 (0)             ; 2 (2)            ; 0          ; |pulseController|memory4c:u_delays|deMux8:gen_blockMux[0].blockMux|deMux4:l1|deMux:first|deMuxBase:u[6]  ; deMuxBase                ; work         ;
;                |deMuxBase:u[7]|                    ; 2 (2)       ; 0 (0)                     ; 0 (0)         ; 0           ; 0    ; 0          ; 0            ; 0       ; 0         ; 0    ; 0            ; 0 (0)        ; 0 (0)             ; 2 (2)            ; 0          ; |pulseController|memory4c:u_delays|deMux8:gen_blockMux[0].blockMux|deMux4:l1|deMux:first|deMuxBase:u[7]  ; deMuxBase                ; work         ;
;          |deMux4:l2|                               ; 17 (0)      ; 0 (0)                     ; 0 (0)         ; 0           ; 0    ; 0          ; 0            ; 0       ; 0         ; 0    ; 0            ; 3 (0)        ; 0 (0)             ; 14 (0)           ; 0          ; |pulseController|memory4c:u_delays|deMux8:gen_blockMux[0].blockMux|deMux4:l2                             ; deMux4                   ; work         ;
;             |deMux:first|                          ; 17 (0)      ; 0 (0)                     ; 0 (0)         ; 0           ; 0    ; 0          ; 0            ; 0       ; 0         ; 0    ; 0            ; 3 (0)        ; 0 (0)             ; 14 (0)           ; 0          ; |pulseController|memory4c:u_delays|deMux8:gen_blockMux[0].blockMux|deMux4:l2|deMux:first                 ; deMux                    ; work         ;
;                |deMuxBase:u[0]|                    ; 3 (3)       ; 0 (0)                     ; 0 (0)         ; 0           ; 0    ; 0          ; 0            ; 0       ; 0         ; 0    ; 0            ; 1 (1)        ; 0 (0)             ; 2 (2)            ; 0          ; |pulseController|memory4c:u_delays|deMux8:gen_blockMux[0].blockMux|deMux4:l2|deMux:first|deMuxBase:u[0]  ; deMuxBase                ; work         ;
;                |deMuxBase:u[1]|                    ; 2 (2)       ; 0 (0)                     ; 0 (0)         ; 0           ; 0    ; 0          ; 0            ; 0       ; 0         ; 0    ; 0            ; 1 (1)        ; 0 (0)             ; 1 (1)            ; 0          ; |pulseController|memory4c:u_delays|deMux8:gen_blockMux[0].blockMux|deMux4:l2|deMux:first|deMuxBase:u[1]  ; deMuxBase                ; work         ;
;                |deMuxBase:u[2]|                    ; 2 (2)       ; 0 (0)                     ; 0 (0)         ; 0           ; 0    ; 0          ; 0            ; 0       ; 0         ; 0    ; 0            ; 0 (0)        ; 0 (0)             ; 2 (2)            ; 0          ; |pulseController|memory4c:u_delays|deMux8:gen_blockMux[0].blockMux|deMux4:l2|deMux:first|deMuxBase:u[2]  ; deMuxBase                ; work         ;
;                |deMuxBase:u[3]|                    ; 2 (2)       ; 0 (0)                     ; 0 (0)         ; 0           ; 0    ; 0          ; 0            ; 0       ; 0         ; 0    ; 0            ; 0 (0)        ; 0 (0)             ; 2 (2)            ; 0          ; |pulseController|memory4c:u_delays|deMux8:gen_blockMux[0].blockMux|deMux4:l2|deMux:first|deMuxBase:u[3]  ; deMuxBase                ; work         ;
;                |deMuxBase:u[4]|                    ; 2 (2)       ; 0 (0)                     ; 0 (0)         ; 0           ; 0    ; 0          ; 0            ; 0       ; 0         ; 0    ; 0            ; 0 (0)        ; 0 (0)             ; 2 (2)            ; 0          ; |pulseController|memory4c:u_delays|deMux8:gen_blockMux[0].blockMux|deMux4:l2|deMux:first|deMuxBase:u[4]  ; deMuxBase                ; work         ;
;                |deMuxBase:u[5]|                    ; 2 (2)       ; 0 (0)                     ; 0 (0)         ; 0           ; 0    ; 0          ; 0            ; 0       ; 0         ; 0    ; 0            ; 1 (1)        ; 0 (0)             ; 1 (1)            ; 0          ; |pulseController|memory4c:u_delays|deMux8:gen_blockMux[0].blockMux|deMux4:l2|deMux:first|deMuxBase:u[5]  ; deMuxBase                ; work         ;
;                |deMuxBase:u[6]|                    ; 2 (2)       ; 0 (0)                     ; 0 (0)         ; 0           ; 0    ; 0          ; 0            ; 0       ; 0         ; 0    ; 0            ; 0 (0)        ; 0 (0)             ; 2 (2)            ; 0          ; |pulseController|memory4c:u_delays|deMux8:gen_blockMux[0].blockMux|deMux4:l2|deMux:first|deMuxBase:u[6]  ; deMuxBase                ; work         ;
;                |deMuxBase:u[7]|                    ; 2 (2)       ; 0 (0)                     ; 0 (0)         ; 0           ; 0    ; 0          ; 0            ; 0       ; 0         ; 0    ; 0            ; 0 (0)        ; 0 (0)             ; 2 (2)            ; 0          ; |pulseController|memory4c:u_delays|deMux8:gen_blockMux[0].blockMux|deMux4:l2|deMux:first|deMuxBase:u[7]  ; deMuxBase                ; work         ;
;       |deMux8:gen_blockMux[1].blockMux|            ; 35 (0)      ; 0 (0)                     ; 0 (0)         ; 0           ; 0    ; 0          ; 0            ; 0       ; 0         ; 0    ; 0            ; 9 (0)        ; 0 (0)             ; 26 (0)           ; 0          ; |pulseController|memory4c:u_delays|deMux8:gen_blockMux[1].blockMux                                       ; deMux8                   ; work         ;
;          |deMux4:l1|                               ; 16 (0)      ; 0 (0)                     ; 0 (0)         ; 0           ; 0    ; 0          ; 0            ; 0       ; 0         ; 0    ; 0            ; 7 (0)        ; 0 (0)             ; 9 (0)            ; 0          ; |pulseController|memory4c:u_delays|deMux8:gen_blockMux[1].blockMux|deMux4:l1                             ; deMux4                   ; work         ;
;             |deMux:first|                          ; 16 (0)      ; 0 (0)                     ; 0 (0)         ; 0           ; 0    ; 0          ; 0            ; 0       ; 0         ; 0    ; 0            ; 7 (0)        ; 0 (0)             ; 9 (0)            ; 0          ; |pulseController|memory4c:u_delays|deMux8:gen_blockMux[1].blockMux|deMux4:l1|deMux:first                 ; deMux                    ; work         ;
;                |deMuxBase:u[0]|                    ; 2 (2)       ; 0 (0)                     ; 0 (0)         ; 0           ; 0    ; 0          ; 0            ; 0       ; 0         ; 0    ; 0            ; 1 (1)        ; 0 (0)             ; 1 (1)            ; 0          ; |pulseController|memory4c:u_delays|deMux8:gen_blockMux[1].blockMux|deMux4:l1|deMux:first|deMuxBase:u[0]  ; deMuxBase                ; work         ;
;                |deMuxBase:u[1]|                    ; 2 (2)       ; 0 (0)                     ; 0 (0)         ; 0           ; 0    ; 0          ; 0            ; 0       ; 0         ; 0    ; 0            ; 1 (1)        ; 0 (0)             ; 1 (1)            ; 0          ; |pulseController|memory4c:u_delays|deMux8:gen_blockMux[1].blockMux|deMux4:l1|deMux:first|deMuxBase:u[1]  ; deMuxBase                ; work         ;
;                |deMuxBase:u[2]|                    ; 2 (2)       ; 0 (0)                     ; 0 (0)         ; 0           ; 0    ; 0          ; 0            ; 0       ; 0         ; 0    ; 0            ; 1 (1)        ; 0 (0)             ; 1 (1)            ; 0          ; |pulseController|memory4c:u_delays|deMux8:gen_blockMux[1].blockMux|deMux4:l1|deMux:first|deMuxBase:u[2]  ; deMuxBase                ; work         ;
;                |deMuxBase:u[3]|                    ; 2 (2)       ; 0 (0)                     ; 0 (0)         ; 0           ; 0    ; 0          ; 0            ; 0       ; 0         ; 0    ; 0            ; 1 (1)        ; 0 (0)             ; 1 (1)            ; 0          ; |pulseController|memory4c:u_delays|deMux8:gen_blockMux[1].blockMux|deMux4:l1|deMux:first|deMuxBase:u[3]  ; deMuxBase                ; work         ;
;                |deMuxBase:u[4]|                    ; 2 (2)       ; 0 (0)                     ; 0 (0)         ; 0           ; 0    ; 0          ; 0            ; 0       ; 0         ; 0    ; 0            ; 0 (0)        ; 0 (0)             ; 2 (2)            ; 0          ; |pulseController|memory4c:u_delays|deMux8:gen_blockMux[1].blockMux|deMux4:l1|deMux:first|deMuxBase:u[4]  ; deMuxBase                ; work         ;
;                |deMuxBase:u[5]|                    ; 2 (2)       ; 0 (0)                     ; 0 (0)         ; 0           ; 0    ; 0          ; 0            ; 0       ; 0         ; 0    ; 0            ; 2 (2)        ; 0 (0)             ; 0 (0)            ; 0          ; |pulseController|memory4c:u_delays|deMux8:gen_blockMux[1].blockMux|deMux4:l1|deMux:first|deMuxBase:u[5]  ; deMuxBase                ; work         ;
;                |deMuxBase:u[6]|                    ; 2 (2)       ; 0 (0)                     ; 0 (0)         ; 0           ; 0    ; 0          ; 0            ; 0       ; 0         ; 0    ; 0            ; 0 (0)        ; 0 (0)             ; 2 (2)            ; 0          ; |pulseController|memory4c:u_delays|deMux8:gen_blockMux[1].blockMux|deMux4:l1|deMux:first|deMuxBase:u[6]  ; deMuxBase                ; work         ;
;                |deMuxBase:u[7]|                    ; 2 (2)       ; 0 (0)                     ; 0 (0)         ; 0           ; 0    ; 0          ; 0            ; 0       ; 0         ; 0    ; 0            ; 1 (1)        ; 0 (0)             ; 1 (1)            ; 0          ; |pulseController|memory4c:u_delays|deMux8:gen_blockMux[1].blockMux|deMux4:l1|deMux:first|deMuxBase:u[7]  ; deMuxBase                ; work         ;
;          |deMux4:l2|                               ; 19 (0)      ; 0 (0)                     ; 0 (0)         ; 0           ; 0    ; 0          ; 0            ; 0       ; 0         ; 0    ; 0            ; 2 (0)        ; 0 (0)             ; 17 (0)           ; 0          ; |pulseController|memory4c:u_delays|deMux8:gen_blockMux[1].blockMux|deMux4:l2                             ; deMux4                   ; work         ;
;             |deMux:first|                          ; 19 (0)      ; 0 (0)                     ; 0 (0)         ; 0           ; 0    ; 0          ; 0            ; 0       ; 0         ; 0    ; 0            ; 2 (0)        ; 0 (0)             ; 17 (0)           ; 0          ; |pulseController|memory4c:u_delays|deMux8:gen_blockMux[1].blockMux|deMux4:l2|deMux:first                 ; deMux                    ; work         ;
;                |deMuxBase:u[0]|                    ; 5 (5)       ; 0 (0)                     ; 0 (0)         ; 0           ; 0    ; 0          ; 0            ; 0       ; 0         ; 0    ; 0            ; 2 (2)        ; 0 (0)             ; 3 (3)            ; 0          ; |pulseController|memory4c:u_delays|deMux8:gen_blockMux[1].blockMux|deMux4:l2|deMux:first|deMuxBase:u[0]  ; deMuxBase                ; work         ;
;                |deMuxBase:u[1]|                    ; 2 (2)       ; 0 (0)                     ; 0 (0)         ; 0           ; 0    ; 0          ; 0            ; 0       ; 0         ; 0    ; 0            ; 0 (0)        ; 0 (0)             ; 2 (2)            ; 0          ; |pulseController|memory4c:u_delays|deMux8:gen_blockMux[1].blockMux|deMux4:l2|deMux:first|deMuxBase:u[1]  ; deMuxBase                ; work         ;
;                |deMuxBase:u[2]|                    ; 2 (2)       ; 0 (0)                     ; 0 (0)         ; 0           ; 0    ; 0          ; 0            ; 0       ; 0         ; 0    ; 0            ; 0 (0)        ; 0 (0)             ; 2 (2)            ; 0          ; |pulseController|memory4c:u_delays|deMux8:gen_blockMux[1].blockMux|deMux4:l2|deMux:first|deMuxBase:u[2]  ; deMuxBase                ; work         ;
;                |deMuxBase:u[3]|                    ; 2 (2)       ; 0 (0)                     ; 0 (0)         ; 0           ; 0    ; 0          ; 0            ; 0       ; 0         ; 0    ; 0            ; 0 (0)        ; 0 (0)             ; 2 (2)            ; 0          ; |pulseController|memory4c:u_delays|deMux8:gen_blockMux[1].blockMux|deMux4:l2|deMux:first|deMuxBase:u[3]  ; deMuxBase                ; work         ;
;                |deMuxBase:u[4]|                    ; 2 (2)       ; 0 (0)                     ; 0 (0)         ; 0           ; 0    ; 0          ; 0            ; 0       ; 0         ; 0    ; 0            ; 0 (0)        ; 0 (0)             ; 2 (2)            ; 0          ; |pulseController|memory4c:u_delays|deMux8:gen_blockMux[1].blockMux|deMux4:l2|deMux:first|deMuxBase:u[4]  ; deMuxBase                ; work         ;
;                |deMuxBase:u[5]|                    ; 2 (2)       ; 0 (0)                     ; 0 (0)         ; 0           ; 0    ; 0          ; 0            ; 0       ; 0         ; 0    ; 0            ; 0 (0)        ; 0 (0)             ; 2 (2)            ; 0          ; |pulseController|memory4c:u_delays|deMux8:gen_blockMux[1].blockMux|deMux4:l2|deMux:first|deMuxBase:u[5]  ; deMuxBase                ; work         ;
;                |deMuxBase:u[6]|                    ; 2 (2)       ; 0 (0)                     ; 0 (0)         ; 0           ; 0    ; 0          ; 0            ; 0       ; 0         ; 0    ; 0            ; 0 (0)        ; 0 (0)             ; 2 (2)            ; 0          ; |pulseController|memory4c:u_delays|deMux8:gen_blockMux[1].blockMux|deMux4:l2|deMux:first|deMuxBase:u[6]  ; deMuxBase                ; work         ;
;                |deMuxBase:u[7]|                    ; 2 (2)       ; 0 (0)                     ; 0 (0)         ; 0           ; 0    ; 0          ; 0            ; 0       ; 0         ; 0    ; 0            ; 0 (0)        ; 0 (0)             ; 2 (2)            ; 0          ; |pulseController|memory4c:u_delays|deMux8:gen_blockMux[1].blockMux|deMux4:l2|deMux:first|deMuxBase:u[7]  ; deMuxBase                ; work         ;
;       |deMux8:gen_blockMux[2].blockMux|            ; 33 (0)      ; 0 (0)                     ; 0 (0)         ; 0           ; 0    ; 0          ; 0            ; 0       ; 0         ; 0    ; 0            ; 6 (0)        ; 0 (0)             ; 27 (0)           ; 0          ; |pulseController|memory4c:u_delays|deMux8:gen_blockMux[2].blockMux                                       ; deMux8                   ; work         ;
;          |deMux4:l1|                               ; 16 (0)      ; 0 (0)                     ; 0 (0)         ; 0           ; 0    ; 0          ; 0            ; 0       ; 0         ; 0    ; 0            ; 0 (0)        ; 0 (0)             ; 16 (0)           ; 0          ; |pulseController|memory4c:u_delays|deMux8:gen_blockMux[2].blockMux|deMux4:l1                             ; deMux4                   ; work         ;
;             |deMux:first|                          ; 16 (0)      ; 0 (0)                     ; 0 (0)         ; 0           ; 0    ; 0          ; 0            ; 0       ; 0         ; 0    ; 0            ; 0 (0)        ; 0 (0)             ; 16 (0)           ; 0          ; |pulseController|memory4c:u_delays|deMux8:gen_blockMux[2].blockMux|deMux4:l1|deMux:first                 ; deMux                    ; work         ;
;                |deMuxBase:u[0]|                    ; 2 (2)       ; 0 (0)                     ; 0 (0)         ; 0           ; 0    ; 0          ; 0            ; 0       ; 0         ; 0    ; 0            ; 0 (0)        ; 0 (0)             ; 2 (2)            ; 0          ; |pulseController|memory4c:u_delays|deMux8:gen_blockMux[2].blockMux|deMux4:l1|deMux:first|deMuxBase:u[0]  ; deMuxBase                ; work         ;
;                |deMuxBase:u[1]|                    ; 2 (2)       ; 0 (0)                     ; 0 (0)         ; 0           ; 0    ; 0          ; 0            ; 0       ; 0         ; 0    ; 0            ; 0 (0)        ; 0 (0)             ; 2 (2)            ; 0          ; |pulseController|memory4c:u_delays|deMux8:gen_blockMux[2].blockMux|deMux4:l1|deMux:first|deMuxBase:u[1]  ; deMuxBase                ; work         ;
;                |deMuxBase:u[2]|                    ; 2 (2)       ; 0 (0)                     ; 0 (0)         ; 0           ; 0    ; 0          ; 0            ; 0       ; 0         ; 0    ; 0            ; 0 (0)        ; 0 (0)             ; 2 (2)            ; 0          ; |pulseController|memory4c:u_delays|deMux8:gen_blockMux[2].blockMux|deMux4:l1|deMux:first|deMuxBase:u[2]  ; deMuxBase                ; work         ;
;                |deMuxBase:u[3]|                    ; 2 (2)       ; 0 (0)                     ; 0 (0)         ; 0           ; 0    ; 0          ; 0            ; 0       ; 0         ; 0    ; 0            ; 0 (0)        ; 0 (0)             ; 2 (2)            ; 0          ; |pulseController|memory4c:u_delays|deMux8:gen_blockMux[2].blockMux|deMux4:l1|deMux:first|deMuxBase:u[3]  ; deMuxBase                ; work         ;
;                |deMuxBase:u[4]|                    ; 2 (2)       ; 0 (0)                     ; 0 (0)         ; 0           ; 0    ; 0          ; 0            ; 0       ; 0         ; 0    ; 0            ; 0 (0)        ; 0 (0)             ; 2 (2)            ; 0          ; |pulseController|memory4c:u_delays|deMux8:gen_blockMux[2].blockMux|deMux4:l1|deMux:first|deMuxBase:u[4]  ; deMuxBase                ; work         ;
;                |deMuxBase:u[5]|                    ; 2 (2)       ; 0 (0)                     ; 0 (0)         ; 0           ; 0    ; 0          ; 0            ; 0       ; 0         ; 0    ; 0            ; 0 (0)        ; 0 (0)             ; 2 (2)            ; 0          ; |pulseController|memory4c:u_delays|deMux8:gen_blockMux[2].blockMux|deMux4:l1|deMux:first|deMuxBase:u[5]  ; deMuxBase                ; work         ;
;                |deMuxBase:u[6]|                    ; 2 (2)       ; 0 (0)                     ; 0 (0)         ; 0           ; 0    ; 0          ; 0            ; 0       ; 0         ; 0    ; 0            ; 0 (0)        ; 0 (0)             ; 2 (2)            ; 0          ; |pulseController|memory4c:u_delays|deMux8:gen_blockMux[2].blockMux|deMux4:l1|deMux:first|deMuxBase:u[6]  ; deMuxBase                ; work         ;
;                |deMuxBase:u[7]|                    ; 2 (2)       ; 0 (0)                     ; 0 (0)         ; 0           ; 0    ; 0          ; 0            ; 0       ; 0         ; 0    ; 0            ; 0 (0)        ; 0 (0)             ; 2 (2)            ; 0          ; |pulseController|memory4c:u_delays|deMux8:gen_blockMux[2].blockMux|deMux4:l1|deMux:first|deMuxBase:u[7]  ; deMuxBase                ; work         ;
;          |deMux4:l2|                               ; 17 (0)      ; 0 (0)                     ; 0 (0)         ; 0           ; 0    ; 0          ; 0            ; 0       ; 0         ; 0    ; 0            ; 6 (0)        ; 0 (0)             ; 11 (0)           ; 0          ; |pulseController|memory4c:u_delays|deMux8:gen_blockMux[2].blockMux|deMux4:l2                             ; deMux4                   ; work         ;
;             |deMux:first|                          ; 17 (0)      ; 0 (0)                     ; 0 (0)         ; 0           ; 0    ; 0          ; 0            ; 0       ; 0         ; 0    ; 0            ; 6 (0)        ; 0 (0)             ; 11 (0)           ; 0          ; |pulseController|memory4c:u_delays|deMux8:gen_blockMux[2].blockMux|deMux4:l2|deMux:first                 ; deMux                    ; work         ;
;                |deMuxBase:u[0]|                    ; 3 (3)       ; 0 (0)                     ; 0 (0)         ; 0           ; 0    ; 0          ; 0            ; 0       ; 0         ; 0    ; 0            ; 2 (2)        ; 0 (0)             ; 1 (1)            ; 0          ; |pulseController|memory4c:u_delays|deMux8:gen_blockMux[2].blockMux|deMux4:l2|deMux:first|deMuxBase:u[0]  ; deMuxBase                ; work         ;
;                |deMuxBase:u[1]|                    ; 2 (2)       ; 0 (0)                     ; 0 (0)         ; 0           ; 0    ; 0          ; 0            ; 0       ; 0         ; 0    ; 0            ; 1 (1)        ; 0 (0)             ; 1 (1)            ; 0          ; |pulseController|memory4c:u_delays|deMux8:gen_blockMux[2].blockMux|deMux4:l2|deMux:first|deMuxBase:u[1]  ; deMuxBase                ; work         ;
;                |deMuxBase:u[2]|                    ; 2 (2)       ; 0 (0)                     ; 0 (0)         ; 0           ; 0    ; 0          ; 0            ; 0       ; 0         ; 0    ; 0            ; 0 (0)        ; 0 (0)             ; 2 (2)            ; 0          ; |pulseController|memory4c:u_delays|deMux8:gen_blockMux[2].blockMux|deMux4:l2|deMux:first|deMuxBase:u[2]  ; deMuxBase                ; work         ;
;                |deMuxBase:u[3]|                    ; 2 (2)       ; 0 (0)                     ; 0 (0)         ; 0           ; 0    ; 0          ; 0            ; 0       ; 0         ; 0    ; 0            ; 2 (2)        ; 0 (0)             ; 0 (0)            ; 0          ; |pulseController|memory4c:u_delays|deMux8:gen_blockMux[2].blockMux|deMux4:l2|deMux:first|deMuxBase:u[3]  ; deMuxBase                ; work         ;
;                |deMuxBase:u[4]|                    ; 2 (2)       ; 0 (0)                     ; 0 (0)         ; 0           ; 0    ; 0          ; 0            ; 0       ; 0         ; 0    ; 0            ; 0 (0)        ; 0 (0)             ; 2 (2)            ; 0          ; |pulseController|memory4c:u_delays|deMux8:gen_blockMux[2].blockMux|deMux4:l2|deMux:first|deMuxBase:u[4]  ; deMuxBase                ; work         ;
;                |deMuxBase:u[5]|                    ; 2 (2)       ; 0 (0)                     ; 0 (0)         ; 0           ; 0    ; 0          ; 0            ; 0       ; 0         ; 0    ; 0            ; 0 (0)        ; 0 (0)             ; 2 (2)            ; 0          ; |pulseController|memory4c:u_delays|deMux8:gen_blockMux[2].blockMux|deMux4:l2|deMux:first|deMuxBase:u[5]  ; deMuxBase                ; work         ;
;                |deMuxBase:u[6]|                    ; 2 (2)       ; 0 (0)                     ; 0 (0)         ; 0           ; 0    ; 0          ; 0            ; 0       ; 0         ; 0    ; 0            ; 0 (0)        ; 0 (0)             ; 2 (2)            ; 0          ; |pulseController|memory4c:u_delays|deMux8:gen_blockMux[2].blockMux|deMux4:l2|deMux:first|deMuxBase:u[6]  ; deMuxBase                ; work         ;
;                |deMuxBase:u[7]|                    ; 2 (2)       ; 0 (0)                     ; 0 (0)         ; 0           ; 0    ; 0          ; 0            ; 0       ; 0         ; 0    ; 0            ; 1 (1)        ; 0 (0)             ; 1 (1)            ; 0          ; |pulseController|memory4c:u_delays|deMux8:gen_blockMux[2].blockMux|deMux4:l2|deMux:first|deMuxBase:u[7]  ; deMuxBase                ; work         ;
;       |deMux8:gen_blockMux[3].blockMux|            ; 33 (0)      ; 0 (0)                     ; 0 (0)         ; 0           ; 0    ; 0          ; 0            ; 0       ; 0         ; 0    ; 0            ; 8 (0)        ; 0 (0)             ; 25 (0)           ; 0          ; |pulseController|memory4c:u_delays|deMux8:gen_blockMux[3].blockMux                                       ; deMux8                   ; work         ;
;          |deMux4:l1|                               ; 16 (0)      ; 0 (0)                     ; 0 (0)         ; 0           ; 0    ; 0          ; 0            ; 0       ; 0         ; 0    ; 0            ; 6 (0)        ; 0 (0)             ; 10 (0)           ; 0          ; |pulseController|memory4c:u_delays|deMux8:gen_blockMux[3].blockMux|deMux4:l1                             ; deMux4                   ; work         ;
;             |deMux:first|                          ; 16 (0)      ; 0 (0)                     ; 0 (0)         ; 0           ; 0    ; 0          ; 0            ; 0       ; 0         ; 0    ; 0            ; 6 (0)        ; 0 (0)             ; 10 (0)           ; 0          ; |pulseController|memory4c:u_delays|deMux8:gen_blockMux[3].blockMux|deMux4:l1|deMux:first                 ; deMux                    ; work         ;
;                |deMuxBase:u[0]|                    ; 2 (2)       ; 0 (0)                     ; 0 (0)         ; 0           ; 0    ; 0          ; 0            ; 0       ; 0         ; 0    ; 0            ; 0 (0)        ; 0 (0)             ; 2 (2)            ; 0          ; |pulseController|memory4c:u_delays|deMux8:gen_blockMux[3].blockMux|deMux4:l1|deMux:first|deMuxBase:u[0]  ; deMuxBase                ; work         ;
;                |deMuxBase:u[1]|                    ; 2 (2)       ; 0 (0)                     ; 0 (0)         ; 0           ; 0    ; 0          ; 0            ; 0       ; 0         ; 0    ; 0            ; 1 (1)        ; 0 (0)             ; 1 (1)            ; 0          ; |pulseController|memory4c:u_delays|deMux8:gen_blockMux[3].blockMux|deMux4:l1|deMux:first|deMuxBase:u[1]  ; deMuxBase                ; work         ;
;                |deMuxBase:u[2]|                    ; 2 (2)       ; 0 (0)                     ; 0 (0)         ; 0           ; 0    ; 0          ; 0            ; 0       ; 0         ; 0    ; 0            ; 1 (1)        ; 0 (0)             ; 1 (1)            ; 0          ; |pulseController|memory4c:u_delays|deMux8:gen_blockMux[3].blockMux|deMux4:l1|deMux:first|deMuxBase:u[2]  ; deMuxBase                ; work         ;
;                |deMuxBase:u[3]|                    ; 2 (2)       ; 0 (0)                     ; 0 (0)         ; 0           ; 0    ; 0          ; 0            ; 0       ; 0         ; 0    ; 0            ; 1 (1)        ; 0 (0)             ; 1 (1)            ; 0          ; |pulseController|memory4c:u_delays|deMux8:gen_blockMux[3].blockMux|deMux4:l1|deMux:first|deMuxBase:u[3]  ; deMuxBase                ; work         ;
;                |deMuxBase:u[4]|                    ; 2 (2)       ; 0 (0)                     ; 0 (0)         ; 0           ; 0    ; 0          ; 0            ; 0       ; 0         ; 0    ; 0            ; 1 (1)        ; 0 (0)             ; 1 (1)            ; 0          ; |pulseController|memory4c:u_delays|deMux8:gen_blockMux[3].blockMux|deMux4:l1|deMux:first|deMuxBase:u[4]  ; deMuxBase                ; work         ;
;                |deMuxBase:u[5]|                    ; 2 (2)       ; 0 (0)                     ; 0 (0)         ; 0           ; 0    ; 0          ; 0            ; 0       ; 0         ; 0    ; 0            ; 1 (1)        ; 0 (0)             ; 1 (1)            ; 0          ; |pulseController|memory4c:u_delays|deMux8:gen_blockMux[3].blockMux|deMux4:l1|deMux:first|deMuxBase:u[5]  ; deMuxBase                ; work         ;
;                |deMuxBase:u[6]|                    ; 2 (2)       ; 0 (0)                     ; 0 (0)         ; 0           ; 0    ; 0          ; 0            ; 0       ; 0         ; 0    ; 0            ; 0 (0)        ; 0 (0)             ; 2 (2)            ; 0          ; |pulseController|memory4c:u_delays|deMux8:gen_blockMux[3].blockMux|deMux4:l1|deMux:first|deMuxBase:u[6]  ; deMuxBase                ; work         ;
;                |deMuxBase:u[7]|                    ; 2 (2)       ; 0 (0)                     ; 0 (0)         ; 0           ; 0    ; 0          ; 0            ; 0       ; 0         ; 0    ; 0            ; 1 (1)        ; 0 (0)             ; 1 (1)            ; 0          ; |pulseController|memory4c:u_delays|deMux8:gen_blockMux[3].blockMux|deMux4:l1|deMux:first|deMuxBase:u[7]  ; deMuxBase                ; work         ;
;          |deMux4:l2|                               ; 17 (0)      ; 0 (0)                     ; 0 (0)         ; 0           ; 0    ; 0          ; 0            ; 0       ; 0         ; 0    ; 0            ; 2 (0)        ; 0 (0)             ; 15 (0)           ; 0          ; |pulseController|memory4c:u_delays|deMux8:gen_blockMux[3].blockMux|deMux4:l2                             ; deMux4                   ; work         ;
;             |deMux:first|                          ; 17 (0)      ; 0 (0)                     ; 0 (0)         ; 0           ; 0    ; 0          ; 0            ; 0       ; 0         ; 0    ; 0            ; 2 (0)        ; 0 (0)             ; 15 (0)           ; 0          ; |pulseController|memory4c:u_delays|deMux8:gen_blockMux[3].blockMux|deMux4:l2|deMux:first                 ; deMux                    ; work         ;
;                |deMuxBase:u[0]|                    ; 3 (3)       ; 0 (0)                     ; 0 (0)         ; 0           ; 0    ; 0          ; 0            ; 0       ; 0         ; 0    ; 0            ; 1 (1)        ; 0 (0)             ; 2 (2)            ; 0          ; |pulseController|memory4c:u_delays|deMux8:gen_blockMux[3].blockMux|deMux4:l2|deMux:first|deMuxBase:u[0]  ; deMuxBase                ; work         ;
;                |deMuxBase:u[1]|                    ; 2 (2)       ; 0 (0)                     ; 0 (0)         ; 0           ; 0    ; 0          ; 0            ; 0       ; 0         ; 0    ; 0            ; 0 (0)        ; 0 (0)             ; 2 (2)            ; 0          ; |pulseController|memory4c:u_delays|deMux8:gen_blockMux[3].blockMux|deMux4:l2|deMux:first|deMuxBase:u[1]  ; deMuxBase                ; work         ;
;                |deMuxBase:u[2]|                    ; 2 (2)       ; 0 (0)                     ; 0 (0)         ; 0           ; 0    ; 0          ; 0            ; 0       ; 0         ; 0    ; 0            ; 0 (0)        ; 0 (0)             ; 2 (2)            ; 0          ; |pulseController|memory4c:u_delays|deMux8:gen_blockMux[3].blockMux|deMux4:l2|deMux:first|deMuxBase:u[2]  ; deMuxBase                ; work         ;
;                |deMuxBase:u[3]|                    ; 2 (2)       ; 0 (0)                     ; 0 (0)         ; 0           ; 0    ; 0          ; 0            ; 0       ; 0         ; 0    ; 0            ; 0 (0)        ; 0 (0)             ; 2 (2)            ; 0          ; |pulseController|memory4c:u_delays|deMux8:gen_blockMux[3].blockMux|deMux4:l2|deMux:first|deMuxBase:u[3]  ; deMuxBase                ; work         ;
;                |deMuxBase:u[4]|                    ; 2 (2)       ; 0 (0)                     ; 0 (0)         ; 0           ; 0    ; 0          ; 0            ; 0       ; 0         ; 0    ; 0            ; 0 (0)        ; 0 (0)             ; 2 (2)            ; 0          ; |pulseController|memory4c:u_delays|deMux8:gen_blockMux[3].blockMux|deMux4:l2|deMux:first|deMuxBase:u[4]  ; deMuxBase                ; work         ;
;                |deMuxBase:u[5]|                    ; 2 (2)       ; 0 (0)                     ; 0 (0)         ; 0           ; 0    ; 0          ; 0            ; 0       ; 0         ; 0    ; 0            ; 0 (0)        ; 0 (0)             ; 2 (2)            ; 0          ; |pulseController|memory4c:u_delays|deMux8:gen_blockMux[3].blockMux|deMux4:l2|deMux:first|deMuxBase:u[5]  ; deMuxBase                ; work         ;
;                |deMuxBase:u[6]|                    ; 2 (2)       ; 0 (0)                     ; 0 (0)         ; 0           ; 0    ; 0          ; 0            ; 0       ; 0         ; 0    ; 0            ; 0 (0)        ; 0 (0)             ; 2 (2)            ; 0          ; |pulseController|memory4c:u_delays|deMux8:gen_blockMux[3].blockMux|deMux4:l2|deMux:first|deMuxBase:u[6]  ; deMuxBase                ; work         ;
;                |deMuxBase:u[7]|                    ; 2 (2)       ; 0 (0)                     ; 0 (0)         ; 0           ; 0    ; 0          ; 0            ; 0       ; 0         ; 0    ; 0            ; 1 (1)        ; 0 (0)             ; 1 (1)            ; 0          ; |pulseController|memory4c:u_delays|deMux8:gen_blockMux[3].blockMux|deMux4:l2|deMux:first|deMuxBase:u[7]  ; deMuxBase                ; work         ;
;       |deMux8:gen_blockRoute[0].blockRoute|        ; 13 (0)      ; 0 (0)                     ; 0 (0)         ; 0           ; 0    ; 0          ; 0            ; 0       ; 0         ; 0    ; 0            ; 12 (0)       ; 0 (0)             ; 1 (0)            ; 0          ; |pulseController|memory4c:u_delays|deMux8:gen_blockRoute[0].blockRoute                                   ; deMux8                   ; work         ;
;          |deMux4:l1|                               ; 4 (0)       ; 0 (0)                     ; 0 (0)         ; 0           ; 0    ; 0          ; 0            ; 0       ; 0         ; 0    ; 0            ; 3 (0)        ; 0 (0)             ; 1 (0)            ; 0          ; |pulseController|memory4c:u_delays|deMux8:gen_blockRoute[0].blockRoute|deMux4:l1                         ; deMux4                   ; work         ;
;             |deMux:l1|                             ; 2 (0)       ; 0 (0)                     ; 0 (0)         ; 0           ; 0    ; 0          ; 0            ; 0       ; 0         ; 0    ; 0            ; 1 (0)        ; 0 (0)             ; 1 (0)            ; 0          ; |pulseController|memory4c:u_delays|deMux8:gen_blockRoute[0].blockRoute|deMux4:l1|deMux:l1                ; deMux                    ; work         ;
;                |deMuxBase:u[0]|                    ; 2 (2)       ; 0 (0)                     ; 0 (0)         ; 0           ; 0    ; 0          ; 0            ; 0       ; 0         ; 0    ; 0            ; 1 (1)        ; 0 (0)             ; 1 (1)            ; 0          ; |pulseController|memory4c:u_delays|deMux8:gen_blockRoute[0].blockRoute|deMux4:l1|deMux:l1|deMuxBase:u[0] ; deMuxBase                ; work         ;
;             |deMux:l2|                             ; 2 (0)       ; 0 (0)                     ; 0 (0)         ; 0           ; 0    ; 0          ; 0            ; 0       ; 0         ; 0    ; 0            ; 2 (0)        ; 0 (0)             ; 0 (0)            ; 0          ; |pulseController|memory4c:u_delays|deMux8:gen_blockRoute[0].blockRoute|deMux4:l1|deMux:l2                ; deMux                    ; work         ;
;                |deMuxBase:u[0]|                    ; 2 (2)       ; 0 (0)                     ; 0 (0)         ; 0           ; 0    ; 0          ; 0            ; 0       ; 0         ; 0    ; 0            ; 2 (2)        ; 0 (0)             ; 0 (0)            ; 0          ; |pulseController|memory4c:u_delays|deMux8:gen_blockRoute[0].blockRoute|deMux4:l1|deMux:l2|deMuxBase:u[0] ; deMuxBase                ; work         ;
;          |deMux4:l2|                               ; 9 (0)       ; 0 (0)                     ; 0 (0)         ; 0           ; 0    ; 0          ; 0            ; 0       ; 0         ; 0    ; 0            ; 9 (0)        ; 0 (0)             ; 0 (0)            ; 0          ; |pulseController|memory4c:u_delays|deMux8:gen_blockRoute[0].blockRoute|deMux4:l2                         ; deMux4                   ; work         ;
;             |deMux:l1|                             ; 7 (0)       ; 0 (0)                     ; 0 (0)         ; 0           ; 0    ; 0          ; 0            ; 0       ; 0         ; 0    ; 0            ; 7 (0)        ; 0 (0)             ; 0 (0)            ; 0          ; |pulseController|memory4c:u_delays|deMux8:gen_blockRoute[0].blockRoute|deMux4:l2|deMux:l1                ; deMux                    ; work         ;
;                |deMuxBase:u[0]|                    ; 7 (7)       ; 0 (0)                     ; 0 (0)         ; 0           ; 0    ; 0          ; 0            ; 0       ; 0         ; 0    ; 0            ; 7 (7)        ; 0 (0)             ; 0 (0)            ; 0          ; |pulseController|memory4c:u_delays|deMux8:gen_blockRoute[0].blockRoute|deMux4:l2|deMux:l1|deMuxBase:u[0] ; deMuxBase                ; work         ;
;             |deMux:l2|                             ; 2 (0)       ; 0 (0)                     ; 0 (0)         ; 0           ; 0    ; 0          ; 0            ; 0       ; 0         ; 0    ; 0            ; 2 (0)        ; 0 (0)             ; 0 (0)            ; 0          ; |pulseController|memory4c:u_delays|deMux8:gen_blockRoute[0].blockRoute|deMux4:l2|deMux:l2                ; deMux                    ; work         ;
;                |deMuxBase:u[0]|                    ; 2 (2)       ; 0 (0)                     ; 0 (0)         ; 0           ; 0    ; 0          ; 0            ; 0       ; 0         ; 0    ; 0            ; 2 (2)        ; 0 (0)             ; 0 (0)            ; 0          ; |pulseController|memory4c:u_delays|deMux8:gen_blockRoute[0].blockRoute|deMux4:l2|deMux:l2|deMuxBase:u[0] ; deMuxBase                ; work         ;
;       |deMux8:gen_blockRoute[1].blockRoute|        ; 13 (0)      ; 0 (0)                     ; 0 (0)         ; 0           ; 0    ; 0          ; 0            ; 0       ; 0         ; 0    ; 0            ; 9 (0)        ; 0 (0)             ; 4 (0)            ; 0          ; |pulseController|memory4c:u_delays|deMux8:gen_blockRoute[1].blockRoute                                   ; deMux8                   ; work         ;
;          |deMux4:l1|                               ; 6 (0)       ; 0 (0)                     ; 0 (0)         ; 0           ; 0    ; 0          ; 0            ; 0       ; 0         ; 0    ; 0            ; 5 (0)        ; 0 (0)             ; 1 (0)            ; 0          ; |pulseController|memory4c:u_delays|deMux8:gen_blockRoute[1].blockRoute|deMux4:l1                         ; deMux4                   ; work         ;
;             |deMux:l1|                             ; 2 (0)       ; 0 (0)                     ; 0 (0)         ; 0           ; 0    ; 0          ; 0            ; 0       ; 0         ; 0    ; 0            ; 2 (0)        ; 0 (0)             ; 0 (0)            ; 0          ; |pulseController|memory4c:u_delays|deMux8:gen_blockRoute[1].blockRoute|deMux4:l1|deMux:l1                ; deMux                    ; work         ;
;                |deMuxBase:u[0]|                    ; 2 (2)       ; 0 (0)                     ; 0 (0)         ; 0           ; 0    ; 0          ; 0            ; 0       ; 0         ; 0    ; 0            ; 2 (2)        ; 0 (0)             ; 0 (0)            ; 0          ; |pulseController|memory4c:u_delays|deMux8:gen_blockRoute[1].blockRoute|deMux4:l1|deMux:l1|deMuxBase:u[0] ; deMuxBase                ; work         ;
;             |deMux:l2|                             ; 4 (0)       ; 0 (0)                     ; 0 (0)         ; 0           ; 0    ; 0          ; 0            ; 0       ; 0         ; 0    ; 0            ; 3 (0)        ; 0 (0)             ; 1 (0)            ; 0          ; |pulseController|memory4c:u_delays|deMux8:gen_blockRoute[1].blockRoute|deMux4:l1|deMux:l2                ; deMux                    ; work         ;
;                |deMuxBase:u[0]|                    ; 4 (4)       ; 0 (0)                     ; 0 (0)         ; 0           ; 0    ; 0          ; 0            ; 0       ; 0         ; 0    ; 0            ; 3 (3)        ; 0 (0)             ; 1 (1)            ; 0          ; |pulseController|memory4c:u_delays|deMux8:gen_blockRoute[1].blockRoute|deMux4:l1|deMux:l2|deMuxBase:u[0] ; deMuxBase                ; work         ;
;          |deMux4:l2|                               ; 7 (0)       ; 0 (0)                     ; 0 (0)         ; 0           ; 0    ; 0          ; 0            ; 0       ; 0         ; 0    ; 0            ; 4 (0)        ; 0 (0)             ; 3 (0)            ; 0          ; |pulseController|memory4c:u_delays|deMux8:gen_blockRoute[1].blockRoute|deMux4:l2                         ; deMux4                   ; work         ;
;             |deMux:l1|                             ; 5 (0)       ; 0 (0)                     ; 0 (0)         ; 0           ; 0    ; 0          ; 0            ; 0       ; 0         ; 0    ; 0            ; 3 (0)        ; 0 (0)             ; 2 (0)            ; 0          ; |pulseController|memory4c:u_delays|deMux8:gen_blockRoute[1].blockRoute|deMux4:l2|deMux:l1                ; deMux                    ; work         ;
;                |deMuxBase:u[0]|                    ; 5 (5)       ; 0 (0)                     ; 0 (0)         ; 0           ; 0    ; 0          ; 0            ; 0       ; 0         ; 0    ; 0            ; 3 (3)        ; 0 (0)             ; 2 (2)            ; 0          ; |pulseController|memory4c:u_delays|deMux8:gen_blockRoute[1].blockRoute|deMux4:l2|deMux:l1|deMuxBase:u[0] ; deMuxBase                ; work         ;
;             |deMux:l2|                             ; 2 (0)       ; 0 (0)                     ; 0 (0)         ; 0           ; 0    ; 0          ; 0            ; 0       ; 0         ; 0    ; 0            ; 1 (0)        ; 0 (0)             ; 1 (0)            ; 0          ; |pulseController|memory4c:u_delays|deMux8:gen_blockRoute[1].blockRoute|deMux4:l2|deMux:l2                ; deMux                    ; work         ;
;                |deMuxBase:u[0]|                    ; 2 (2)       ; 0 (0)                     ; 0 (0)         ; 0           ; 0    ; 0          ; 0            ; 0       ; 0         ; 0    ; 0            ; 1 (1)        ; 0 (0)             ; 1 (1)            ; 0          ; |pulseController|memory4c:u_delays|deMux8:gen_blockRoute[1].blockRoute|deMux4:l2|deMux:l2|deMuxBase:u[0] ; deMuxBase                ; work         ;
;       |deMux8:gen_blockRoute[2].blockRoute|        ; 11 (0)      ; 0 (0)                     ; 0 (0)         ; 0           ; 0    ; 0          ; 0            ; 0       ; 0         ; 0    ; 0            ; 8 (0)        ; 0 (0)             ; 3 (0)            ; 0          ; |pulseController|memory4c:u_delays|deMux8:gen_blockRoute[2].blockRoute                                   ; deMux8                   ; work         ;
;          |deMux4:l1|                               ; 5 (0)       ; 0 (0)                     ; 0 (0)         ; 0           ; 0    ; 0          ; 0            ; 0       ; 0         ; 0    ; 0            ; 3 (0)        ; 0 (0)             ; 2 (0)            ; 0          ; |pulseController|memory4c:u_delays|deMux8:gen_blockRoute[2].blockRoute|deMux4:l1                         ; deMux4                   ; work         ;
;             |deMux:l1|                             ; 2 (0)       ; 0 (0)                     ; 0 (0)         ; 0           ; 0    ; 0          ; 0            ; 0       ; 0         ; 0    ; 0            ; 1 (0)        ; 0 (0)             ; 1 (0)            ; 0          ; |pulseController|memory4c:u_delays|deMux8:gen_blockRoute[2].blockRoute|deMux4:l1|deMux:l1                ; deMux                    ; work         ;
;                |deMuxBase:u[0]|                    ; 2 (2)       ; 0 (0)                     ; 0 (0)         ; 0           ; 0    ; 0          ; 0            ; 0       ; 0         ; 0    ; 0            ; 1 (1)        ; 0 (0)             ; 1 (1)            ; 0          ; |pulseController|memory4c:u_delays|deMux8:gen_blockRoute[2].blockRoute|deMux4:l1|deMux:l1|deMuxBase:u[0] ; deMuxBase                ; work         ;
;             |deMux:l2|                             ; 3 (0)       ; 0 (0)                     ; 0 (0)         ; 0           ; 0    ; 0          ; 0            ; 0       ; 0         ; 0    ; 0            ; 2 (0)        ; 0 (0)             ; 1 (0)            ; 0          ; |pulseController|memory4c:u_delays|deMux8:gen_blockRoute[2].blockRoute|deMux4:l1|deMux:l2                ; deMux                    ; work         ;
;                |deMuxBase:u[0]|                    ; 3 (3)       ; 0 (0)                     ; 0 (0)         ; 0           ; 0    ; 0          ; 0            ; 0       ; 0         ; 0    ; 0            ; 2 (2)        ; 0 (0)             ; 1 (1)            ; 0          ; |pulseController|memory4c:u_delays|deMux8:gen_blockRoute[2].blockRoute|deMux4:l1|deMux:l2|deMuxBase:u[0] ; deMuxBase                ; work         ;
;          |deMux4:l2|                               ; 6 (0)       ; 0 (0)                     ; 0 (0)         ; 0           ; 0    ; 0          ; 0            ; 0       ; 0         ; 0    ; 0            ; 5 (0)        ; 0 (0)             ; 1 (0)            ; 0          ; |pulseController|memory4c:u_delays|deMux8:gen_blockRoute[2].blockRoute|deMux4:l2                         ; deMux4                   ; work         ;
;             |deMux:l1|                             ; 3 (0)       ; 0 (0)                     ; 0 (0)         ; 0           ; 0    ; 0          ; 0            ; 0       ; 0         ; 0    ; 0            ; 3 (0)        ; 0 (0)             ; 0 (0)            ; 0          ; |pulseController|memory4c:u_delays|deMux8:gen_blockRoute[2].blockRoute|deMux4:l2|deMux:l1                ; deMux                    ; work         ;
;                |deMuxBase:u[0]|                    ; 3 (3)       ; 0 (0)                     ; 0 (0)         ; 0           ; 0    ; 0          ; 0            ; 0       ; 0         ; 0    ; 0            ; 3 (3)        ; 0 (0)             ; 0 (0)            ; 0          ; |pulseController|memory4c:u_delays|deMux8:gen_blockRoute[2].blockRoute|deMux4:l2|deMux:l1|deMuxBase:u[0] ; deMuxBase                ; work         ;
;             |deMux:l2|                             ; 3 (0)       ; 0 (0)                     ; 0 (0)         ; 0           ; 0    ; 0          ; 0            ; 0       ; 0         ; 0    ; 0            ; 2 (0)        ; 0 (0)             ; 1 (0)            ; 0          ; |pulseController|memory4c:u_delays|deMux8:gen_blockRoute[2].blockRoute|deMux4:l2|deMux:l2                ; deMux                    ; work         ;
;                |deMuxBase:u[0]|                    ; 3 (3)       ; 0 (0)                     ; 0 (0)         ; 0           ; 0    ; 0          ; 0            ; 0       ; 0         ; 0    ; 0            ; 2 (2)        ; 0 (0)             ; 1 (1)            ; 0          ; |pulseController|memory4c:u_delays|deMux8:gen_blockRoute[2].blockRoute|deMux4:l2|deMux:l2|deMuxBase:u[0] ; deMuxBase                ; work         ;
;       |deMux8:gen_blockRoute[3].blockRoute|        ; 15 (0)      ; 0 (0)                     ; 0 (0)         ; 0           ; 0    ; 0          ; 0            ; 0       ; 0         ; 0    ; 0            ; 11 (0)       ; 0 (0)             ; 4 (0)            ; 0          ; |pulseController|memory4c:u_delays|deMux8:gen_blockRoute[3].blockRoute                                   ; deMux8                   ; work         ;
;          |deMux4:l1|                               ; 7 (0)       ; 0 (0)                     ; 0 (0)         ; 0           ; 0    ; 0          ; 0            ; 0       ; 0         ; 0    ; 0            ; 6 (0)        ; 0 (0)             ; 1 (0)            ; 0          ; |pulseController|memory4c:u_delays|deMux8:gen_blockRoute[3].blockRoute|deMux4:l1                         ; deMux4                   ; work         ;
;             |deMux:l1|                             ; 3 (0)       ; 0 (0)                     ; 0 (0)         ; 0           ; 0    ; 0          ; 0            ; 0       ; 0         ; 0    ; 0            ; 3 (0)        ; 0 (0)             ; 0 (0)            ; 0          ; |pulseController|memory4c:u_delays|deMux8:gen_blockRoute[3].blockRoute|deMux4:l1|deMux:l1                ; deMux                    ; work         ;
;                |deMuxBase:u[0]|                    ; 3 (3)       ; 0 (0)                     ; 0 (0)         ; 0           ; 0    ; 0          ; 0            ; 0       ; 0         ; 0    ; 0            ; 3 (3)        ; 0 (0)             ; 0 (0)            ; 0          ; |pulseController|memory4c:u_delays|deMux8:gen_blockRoute[3].blockRoute|deMux4:l1|deMux:l1|deMuxBase:u[0] ; deMuxBase                ; work         ;
;             |deMux:l2|                             ; 4 (0)       ; 0 (0)                     ; 0 (0)         ; 0           ; 0    ; 0          ; 0            ; 0       ; 0         ; 0    ; 0            ; 3 (0)        ; 0 (0)             ; 1 (0)            ; 0          ; |pulseController|memory4c:u_delays|deMux8:gen_blockRoute[3].blockRoute|deMux4:l1|deMux:l2                ; deMux                    ; work         ;
;                |deMuxBase:u[0]|                    ; 4 (4)       ; 0 (0)                     ; 0 (0)         ; 0           ; 0    ; 0          ; 0            ; 0       ; 0         ; 0    ; 0            ; 3 (3)        ; 0 (0)             ; 1 (1)            ; 0          ; |pulseController|memory4c:u_delays|deMux8:gen_blockRoute[3].blockRoute|deMux4:l1|deMux:l2|deMuxBase:u[0] ; deMuxBase                ; work         ;
;          |deMux4:l2|                               ; 8 (0)       ; 0 (0)                     ; 0 (0)         ; 0           ; 0    ; 0          ; 0            ; 0       ; 0         ; 0    ; 0            ; 5 (0)        ; 0 (0)             ; 3 (0)            ; 0          ; |pulseController|memory4c:u_delays|deMux8:gen_blockRoute[3].blockRoute|deMux4:l2                         ; deMux4                   ; work         ;
;             |deMux:l1|                             ; 4 (0)       ; 0 (0)                     ; 0 (0)         ; 0           ; 0    ; 0          ; 0            ; 0       ; 0         ; 0    ; 0            ; 2 (0)        ; 0 (0)             ; 2 (0)            ; 0          ; |pulseController|memory4c:u_delays|deMux8:gen_blockRoute[3].blockRoute|deMux4:l2|deMux:l1                ; deMux                    ; work         ;
;                |deMuxBase:u[0]|                    ; 4 (4)       ; 0 (0)                     ; 0 (0)         ; 0           ; 0    ; 0          ; 0            ; 0       ; 0         ; 0    ; 0            ; 2 (2)        ; 0 (0)             ; 2 (2)            ; 0          ; |pulseController|memory4c:u_delays|deMux8:gen_blockRoute[3].blockRoute|deMux4:l2|deMux:l1|deMuxBase:u[0] ; deMuxBase                ; work         ;
;             |deMux:l2|                             ; 4 (0)       ; 0 (0)                     ; 0 (0)         ; 0           ; 0    ; 0          ; 0            ; 0       ; 0         ; 0    ; 0            ; 3 (0)        ; 0 (0)             ; 1 (0)            ; 0          ; |pulseController|memory4c:u_delays|deMux8:gen_blockRoute[3].blockRoute|deMux4:l2|deMux:l2                ; deMux                    ; work         ;
;                |deMuxBase:u[0]|                    ; 4 (4)       ; 0 (0)                     ; 0 (0)         ; 0           ; 0    ; 0          ; 0            ; 0       ; 0         ; 0    ; 0            ; 3 (3)        ; 0 (0)             ; 1 (1)            ; 0          ; |pulseController|memory4c:u_delays|deMux8:gen_blockRoute[3].blockRoute|deMux4:l2|deMux:l2|deMuxBase:u[0] ; deMuxBase                ; work         ;
;       |storage:block[0]|                           ; 8 (8)       ; 8 (8)                     ; 0 (0)         ; 0           ; 0    ; 0          ; 0            ; 0       ; 0         ; 0    ; 0            ; 0 (0)        ; 1 (1)             ; 7 (7)            ; 0          ; |pulseController|memory4c:u_delays|storage:block[0]                                                      ; storage                  ; work         ;
;       |storage:block[10]|                          ; 8 (8)       ; 8 (8)                     ; 0 (0)         ; 0           ; 0    ; 0          ; 0            ; 0       ; 0         ; 0    ; 0            ; 0 (0)        ; 5 (5)             ; 3 (3)            ; 0          ; |pulseController|memory4c:u_delays|storage:block[10]                                                     ; storage                  ; work         ;
;       |storage:block[11]|                          ; 8 (8)       ; 8 (8)                     ; 0 (0)         ; 0           ; 0    ; 0          ; 0            ; 0       ; 0         ; 0    ; 0            ; 0 (0)        ; 3 (3)             ; 5 (5)            ; 0          ; |pulseController|memory4c:u_delays|storage:block[11]                                                     ; storage                  ; work         ;
;       |storage:block[12]|                          ; 8 (8)       ; 8 (8)                     ; 0 (0)         ; 0           ; 0    ; 0          ; 0            ; 0       ; 0         ; 0    ; 0            ; 0 (0)        ; 0 (0)             ; 8 (8)            ; 0          ; |pulseController|memory4c:u_delays|storage:block[12]                                                     ; storage                  ; work         ;
;       |storage:block[13]|                          ; 8 (8)       ; 8 (8)                     ; 0 (0)         ; 0           ; 0    ; 0          ; 0            ; 0       ; 0         ; 0    ; 0            ; 0 (0)        ; 0 (0)             ; 8 (8)            ; 0          ; |pulseController|memory4c:u_delays|storage:block[13]                                                     ; storage                  ; work         ;
;       |storage:block[14]|                          ; 8 (8)       ; 8 (8)                     ; 0 (0)         ; 0           ; 0    ; 0          ; 0            ; 0       ; 0         ; 0    ; 0            ; 0 (0)        ; 6 (6)             ; 2 (2)            ; 0          ; |pulseController|memory4c:u_delays|storage:block[14]                                                     ; storage                  ; work         ;
;       |storage:block[15]|                          ; 8 (8)       ; 8 (8)                     ; 0 (0)         ; 0           ; 0    ; 0          ; 0            ; 0       ; 0         ; 0    ; 0            ; 0 (0)        ; 0 (0)             ; 8 (8)            ; 0          ; |pulseController|memory4c:u_delays|storage:block[15]                                                     ; storage                  ; work         ;
;       |storage:block[16]|                          ; 8 (8)       ; 8 (8)                     ; 0 (0)         ; 0           ; 0    ; 0          ; 0            ; 0       ; 0         ; 0    ; 0            ; 0 (0)        ; 1 (1)             ; 7 (7)            ; 0          ; |pulseController|memory4c:u_delays|storage:block[16]                                                     ; storage                  ; work         ;
;       |storage:block[17]|                          ; 8 (8)       ; 8 (8)                     ; 0 (0)         ; 0           ; 0    ; 0          ; 0            ; 0       ; 0         ; 0    ; 0            ; 0 (0)        ; 1 (1)             ; 7 (7)            ; 0          ; |pulseController|memory4c:u_delays|storage:block[17]                                                     ; storage                  ; work         ;
;       |storage:block[18]|                          ; 8 (8)       ; 8 (8)                     ; 0 (0)         ; 0           ; 0    ; 0          ; 0            ; 0       ; 0         ; 0    ; 0            ; 0 (0)        ; 0 (0)             ; 8 (8)            ; 0          ; |pulseController|memory4c:u_delays|storage:block[18]                                                     ; storage                  ; work         ;
;       |storage:block[19]|                          ; 8 (8)       ; 8 (8)                     ; 0 (0)         ; 0           ; 0    ; 0          ; 0            ; 0       ; 0         ; 0    ; 0            ; 0 (0)        ; 2 (2)             ; 6 (6)            ; 0          ; |pulseController|memory4c:u_delays|storage:block[19]                                                     ; storage                  ; work         ;
;       |storage:block[1]|                           ; 8 (8)       ; 8 (8)                     ; 0 (0)         ; 0           ; 0    ; 0          ; 0            ; 0       ; 0         ; 0    ; 0            ; 0 (0)        ; 0 (0)             ; 8 (8)            ; 0          ; |pulseController|memory4c:u_delays|storage:block[1]                                                      ; storage                  ; work         ;
;       |storage:block[20]|                          ; 8 (8)       ; 8 (8)                     ; 0 (0)         ; 0           ; 0    ; 0          ; 0            ; 0       ; 0         ; 0    ; 0            ; 0 (0)        ; 3 (3)             ; 5 (5)            ; 0          ; |pulseController|memory4c:u_delays|storage:block[20]                                                     ; storage                  ; work         ;
;       |storage:block[21]|                          ; 8 (8)       ; 8 (8)                     ; 0 (0)         ; 0           ; 0    ; 0          ; 0            ; 0       ; 0         ; 0    ; 0            ; 0 (0)        ; 0 (0)             ; 8 (8)            ; 0          ; |pulseController|memory4c:u_delays|storage:block[21]                                                     ; storage                  ; work         ;
;       |storage:block[22]|                          ; 8 (8)       ; 8 (8)                     ; 0 (0)         ; 0           ; 0    ; 0          ; 0            ; 0       ; 0         ; 0    ; 0            ; 0 (0)        ; 1 (1)             ; 7 (7)            ; 0          ; |pulseController|memory4c:u_delays|storage:block[22]                                                     ; storage                  ; work         ;
;       |storage:block[23]|                          ; 8 (8)       ; 8 (8)                     ; 0 (0)         ; 0           ; 0    ; 0          ; 0            ; 0       ; 0         ; 0    ; 0            ; 0 (0)        ; 0 (0)             ; 8 (8)            ; 0          ; |pulseController|memory4c:u_delays|storage:block[23]                                                     ; storage                  ; work         ;
;       |storage:block[24]|                          ; 8 (8)       ; 8 (8)                     ; 0 (0)         ; 0           ; 0    ; 0          ; 0            ; 0       ; 0         ; 0    ; 0            ; 0 (0)        ; 2 (2)             ; 6 (6)            ; 0          ; |pulseController|memory4c:u_delays|storage:block[24]                                                     ; storage                  ; work         ;
;       |storage:block[25]|                          ; 8 (8)       ; 8 (8)                     ; 0 (0)         ; 0           ; 0    ; 0          ; 0            ; 0       ; 0         ; 0    ; 0            ; 0 (0)        ; 5 (5)             ; 3 (3)            ; 0          ; |pulseController|memory4c:u_delays|storage:block[25]                                                     ; storage                  ; work         ;
;       |storage:block[26]|                          ; 8 (8)       ; 8 (8)                     ; 0 (0)         ; 0           ; 0    ; 0          ; 0            ; 0       ; 0         ; 0    ; 0            ; 0 (0)        ; 0 (0)             ; 8 (8)            ; 0          ; |pulseController|memory4c:u_delays|storage:block[26]                                                     ; storage                  ; work         ;
;       |storage:block[27]|                          ; 8 (8)       ; 8 (8)                     ; 0 (0)         ; 0           ; 0    ; 0          ; 0            ; 0       ; 0         ; 0    ; 0            ; 0 (0)        ; 0 (0)             ; 8 (8)            ; 0          ; |pulseController|memory4c:u_delays|storage:block[27]                                                     ; storage                  ; work         ;
;       |storage:block[28]|                          ; 8 (8)       ; 8 (8)                     ; 0 (0)         ; 0           ; 0    ; 0          ; 0            ; 0       ; 0         ; 0    ; 0            ; 0 (0)        ; 1 (1)             ; 7 (7)            ; 0          ; |pulseController|memory4c:u_delays|storage:block[28]                                                     ; storage                  ; work         ;
;       |storage:block[29]|                          ; 8 (8)       ; 8 (8)                     ; 0 (0)         ; 0           ; 0    ; 0          ; 0            ; 0       ; 0         ; 0    ; 0            ; 0 (0)        ; 0 (0)             ; 8 (8)            ; 0          ; |pulseController|memory4c:u_delays|storage:block[29]                                                     ; storage                  ; work         ;
;       |storage:block[2]|                           ; 8 (8)       ; 8 (8)                     ; 0 (0)         ; 0           ; 0    ; 0          ; 0            ; 0       ; 0         ; 0    ; 0            ; 0 (0)        ; 0 (0)             ; 8 (8)            ; 0          ; |pulseController|memory4c:u_delays|storage:block[2]                                                      ; storage                  ; work         ;
;       |storage:block[30]|                          ; 8 (8)       ; 8 (8)                     ; 0 (0)         ; 0           ; 0    ; 0          ; 0            ; 0       ; 0         ; 0    ; 0            ; 0 (0)        ; 2 (2)             ; 6 (6)            ; 0          ; |pulseController|memory4c:u_delays|storage:block[30]                                                     ; storage                  ; work         ;
;       |storage:block[31]|                          ; 8 (8)       ; 8 (8)                     ; 0 (0)         ; 0           ; 0    ; 0          ; 0            ; 0       ; 0         ; 0    ; 0            ; 0 (0)        ; 1 (1)             ; 7 (7)            ; 0          ; |pulseController|memory4c:u_delays|storage:block[31]                                                     ; storage                  ; work         ;
;       |storage:block[3]|                           ; 8 (8)       ; 8 (8)                     ; 0 (0)         ; 0           ; 0    ; 0          ; 0            ; 0       ; 0         ; 0    ; 0            ; 0 (0)        ; 4 (4)             ; 4 (4)            ; 0          ; |pulseController|memory4c:u_delays|storage:block[3]                                                      ; storage                  ; work         ;
;       |storage:block[4]|                           ; 8 (8)       ; 8 (8)                     ; 0 (0)         ; 0           ; 0    ; 0          ; 0            ; 0       ; 0         ; 0    ; 0            ; 0 (0)        ; 0 (0)             ; 8 (8)            ; 0          ; |pulseController|memory4c:u_delays|storage:block[4]                                                      ; storage                  ; work         ;
;       |storage:block[5]|                           ; 8 (8)       ; 8 (8)                     ; 0 (0)         ; 0           ; 0    ; 0          ; 0            ; 0       ; 0         ; 0    ; 0            ; 0 (0)        ; 2 (2)             ; 6 (6)            ; 0          ; |pulseController|memory4c:u_delays|storage:block[5]                                                      ; storage                  ; work         ;
;       |storage:block[6]|                           ; 8 (8)       ; 8 (8)                     ; 0 (0)         ; 0           ; 0    ; 0          ; 0            ; 0       ; 0         ; 0    ; 0            ; 0 (0)        ; 2 (2)             ; 6 (6)            ; 0          ; |pulseController|memory4c:u_delays|storage:block[6]                                                      ; storage                  ; work         ;
;       |storage:block[7]|                           ; 8 (8)       ; 8 (8)                     ; 0 (0)         ; 0           ; 0    ; 0          ; 0            ; 0       ; 0         ; 0    ; 0            ; 0 (0)        ; 1 (1)             ; 7 (7)            ; 0          ; |pulseController|memory4c:u_delays|storage:block[7]                                                      ; storage                  ; work         ;
;       |storage:block[8]|                           ; 8 (8)       ; 8 (8)                     ; 0 (0)         ; 0           ; 0    ; 0          ; 0            ; 0       ; 0         ; 0    ; 0            ; 0 (0)        ; 0 (0)             ; 8 (8)            ; 0          ; |pulseController|memory4c:u_delays|storage:block[8]                                                      ; storage                  ; work         ;
;       |storage:block[9]|                           ; 8 (8)       ; 8 (8)                     ; 0 (0)         ; 0           ; 0    ; 0          ; 0            ; 0       ; 0         ; 0    ; 0            ; 0 (0)        ; 1 (1)             ; 7 (7)            ; 0          ; |pulseController|memory4c:u_delays|storage:block[9]                                                      ; storage                  ; work         ;
;    |memory4c:u_widths|                             ; 391 (85)    ; 264 (8)                   ; 0 (0)         ; 0           ; 0    ; 0          ; 0            ; 0       ; 0         ; 0    ; 0            ; 126 (77)     ; 34 (0)            ; 231 (93)         ; 0          ; |pulseController|memory4c:u_widths                                                                       ; memory4c                 ; work         ;
;       |deMux8:gen_blockMux[0].blockMux|            ; 37 (0)      ; 0 (0)                     ; 0 (0)         ; 0           ; 0    ; 0          ; 0            ; 0       ; 0         ; 0    ; 0            ; 4 (0)        ; 0 (0)             ; 33 (0)           ; 0          ; |pulseController|memory4c:u_widths|deMux8:gen_blockMux[0].blockMux                                       ; deMux8                   ; work         ;
;          |deMux4:l1|                               ; 20 (0)      ; 0 (0)                     ; 0 (0)         ; 0           ; 0    ; 0          ; 0            ; 0       ; 0         ; 0    ; 0            ; 3 (0)        ; 0 (0)             ; 17 (0)           ; 0          ; |pulseController|memory4c:u_widths|deMux8:gen_blockMux[0].blockMux|deMux4:l1                             ; deMux4                   ; work         ;
;             |deMux:first|                          ; 20 (0)      ; 0 (0)                     ; 0 (0)         ; 0           ; 0    ; 0          ; 0            ; 0       ; 0         ; 0    ; 0            ; 3 (0)        ; 0 (0)             ; 17 (0)           ; 0          ; |pulseController|memory4c:u_widths|deMux8:gen_blockMux[0].blockMux|deMux4:l1|deMux:first                 ; deMux                    ; work         ;
;                |deMuxBase:u[0]|                    ; 6 (6)       ; 0 (0)                     ; 0 (0)         ; 0           ; 0    ; 0          ; 0            ; 0       ; 0         ; 0    ; 0            ; 2 (2)        ; 0 (0)             ; 4 (4)            ; 0          ; |pulseController|memory4c:u_widths|deMux8:gen_blockMux[0].blockMux|deMux4:l1|deMux:first|deMuxBase:u[0]  ; deMuxBase                ; work         ;
;                |deMuxBase:u[1]|                    ; 2 (2)       ; 0 (0)                     ; 0 (0)         ; 0           ; 0    ; 0          ; 0            ; 0       ; 0         ; 0    ; 0            ; 0 (0)        ; 0 (0)             ; 2 (2)            ; 0          ; |pulseController|memory4c:u_widths|deMux8:gen_blockMux[0].blockMux|deMux4:l1|deMux:first|deMuxBase:u[1]  ; deMuxBase                ; work         ;
;                |deMuxBase:u[2]|                    ; 2 (2)       ; 0 (0)                     ; 0 (0)         ; 0           ; 0    ; 0          ; 0            ; 0       ; 0         ; 0    ; 0            ; 1 (1)        ; 0 (0)             ; 1 (1)            ; 0          ; |pulseController|memory4c:u_widths|deMux8:gen_blockMux[0].blockMux|deMux4:l1|deMux:first|deMuxBase:u[2]  ; deMuxBase                ; work         ;
;                |deMuxBase:u[3]|                    ; 2 (2)       ; 0 (0)                     ; 0 (0)         ; 0           ; 0    ; 0          ; 0            ; 0       ; 0         ; 0    ; 0            ; 0 (0)        ; 0 (0)             ; 2 (2)            ; 0          ; |pulseController|memory4c:u_widths|deMux8:gen_blockMux[0].blockMux|deMux4:l1|deMux:first|deMuxBase:u[3]  ; deMuxBase                ; work         ;
;                |deMuxBase:u[4]|                    ; 2 (2)       ; 0 (0)                     ; 0 (0)         ; 0           ; 0    ; 0          ; 0            ; 0       ; 0         ; 0    ; 0            ; 0 (0)        ; 0 (0)             ; 2 (2)            ; 0          ; |pulseController|memory4c:u_widths|deMux8:gen_blockMux[0].blockMux|deMux4:l1|deMux:first|deMuxBase:u[4]  ; deMuxBase                ; work         ;
;                |deMuxBase:u[5]|                    ; 2 (2)       ; 0 (0)                     ; 0 (0)         ; 0           ; 0    ; 0          ; 0            ; 0       ; 0         ; 0    ; 0            ; 0 (0)        ; 0 (0)             ; 2 (2)            ; 0          ; |pulseController|memory4c:u_widths|deMux8:gen_blockMux[0].blockMux|deMux4:l1|deMux:first|deMuxBase:u[5]  ; deMuxBase                ; work         ;
;                |deMuxBase:u[6]|                    ; 2 (2)       ; 0 (0)                     ; 0 (0)         ; 0           ; 0    ; 0          ; 0            ; 0       ; 0         ; 0    ; 0            ; 0 (0)        ; 0 (0)             ; 2 (2)            ; 0          ; |pulseController|memory4c:u_widths|deMux8:gen_blockMux[0].blockMux|deMux4:l1|deMux:first|deMuxBase:u[6]  ; deMuxBase                ; work         ;
;                |deMuxBase:u[7]|                    ; 2 (2)       ; 0 (0)                     ; 0 (0)         ; 0           ; 0    ; 0          ; 0            ; 0       ; 0         ; 0    ; 0            ; 0 (0)        ; 0 (0)             ; 2 (2)            ; 0          ; |pulseController|memory4c:u_widths|deMux8:gen_blockMux[0].blockMux|deMux4:l1|deMux:first|deMuxBase:u[7]  ; deMuxBase                ; work         ;
;          |deMux4:l2|                               ; 17 (0)      ; 0 (0)                     ; 0 (0)         ; 0           ; 0    ; 0          ; 0            ; 0       ; 0         ; 0    ; 0            ; 1 (0)        ; 0 (0)             ; 16 (0)           ; 0          ; |pulseController|memory4c:u_widths|deMux8:gen_blockMux[0].blockMux|deMux4:l2                             ; deMux4                   ; work         ;
;             |deMux:first|                          ; 17 (0)      ; 0 (0)                     ; 0 (0)         ; 0           ; 0    ; 0          ; 0            ; 0       ; 0         ; 0    ; 0            ; 1 (0)        ; 0 (0)             ; 16 (0)           ; 0          ; |pulseController|memory4c:u_widths|deMux8:gen_blockMux[0].blockMux|deMux4:l2|deMux:first                 ; deMux                    ; work         ;
;                |deMuxBase:u[0]|                    ; 3 (3)       ; 0 (0)                     ; 0 (0)         ; 0           ; 0    ; 0          ; 0            ; 0       ; 0         ; 0    ; 0            ; 1 (1)        ; 0 (0)             ; 2 (2)            ; 0          ; |pulseController|memory4c:u_widths|deMux8:gen_blockMux[0].blockMux|deMux4:l2|deMux:first|deMuxBase:u[0]  ; deMuxBase                ; work         ;
;                |deMuxBase:u[1]|                    ; 2 (2)       ; 0 (0)                     ; 0 (0)         ; 0           ; 0    ; 0          ; 0            ; 0       ; 0         ; 0    ; 0            ; 0 (0)        ; 0 (0)             ; 2 (2)            ; 0          ; |pulseController|memory4c:u_widths|deMux8:gen_blockMux[0].blockMux|deMux4:l2|deMux:first|deMuxBase:u[1]  ; deMuxBase                ; work         ;
;                |deMuxBase:u[2]|                    ; 2 (2)       ; 0 (0)                     ; 0 (0)         ; 0           ; 0    ; 0          ; 0            ; 0       ; 0         ; 0    ; 0            ; 0 (0)        ; 0 (0)             ; 2 (2)            ; 0          ; |pulseController|memory4c:u_widths|deMux8:gen_blockMux[0].blockMux|deMux4:l2|deMux:first|deMuxBase:u[2]  ; deMuxBase                ; work         ;
;                |deMuxBase:u[3]|                    ; 2 (2)       ; 0 (0)                     ; 0 (0)         ; 0           ; 0    ; 0          ; 0            ; 0       ; 0         ; 0    ; 0            ; 0 (0)        ; 0 (0)             ; 2 (2)            ; 0          ; |pulseController|memory4c:u_widths|deMux8:gen_blockMux[0].blockMux|deMux4:l2|deMux:first|deMuxBase:u[3]  ; deMuxBase                ; work         ;
;                |deMuxBase:u[4]|                    ; 2 (2)       ; 0 (0)                     ; 0 (0)         ; 0           ; 0    ; 0          ; 0            ; 0       ; 0         ; 0    ; 0            ; 0 (0)        ; 0 (0)             ; 2 (2)            ; 0          ; |pulseController|memory4c:u_widths|deMux8:gen_blockMux[0].blockMux|deMux4:l2|deMux:first|deMuxBase:u[4]  ; deMuxBase                ; work         ;
;                |deMuxBase:u[5]|                    ; 2 (2)       ; 0 (0)                     ; 0 (0)         ; 0           ; 0    ; 0          ; 0            ; 0       ; 0         ; 0    ; 0            ; 0 (0)        ; 0 (0)             ; 2 (2)            ; 0          ; |pulseController|memory4c:u_widths|deMux8:gen_blockMux[0].blockMux|deMux4:l2|deMux:first|deMuxBase:u[5]  ; deMuxBase                ; work         ;
;                |deMuxBase:u[6]|                    ; 2 (2)       ; 0 (0)                     ; 0 (0)         ; 0           ; 0    ; 0          ; 0            ; 0       ; 0         ; 0    ; 0            ; 0 (0)        ; 0 (0)             ; 2 (2)            ; 0          ; |pulseController|memory4c:u_widths|deMux8:gen_blockMux[0].blockMux|deMux4:l2|deMux:first|deMuxBase:u[6]  ; deMuxBase                ; work         ;
;                |deMuxBase:u[7]|                    ; 2 (2)       ; 0 (0)                     ; 0 (0)         ; 0           ; 0    ; 0          ; 0            ; 0       ; 0         ; 0    ; 0            ; 0 (0)        ; 0 (0)             ; 2 (2)            ; 0          ; |pulseController|memory4c:u_widths|deMux8:gen_blockMux[0].blockMux|deMux4:l2|deMux:first|deMuxBase:u[7]  ; deMuxBase                ; work         ;
;       |deMux8:gen_blockMux[1].blockMux|            ; 35 (0)      ; 0 (0)                     ; 0 (0)         ; 0           ; 0    ; 0          ; 0            ; 0       ; 0         ; 0    ; 0            ; 5 (0)        ; 0 (0)             ; 30 (0)           ; 0          ; |pulseController|memory4c:u_widths|deMux8:gen_blockMux[1].blockMux                                       ; deMux8                   ; work         ;
;          |deMux4:l1|                               ; 16 (0)      ; 0 (0)                     ; 0 (0)         ; 0           ; 0    ; 0          ; 0            ; 0       ; 0         ; 0    ; 0            ; 3 (0)        ; 0 (0)             ; 13 (0)           ; 0          ; |pulseController|memory4c:u_widths|deMux8:gen_blockMux[1].blockMux|deMux4:l1                             ; deMux4                   ; work         ;
;             |deMux:first|                          ; 16 (0)      ; 0 (0)                     ; 0 (0)         ; 0           ; 0    ; 0          ; 0            ; 0       ; 0         ; 0    ; 0            ; 3 (0)        ; 0 (0)             ; 13 (0)           ; 0          ; |pulseController|memory4c:u_widths|deMux8:gen_blockMux[1].blockMux|deMux4:l1|deMux:first                 ; deMux                    ; work         ;
;                |deMuxBase:u[0]|                    ; 2 (2)       ; 0 (0)                     ; 0 (0)         ; 0           ; 0    ; 0          ; 0            ; 0       ; 0         ; 0    ; 0            ; 0 (0)        ; 0 (0)             ; 2 (2)            ; 0          ; |pulseController|memory4c:u_widths|deMux8:gen_blockMux[1].blockMux|deMux4:l1|deMux:first|deMuxBase:u[0]  ; deMuxBase                ; work         ;
;                |deMuxBase:u[1]|                    ; 2 (2)       ; 0 (0)                     ; 0 (0)         ; 0           ; 0    ; 0          ; 0            ; 0       ; 0         ; 0    ; 0            ; 0 (0)        ; 0 (0)             ; 2 (2)            ; 0          ; |pulseController|memory4c:u_widths|deMux8:gen_blockMux[1].blockMux|deMux4:l1|deMux:first|deMuxBase:u[1]  ; deMuxBase                ; work         ;
;                |deMuxBase:u[2]|                    ; 2 (2)       ; 0 (0)                     ; 0 (0)         ; 0           ; 0    ; 0          ; 0            ; 0       ; 0         ; 0    ; 0            ; 0 (0)        ; 0 (0)             ; 2 (2)            ; 0          ; |pulseController|memory4c:u_widths|deMux8:gen_blockMux[1].blockMux|deMux4:l1|deMux:first|deMuxBase:u[2]  ; deMuxBase                ; work         ;
;                |deMuxBase:u[3]|                    ; 2 (2)       ; 0 (0)                     ; 0 (0)         ; 0           ; 0    ; 0          ; 0            ; 0       ; 0         ; 0    ; 0            ; 1 (1)        ; 0 (0)             ; 1 (1)            ; 0          ; |pulseController|memory4c:u_widths|deMux8:gen_blockMux[1].blockMux|deMux4:l1|deMux:first|deMuxBase:u[3]  ; deMuxBase                ; work         ;
;                |deMuxBase:u[4]|                    ; 2 (2)       ; 0 (0)                     ; 0 (0)         ; 0           ; 0    ; 0          ; 0            ; 0       ; 0         ; 0    ; 0            ; 1 (1)        ; 0 (0)             ; 1 (1)            ; 0          ; |pulseController|memory4c:u_widths|deMux8:gen_blockMux[1].blockMux|deMux4:l1|deMux:first|deMuxBase:u[4]  ; deMuxBase                ; work         ;
;                |deMuxBase:u[5]|                    ; 2 (2)       ; 0 (0)                     ; 0 (0)         ; 0           ; 0    ; 0          ; 0            ; 0       ; 0         ; 0    ; 0            ; 0 (0)        ; 0 (0)             ; 2 (2)            ; 0          ; |pulseController|memory4c:u_widths|deMux8:gen_blockMux[1].blockMux|deMux4:l1|deMux:first|deMuxBase:u[5]  ; deMuxBase                ; work         ;
;                |deMuxBase:u[6]|                    ; 2 (2)       ; 0 (0)                     ; 0 (0)         ; 0           ; 0    ; 0          ; 0            ; 0       ; 0         ; 0    ; 0            ; 1 (1)        ; 0 (0)             ; 1 (1)            ; 0          ; |pulseController|memory4c:u_widths|deMux8:gen_blockMux[1].blockMux|deMux4:l1|deMux:first|deMuxBase:u[6]  ; deMuxBase                ; work         ;
;                |deMuxBase:u[7]|                    ; 2 (2)       ; 0 (0)                     ; 0 (0)         ; 0           ; 0    ; 0          ; 0            ; 0       ; 0         ; 0    ; 0            ; 0 (0)        ; 0 (0)             ; 2 (2)            ; 0          ; |pulseController|memory4c:u_widths|deMux8:gen_blockMux[1].blockMux|deMux4:l1|deMux:first|deMuxBase:u[7]  ; deMuxBase                ; work         ;
;          |deMux4:l2|                               ; 19 (0)      ; 0 (0)                     ; 0 (0)         ; 0           ; 0    ; 0          ; 0            ; 0       ; 0         ; 0    ; 0            ; 2 (0)        ; 0 (0)             ; 17 (0)           ; 0          ; |pulseController|memory4c:u_widths|deMux8:gen_blockMux[1].blockMux|deMux4:l2                             ; deMux4                   ; work         ;
;             |deMux:first|                          ; 19 (0)      ; 0 (0)                     ; 0 (0)         ; 0           ; 0    ; 0          ; 0            ; 0       ; 0         ; 0    ; 0            ; 2 (0)        ; 0 (0)             ; 17 (0)           ; 0          ; |pulseController|memory4c:u_widths|deMux8:gen_blockMux[1].blockMux|deMux4:l2|deMux:first                 ; deMux                    ; work         ;
;                |deMuxBase:u[0]|                    ; 5 (5)       ; 0 (0)                     ; 0 (0)         ; 0           ; 0    ; 0          ; 0            ; 0       ; 0         ; 0    ; 0            ; 1 (1)        ; 0 (0)             ; 4 (4)            ; 0          ; |pulseController|memory4c:u_widths|deMux8:gen_blockMux[1].blockMux|deMux4:l2|deMux:first|deMuxBase:u[0]  ; deMuxBase                ; work         ;
;                |deMuxBase:u[1]|                    ; 2 (2)       ; 0 (0)                     ; 0 (0)         ; 0           ; 0    ; 0          ; 0            ; 0       ; 0         ; 0    ; 0            ; 0 (0)        ; 0 (0)             ; 2 (2)            ; 0          ; |pulseController|memory4c:u_widths|deMux8:gen_blockMux[1].blockMux|deMux4:l2|deMux:first|deMuxBase:u[1]  ; deMuxBase                ; work         ;
;                |deMuxBase:u[2]|                    ; 2 (2)       ; 0 (0)                     ; 0 (0)         ; 0           ; 0    ; 0          ; 0            ; 0       ; 0         ; 0    ; 0            ; 0 (0)        ; 0 (0)             ; 2 (2)            ; 0          ; |pulseController|memory4c:u_widths|deMux8:gen_blockMux[1].blockMux|deMux4:l2|deMux:first|deMuxBase:u[2]  ; deMuxBase                ; work         ;
;                |deMuxBase:u[3]|                    ; 2 (2)       ; 0 (0)                     ; 0 (0)         ; 0           ; 0    ; 0          ; 0            ; 0       ; 0         ; 0    ; 0            ; 0 (0)        ; 0 (0)             ; 2 (2)            ; 0          ; |pulseController|memory4c:u_widths|deMux8:gen_blockMux[1].blockMux|deMux4:l2|deMux:first|deMuxBase:u[3]  ; deMuxBase                ; work         ;
;                |deMuxBase:u[4]|                    ; 2 (2)       ; 0 (0)                     ; 0 (0)         ; 0           ; 0    ; 0          ; 0            ; 0       ; 0         ; 0    ; 0            ; 0 (0)        ; 0 (0)             ; 2 (2)            ; 0          ; |pulseController|memory4c:u_widths|deMux8:gen_blockMux[1].blockMux|deMux4:l2|deMux:first|deMuxBase:u[4]  ; deMuxBase                ; work         ;
;                |deMuxBase:u[5]|                    ; 2 (2)       ; 0 (0)                     ; 0 (0)         ; 0           ; 0    ; 0          ; 0            ; 0       ; 0         ; 0    ; 0            ; 0 (0)        ; 0 (0)             ; 2 (2)            ; 0          ; |pulseController|memory4c:u_widths|deMux8:gen_blockMux[1].blockMux|deMux4:l2|deMux:first|deMuxBase:u[5]  ; deMuxBase                ; work         ;
;                |deMuxBase:u[6]|                    ; 2 (2)       ; 0 (0)                     ; 0 (0)         ; 0           ; 0    ; 0          ; 0            ; 0       ; 0         ; 0    ; 0            ; 0 (0)        ; 0 (0)             ; 2 (2)            ; 0          ; |pulseController|memory4c:u_widths|deMux8:gen_blockMux[1].blockMux|deMux4:l2|deMux:first|deMuxBase:u[6]  ; deMuxBase                ; work         ;
;                |deMuxBase:u[7]|                    ; 2 (2)       ; 0 (0)                     ; 0 (0)         ; 0           ; 0    ; 0          ; 0            ; 0       ; 0         ; 0    ; 0            ; 1 (1)        ; 0 (0)             ; 1 (1)            ; 0          ; |pulseController|memory4c:u_widths|deMux8:gen_blockMux[1].blockMux|deMux4:l2|deMux:first|deMuxBase:u[7]  ; deMuxBase                ; work         ;
;       |deMux8:gen_blockMux[2].blockMux|            ; 33 (0)      ; 0 (0)                     ; 0 (0)         ; 0           ; 0    ; 0          ; 0            ; 0       ; 0         ; 0    ; 0            ; 0 (0)        ; 0 (0)             ; 33 (0)           ; 0          ; |pulseController|memory4c:u_widths|deMux8:gen_blockMux[2].blockMux                                       ; deMux8                   ; work         ;
;          |deMux4:l1|                               ; 16 (0)      ; 0 (0)                     ; 0 (0)         ; 0           ; 0    ; 0          ; 0            ; 0       ; 0         ; 0    ; 0            ; 0 (0)        ; 0 (0)             ; 16 (0)           ; 0          ; |pulseController|memory4c:u_widths|deMux8:gen_blockMux[2].blockMux|deMux4:l1                             ; deMux4                   ; work         ;
;             |deMux:first|                          ; 16 (0)      ; 0 (0)                     ; 0 (0)         ; 0           ; 0    ; 0          ; 0            ; 0       ; 0         ; 0    ; 0            ; 0 (0)        ; 0 (0)             ; 16 (0)           ; 0          ; |pulseController|memory4c:u_widths|deMux8:gen_blockMux[2].blockMux|deMux4:l1|deMux:first                 ; deMux                    ; work         ;
;                |deMuxBase:u[0]|                    ; 2 (2)       ; 0 (0)                     ; 0 (0)         ; 0           ; 0    ; 0          ; 0            ; 0       ; 0         ; 0    ; 0            ; 0 (0)        ; 0 (0)             ; 2 (2)            ; 0          ; |pulseController|memory4c:u_widths|deMux8:gen_blockMux[2].blockMux|deMux4:l1|deMux:first|deMuxBase:u[0]  ; deMuxBase                ; work         ;
;                |deMuxBase:u[1]|                    ; 2 (2)       ; 0 (0)                     ; 0 (0)         ; 0           ; 0    ; 0          ; 0            ; 0       ; 0         ; 0    ; 0            ; 0 (0)        ; 0 (0)             ; 2 (2)            ; 0          ; |pulseController|memory4c:u_widths|deMux8:gen_blockMux[2].blockMux|deMux4:l1|deMux:first|deMuxBase:u[1]  ; deMuxBase                ; work         ;
;                |deMuxBase:u[2]|                    ; 2 (2)       ; 0 (0)                     ; 0 (0)         ; 0           ; 0    ; 0          ; 0            ; 0       ; 0         ; 0    ; 0            ; 0 (0)        ; 0 (0)             ; 2 (2)            ; 0          ; |pulseController|memory4c:u_widths|deMux8:gen_blockMux[2].blockMux|deMux4:l1|deMux:first|deMuxBase:u[2]  ; deMuxBase                ; work         ;
;                |deMuxBase:u[3]|                    ; 2 (2)       ; 0 (0)                     ; 0 (0)         ; 0           ; 0    ; 0          ; 0            ; 0       ; 0         ; 0    ; 0            ; 0 (0)        ; 0 (0)             ; 2 (2)            ; 0          ; |pulseController|memory4c:u_widths|deMux8:gen_blockMux[2].blockMux|deMux4:l1|deMux:first|deMuxBase:u[3]  ; deMuxBase                ; work         ;
;                |deMuxBase:u[4]|                    ; 2 (2)       ; 0 (0)                     ; 0 (0)         ; 0           ; 0    ; 0          ; 0            ; 0       ; 0         ; 0    ; 0            ; 0 (0)        ; 0 (0)             ; 2 (2)            ; 0          ; |pulseController|memory4c:u_widths|deMux8:gen_blockMux[2].blockMux|deMux4:l1|deMux:first|deMuxBase:u[4]  ; deMuxBase                ; work         ;
;                |deMuxBase:u[5]|                    ; 2 (2)       ; 0 (0)                     ; 0 (0)         ; 0           ; 0    ; 0          ; 0            ; 0       ; 0         ; 0    ; 0            ; 0 (0)        ; 0 (0)             ; 2 (2)            ; 0          ; |pulseController|memory4c:u_widths|deMux8:gen_blockMux[2].blockMux|deMux4:l1|deMux:first|deMuxBase:u[5]  ; deMuxBase                ; work         ;
;                |deMuxBase:u[6]|                    ; 2 (2)       ; 0 (0)                     ; 0 (0)         ; 0           ; 0    ; 0          ; 0            ; 0       ; 0         ; 0    ; 0            ; 0 (0)        ; 0 (0)             ; 2 (2)            ; 0          ; |pulseController|memory4c:u_widths|deMux8:gen_blockMux[2].blockMux|deMux4:l1|deMux:first|deMuxBase:u[6]  ; deMuxBase                ; work         ;
;                |deMuxBase:u[7]|                    ; 2 (2)       ; 0 (0)                     ; 0 (0)         ; 0           ; 0    ; 0          ; 0            ; 0       ; 0         ; 0    ; 0            ; 0 (0)        ; 0 (0)             ; 2 (2)            ; 0          ; |pulseController|memory4c:u_widths|deMux8:gen_blockMux[2].blockMux|deMux4:l1|deMux:first|deMuxBase:u[7]  ; deMuxBase                ; work         ;
;          |deMux4:l2|                               ; 17 (0)      ; 0 (0)                     ; 0 (0)         ; 0           ; 0    ; 0          ; 0            ; 0       ; 0         ; 0    ; 0            ; 0 (0)        ; 0 (0)             ; 17 (0)           ; 0          ; |pulseController|memory4c:u_widths|deMux8:gen_blockMux[2].blockMux|deMux4:l2                             ; deMux4                   ; work         ;
;             |deMux:first|                          ; 17 (0)      ; 0 (0)                     ; 0 (0)         ; 0           ; 0    ; 0          ; 0            ; 0       ; 0         ; 0    ; 0            ; 0 (0)        ; 0 (0)             ; 17 (0)           ; 0          ; |pulseController|memory4c:u_widths|deMux8:gen_blockMux[2].blockMux|deMux4:l2|deMux:first                 ; deMux                    ; work         ;
;                |deMuxBase:u[0]|                    ; 3 (3)       ; 0 (0)                     ; 0 (0)         ; 0           ; 0    ; 0          ; 0            ; 0       ; 0         ; 0    ; 0            ; 0 (0)        ; 0 (0)             ; 3 (3)            ; 0          ; |pulseController|memory4c:u_widths|deMux8:gen_blockMux[2].blockMux|deMux4:l2|deMux:first|deMuxBase:u[0]  ; deMuxBase                ; work         ;
;                |deMuxBase:u[1]|                    ; 2 (2)       ; 0 (0)                     ; 0 (0)         ; 0           ; 0    ; 0          ; 0            ; 0       ; 0         ; 0    ; 0            ; 0 (0)        ; 0 (0)             ; 2 (2)            ; 0          ; |pulseController|memory4c:u_widths|deMux8:gen_blockMux[2].blockMux|deMux4:l2|deMux:first|deMuxBase:u[1]  ; deMuxBase                ; work         ;
;                |deMuxBase:u[2]|                    ; 2 (2)       ; 0 (0)                     ; 0 (0)         ; 0           ; 0    ; 0          ; 0            ; 0       ; 0         ; 0    ; 0            ; 0 (0)        ; 0 (0)             ; 2 (2)            ; 0          ; |pulseController|memory4c:u_widths|deMux8:gen_blockMux[2].blockMux|deMux4:l2|deMux:first|deMuxBase:u[2]  ; deMuxBase                ; work         ;
;                |deMuxBase:u[3]|                    ; 2 (2)       ; 0 (0)                     ; 0 (0)         ; 0           ; 0    ; 0          ; 0            ; 0       ; 0         ; 0    ; 0            ; 0 (0)        ; 0 (0)             ; 2 (2)            ; 0          ; |pulseController|memory4c:u_widths|deMux8:gen_blockMux[2].blockMux|deMux4:l2|deMux:first|deMuxBase:u[3]  ; deMuxBase                ; work         ;
;                |deMuxBase:u[4]|                    ; 2 (2)       ; 0 (0)                     ; 0 (0)         ; 0           ; 0    ; 0          ; 0            ; 0       ; 0         ; 0    ; 0            ; 0 (0)        ; 0 (0)             ; 2 (2)            ; 0          ; |pulseController|memory4c:u_widths|deMux8:gen_blockMux[2].blockMux|deMux4:l2|deMux:first|deMuxBase:u[4]  ; deMuxBase                ; work         ;
;                |deMuxBase:u[5]|                    ; 2 (2)       ; 0 (0)                     ; 0 (0)         ; 0           ; 0    ; 0          ; 0            ; 0       ; 0         ; 0    ; 0            ; 0 (0)        ; 0 (0)             ; 2 (2)            ; 0          ; |pulseController|memory4c:u_widths|deMux8:gen_blockMux[2].blockMux|deMux4:l2|deMux:first|deMuxBase:u[5]  ; deMuxBase                ; work         ;
;                |deMuxBase:u[6]|                    ; 2 (2)       ; 0 (0)                     ; 0 (0)         ; 0           ; 0    ; 0          ; 0            ; 0       ; 0         ; 0    ; 0            ; 0 (0)        ; 0 (0)             ; 2 (2)            ; 0          ; |pulseController|memory4c:u_widths|deMux8:gen_blockMux[2].blockMux|deMux4:l2|deMux:first|deMuxBase:u[6]  ; deMuxBase                ; work         ;
;                |deMuxBase:u[7]|                    ; 2 (2)       ; 0 (0)                     ; 0 (0)         ; 0           ; 0    ; 0          ; 0            ; 0       ; 0         ; 0    ; 0            ; 0 (0)        ; 0 (0)             ; 2 (2)            ; 0          ; |pulseController|memory4c:u_widths|deMux8:gen_blockMux[2].blockMux|deMux4:l2|deMux:first|deMuxBase:u[7]  ; deMuxBase                ; work         ;
;       |deMux8:gen_blockMux[3].blockMux|            ; 33 (0)      ; 0 (0)                     ; 0 (0)         ; 0           ; 0    ; 0          ; 0            ; 0       ; 0         ; 0    ; 0            ; 5 (0)        ; 0 (0)             ; 28 (0)           ; 0          ; |pulseController|memory4c:u_widths|deMux8:gen_blockMux[3].blockMux                                       ; deMux8                   ; work         ;
;          |deMux4:l1|                               ; 16 (0)      ; 0 (0)                     ; 0 (0)         ; 0           ; 0    ; 0          ; 0            ; 0       ; 0         ; 0    ; 0            ; 2 (0)        ; 0 (0)             ; 14 (0)           ; 0          ; |pulseController|memory4c:u_widths|deMux8:gen_blockMux[3].blockMux|deMux4:l1                             ; deMux4                   ; work         ;
;             |deMux:first|                          ; 16 (0)      ; 0 (0)                     ; 0 (0)         ; 0           ; 0    ; 0          ; 0            ; 0       ; 0         ; 0    ; 0            ; 2 (0)        ; 0 (0)             ; 14 (0)           ; 0          ; |pulseController|memory4c:u_widths|deMux8:gen_blockMux[3].blockMux|deMux4:l1|deMux:first                 ; deMux                    ; work         ;
;                |deMuxBase:u[0]|                    ; 2 (2)       ; 0 (0)                     ; 0 (0)         ; 0           ; 0    ; 0          ; 0            ; 0       ; 0         ; 0    ; 0            ; 0 (0)        ; 0 (0)             ; 2 (2)            ; 0          ; |pulseController|memory4c:u_widths|deMux8:gen_blockMux[3].blockMux|deMux4:l1|deMux:first|deMuxBase:u[0]  ; deMuxBase                ; work         ;
;                |deMuxBase:u[1]|                    ; 2 (2)       ; 0 (0)                     ; 0 (0)         ; 0           ; 0    ; 0          ; 0            ; 0       ; 0         ; 0    ; 0            ; 0 (0)        ; 0 (0)             ; 2 (2)            ; 0          ; |pulseController|memory4c:u_widths|deMux8:gen_blockMux[3].blockMux|deMux4:l1|deMux:first|deMuxBase:u[1]  ; deMuxBase                ; work         ;
;                |deMuxBase:u[2]|                    ; 2 (2)       ; 0 (0)                     ; 0 (0)         ; 0           ; 0    ; 0          ; 0            ; 0       ; 0         ; 0    ; 0            ; 0 (0)        ; 0 (0)             ; 2 (2)            ; 0          ; |pulseController|memory4c:u_widths|deMux8:gen_blockMux[3].blockMux|deMux4:l1|deMux:first|deMuxBase:u[2]  ; deMuxBase                ; work         ;
;                |deMuxBase:u[3]|                    ; 2 (2)       ; 0 (0)                     ; 0 (0)         ; 0           ; 0    ; 0          ; 0            ; 0       ; 0         ; 0    ; 0            ; 1 (1)        ; 0 (0)             ; 1 (1)            ; 0          ; |pulseController|memory4c:u_widths|deMux8:gen_blockMux[3].blockMux|deMux4:l1|deMux:first|deMuxBase:u[3]  ; deMuxBase                ; work         ;
;                |deMuxBase:u[4]|                    ; 2 (2)       ; 0 (0)                     ; 0 (0)         ; 0           ; 0    ; 0          ; 0            ; 0       ; 0         ; 0    ; 0            ; 0 (0)        ; 0 (0)             ; 2 (2)            ; 0          ; |pulseController|memory4c:u_widths|deMux8:gen_blockMux[3].blockMux|deMux4:l1|deMux:first|deMuxBase:u[4]  ; deMuxBase                ; work         ;
;                |deMuxBase:u[5]|                    ; 2 (2)       ; 0 (0)                     ; 0 (0)         ; 0           ; 0    ; 0          ; 0            ; 0       ; 0         ; 0    ; 0            ; 1 (1)        ; 0 (0)             ; 1 (1)            ; 0          ; |pulseController|memory4c:u_widths|deMux8:gen_blockMux[3].blockMux|deMux4:l1|deMux:first|deMuxBase:u[5]  ; deMuxBase                ; work         ;
;                |deMuxBase:u[6]|                    ; 2 (2)       ; 0 (0)                     ; 0 (0)         ; 0           ; 0    ; 0          ; 0            ; 0       ; 0         ; 0    ; 0            ; 0 (0)        ; 0 (0)             ; 2 (2)            ; 0          ; |pulseController|memory4c:u_widths|deMux8:gen_blockMux[3].blockMux|deMux4:l1|deMux:first|deMuxBase:u[6]  ; deMuxBase                ; work         ;
;                |deMuxBase:u[7]|                    ; 2 (2)       ; 0 (0)                     ; 0 (0)         ; 0           ; 0    ; 0          ; 0            ; 0       ; 0         ; 0    ; 0            ; 0 (0)        ; 0 (0)             ; 2 (2)            ; 0          ; |pulseController|memory4c:u_widths|deMux8:gen_blockMux[3].blockMux|deMux4:l1|deMux:first|deMuxBase:u[7]  ; deMuxBase                ; work         ;
;          |deMux4:l2|                               ; 17 (0)      ; 0 (0)                     ; 0 (0)         ; 0           ; 0    ; 0          ; 0            ; 0       ; 0         ; 0    ; 0            ; 3 (0)        ; 0 (0)             ; 14 (0)           ; 0          ; |pulseController|memory4c:u_widths|deMux8:gen_blockMux[3].blockMux|deMux4:l2                             ; deMux4                   ; work         ;
;             |deMux:first|                          ; 17 (0)      ; 0 (0)                     ; 0 (0)         ; 0           ; 0    ; 0          ; 0            ; 0       ; 0         ; 0    ; 0            ; 3 (0)        ; 0 (0)             ; 14 (0)           ; 0          ; |pulseController|memory4c:u_widths|deMux8:gen_blockMux[3].blockMux|deMux4:l2|deMux:first                 ; deMux                    ; work         ;
;                |deMuxBase:u[0]|                    ; 3 (3)       ; 0 (0)                     ; 0 (0)         ; 0           ; 0    ; 0          ; 0            ; 0       ; 0         ; 0    ; 0            ; 1 (1)        ; 0 (0)             ; 2 (2)            ; 0          ; |pulseController|memory4c:u_widths|deMux8:gen_blockMux[3].blockMux|deMux4:l2|deMux:first|deMuxBase:u[0]  ; deMuxBase                ; work         ;
;                |deMuxBase:u[1]|                    ; 2 (2)       ; 0 (0)                     ; 0 (0)         ; 0           ; 0    ; 0          ; 0            ; 0       ; 0         ; 0    ; 0            ; 0 (0)        ; 0 (0)             ; 2 (2)            ; 0          ; |pulseController|memory4c:u_widths|deMux8:gen_blockMux[3].blockMux|deMux4:l2|deMux:first|deMuxBase:u[1]  ; deMuxBase                ; work         ;
;                |deMuxBase:u[2]|                    ; 2 (2)       ; 0 (0)                     ; 0 (0)         ; 0           ; 0    ; 0          ; 0            ; 0       ; 0         ; 0    ; 0            ; 1 (1)        ; 0 (0)             ; 1 (1)            ; 0          ; |pulseController|memory4c:u_widths|deMux8:gen_blockMux[3].blockMux|deMux4:l2|deMux:first|deMuxBase:u[2]  ; deMuxBase                ; work         ;
;                |deMuxBase:u[3]|                    ; 2 (2)       ; 0 (0)                     ; 0 (0)         ; 0           ; 0    ; 0          ; 0            ; 0       ; 0         ; 0    ; 0            ; 0 (0)        ; 0 (0)             ; 2 (2)            ; 0          ; |pulseController|memory4c:u_widths|deMux8:gen_blockMux[3].blockMux|deMux4:l2|deMux:first|deMuxBase:u[3]  ; deMuxBase                ; work         ;
;                |deMuxBase:u[4]|                    ; 2 (2)       ; 0 (0)                     ; 0 (0)         ; 0           ; 0    ; 0          ; 0            ; 0       ; 0         ; 0    ; 0            ; 0 (0)        ; 0 (0)             ; 2 (2)            ; 0          ; |pulseController|memory4c:u_widths|deMux8:gen_blockMux[3].blockMux|deMux4:l2|deMux:first|deMuxBase:u[4]  ; deMuxBase                ; work         ;
;                |deMuxBase:u[5]|                    ; 2 (2)       ; 0 (0)                     ; 0 (0)         ; 0           ; 0    ; 0          ; 0            ; 0       ; 0         ; 0    ; 0            ; 1 (1)        ; 0 (0)             ; 1 (1)            ; 0          ; |pulseController|memory4c:u_widths|deMux8:gen_blockMux[3].blockMux|deMux4:l2|deMux:first|deMuxBase:u[5]  ; deMuxBase                ; work         ;
;                |deMuxBase:u[6]|                    ; 2 (2)       ; 0 (0)                     ; 0 (0)         ; 0           ; 0    ; 0          ; 0            ; 0       ; 0         ; 0    ; 0            ; 0 (0)        ; 0 (0)             ; 2 (2)            ; 0          ; |pulseController|memory4c:u_widths|deMux8:gen_blockMux[3].blockMux|deMux4:l2|deMux:first|deMuxBase:u[6]  ; deMuxBase                ; work         ;
;                |deMuxBase:u[7]|                    ; 2 (2)       ; 0 (0)                     ; 0 (0)         ; 0           ; 0    ; 0          ; 0            ; 0       ; 0         ; 0    ; 0            ; 0 (0)        ; 0 (0)             ; 2 (2)            ; 0          ; |pulseController|memory4c:u_widths|deMux8:gen_blockMux[3].blockMux|deMux4:l2|deMux:first|deMuxBase:u[7]  ; deMuxBase                ; work         ;
;       |deMux8:gen_blockRoute[0].blockRoute|        ; 12 (0)      ; 0 (0)                     ; 0 (0)         ; 0           ; 0    ; 0          ; 0            ; 0       ; 0         ; 0    ; 0            ; 9 (0)        ; 0 (0)             ; 3 (0)            ; 0          ; |pulseController|memory4c:u_widths|deMux8:gen_blockRoute[0].blockRoute                                   ; deMux8                   ; work         ;
;          |deMux4:l1|                               ; 5 (0)       ; 0 (0)                     ; 0 (0)         ; 0           ; 0    ; 0          ; 0            ; 0       ; 0         ; 0    ; 0            ; 3 (0)        ; 0 (0)             ; 2 (0)            ; 0          ; |pulseController|memory4c:u_widths|deMux8:gen_blockRoute[0].blockRoute|deMux4:l1                         ; deMux4                   ; work         ;
;             |deMux:l1|                             ; 3 (0)       ; 0 (0)                     ; 0 (0)         ; 0           ; 0    ; 0          ; 0            ; 0       ; 0         ; 0    ; 0            ; 2 (0)        ; 0 (0)             ; 1 (0)            ; 0          ; |pulseController|memory4c:u_widths|deMux8:gen_blockRoute[0].blockRoute|deMux4:l1|deMux:l1                ; deMux                    ; work         ;
;                |deMuxBase:u[0]|                    ; 3 (3)       ; 0 (0)                     ; 0 (0)         ; 0           ; 0    ; 0          ; 0            ; 0       ; 0         ; 0    ; 0            ; 2 (2)        ; 0 (0)             ; 1 (1)            ; 0          ; |pulseController|memory4c:u_widths|deMux8:gen_blockRoute[0].blockRoute|deMux4:l1|deMux:l1|deMuxBase:u[0] ; deMuxBase                ; work         ;
;             |deMux:l2|                             ; 2 (0)       ; 0 (0)                     ; 0 (0)         ; 0           ; 0    ; 0          ; 0            ; 0       ; 0         ; 0    ; 0            ; 1 (0)        ; 0 (0)             ; 1 (0)            ; 0          ; |pulseController|memory4c:u_widths|deMux8:gen_blockRoute[0].blockRoute|deMux4:l1|deMux:l2                ; deMux                    ; work         ;
;                |deMuxBase:u[0]|                    ; 2 (2)       ; 0 (0)                     ; 0 (0)         ; 0           ; 0    ; 0          ; 0            ; 0       ; 0         ; 0    ; 0            ; 1 (1)        ; 0 (0)             ; 1 (1)            ; 0          ; |pulseController|memory4c:u_widths|deMux8:gen_blockRoute[0].blockRoute|deMux4:l1|deMux:l2|deMuxBase:u[0] ; deMuxBase                ; work         ;
;          |deMux4:l2|                               ; 7 (0)       ; 0 (0)                     ; 0 (0)         ; 0           ; 0    ; 0          ; 0            ; 0       ; 0         ; 0    ; 0            ; 6 (0)        ; 0 (0)             ; 1 (0)            ; 0          ; |pulseController|memory4c:u_widths|deMux8:gen_blockRoute[0].blockRoute|deMux4:l2                         ; deMux4                   ; work         ;
;             |deMux:l1|                             ; 5 (0)       ; 0 (0)                     ; 0 (0)         ; 0           ; 0    ; 0          ; 0            ; 0       ; 0         ; 0    ; 0            ; 4 (0)        ; 0 (0)             ; 1 (0)            ; 0          ; |pulseController|memory4c:u_widths|deMux8:gen_blockRoute[0].blockRoute|deMux4:l2|deMux:l1                ; deMux                    ; work         ;
;                |deMuxBase:u[0]|                    ; 5 (5)       ; 0 (0)                     ; 0 (0)         ; 0           ; 0    ; 0          ; 0            ; 0       ; 0         ; 0    ; 0            ; 4 (4)        ; 0 (0)             ; 1 (1)            ; 0          ; |pulseController|memory4c:u_widths|deMux8:gen_blockRoute[0].blockRoute|deMux4:l2|deMux:l1|deMuxBase:u[0] ; deMuxBase                ; work         ;
;             |deMux:l2|                             ; 2 (0)       ; 0 (0)                     ; 0 (0)         ; 0           ; 0    ; 0          ; 0            ; 0       ; 0         ; 0    ; 0            ; 2 (0)        ; 0 (0)             ; 0 (0)            ; 0          ; |pulseController|memory4c:u_widths|deMux8:gen_blockRoute[0].blockRoute|deMux4:l2|deMux:l2                ; deMux                    ; work         ;
;                |deMuxBase:u[0]|                    ; 2 (2)       ; 0 (0)                     ; 0 (0)         ; 0           ; 0    ; 0          ; 0            ; 0       ; 0         ; 0    ; 0            ; 2 (2)        ; 0 (0)             ; 0 (0)            ; 0          ; |pulseController|memory4c:u_widths|deMux8:gen_blockRoute[0].blockRoute|deMux4:l2|deMux:l2|deMuxBase:u[0] ; deMuxBase                ; work         ;
;       |deMux8:gen_blockRoute[1].blockRoute|        ; 14 (0)      ; 0 (0)                     ; 0 (0)         ; 0           ; 0    ; 0          ; 0            ; 0       ; 0         ; 0    ; 0            ; 10 (0)       ; 0 (0)             ; 4 (0)            ; 0          ; |pulseController|memory4c:u_widths|deMux8:gen_blockRoute[1].blockRoute                                   ; deMux8                   ; work         ;
;          |deMux4:l1|                               ; 5 (0)       ; 0 (0)                     ; 0 (0)         ; 0           ; 0    ; 0          ; 0            ; 0       ; 0         ; 0    ; 0            ; 3 (0)        ; 0 (0)             ; 2 (0)            ; 0          ; |pulseController|memory4c:u_widths|deMux8:gen_blockRoute[1].blockRoute|deMux4:l1                         ; deMux4                   ; work         ;
;             |deMux:l1|                             ; 2 (0)       ; 0 (0)                     ; 0 (0)         ; 0           ; 0    ; 0          ; 0            ; 0       ; 0         ; 0    ; 0            ; 1 (0)        ; 0 (0)             ; 1 (0)            ; 0          ; |pulseController|memory4c:u_widths|deMux8:gen_blockRoute[1].blockRoute|deMux4:l1|deMux:l1                ; deMux                    ; work         ;
;                |deMuxBase:u[0]|                    ; 2 (2)       ; 0 (0)                     ; 0 (0)         ; 0           ; 0    ; 0          ; 0            ; 0       ; 0         ; 0    ; 0            ; 1 (1)        ; 0 (0)             ; 1 (1)            ; 0          ; |pulseController|memory4c:u_widths|deMux8:gen_blockRoute[1].blockRoute|deMux4:l1|deMux:l1|deMuxBase:u[0] ; deMuxBase                ; work         ;
;             |deMux:l2|                             ; 3 (0)       ; 0 (0)                     ; 0 (0)         ; 0           ; 0    ; 0          ; 0            ; 0       ; 0         ; 0    ; 0            ; 2 (0)        ; 0 (0)             ; 1 (0)            ; 0          ; |pulseController|memory4c:u_widths|deMux8:gen_blockRoute[1].blockRoute|deMux4:l1|deMux:l2                ; deMux                    ; work         ;
;                |deMuxBase:u[0]|                    ; 3 (3)       ; 0 (0)                     ; 0 (0)         ; 0           ; 0    ; 0          ; 0            ; 0       ; 0         ; 0    ; 0            ; 2 (2)        ; 0 (0)             ; 1 (1)            ; 0          ; |pulseController|memory4c:u_widths|deMux8:gen_blockRoute[1].blockRoute|deMux4:l1|deMux:l2|deMuxBase:u[0] ; deMuxBase                ; work         ;
;          |deMux4:l2|                               ; 9 (0)       ; 0 (0)                     ; 0 (0)         ; 0           ; 0    ; 0          ; 0            ; 0       ; 0         ; 0    ; 0            ; 7 (0)        ; 0 (0)             ; 2 (0)            ; 0          ; |pulseController|memory4c:u_widths|deMux8:gen_blockRoute[1].blockRoute|deMux4:l2                         ; deMux4                   ; work         ;
;             |deMux:l1|                             ; 6 (0)       ; 0 (0)                     ; 0 (0)         ; 0           ; 0    ; 0          ; 0            ; 0       ; 0         ; 0    ; 0            ; 5 (0)        ; 0 (0)             ; 1 (0)            ; 0          ; |pulseController|memory4c:u_widths|deMux8:gen_blockRoute[1].blockRoute|deMux4:l2|deMux:l1                ; deMux                    ; work         ;
;                |deMuxBase:u[0]|                    ; 6 (6)       ; 0 (0)                     ; 0 (0)         ; 0           ; 0    ; 0          ; 0            ; 0       ; 0         ; 0    ; 0            ; 5 (5)        ; 0 (0)             ; 1 (1)            ; 0          ; |pulseController|memory4c:u_widths|deMux8:gen_blockRoute[1].blockRoute|deMux4:l2|deMux:l1|deMuxBase:u[0] ; deMuxBase                ; work         ;
;             |deMux:l2|                             ; 3 (0)       ; 0 (0)                     ; 0 (0)         ; 0           ; 0    ; 0          ; 0            ; 0       ; 0         ; 0    ; 0            ; 2 (0)        ; 0 (0)             ; 1 (0)            ; 0          ; |pulseController|memory4c:u_widths|deMux8:gen_blockRoute[1].blockRoute|deMux4:l2|deMux:l2                ; deMux                    ; work         ;
;                |deMuxBase:u[0]|                    ; 3 (3)       ; 0 (0)                     ; 0 (0)         ; 0           ; 0    ; 0          ; 0            ; 0       ; 0         ; 0    ; 0            ; 2 (2)        ; 0 (0)             ; 1 (1)            ; 0          ; |pulseController|memory4c:u_widths|deMux8:gen_blockRoute[1].blockRoute|deMux4:l2|deMux:l2|deMuxBase:u[0] ; deMuxBase                ; work         ;
;       |deMux8:gen_blockRoute[2].blockRoute|        ; 10 (0)      ; 0 (0)                     ; 0 (0)         ; 0           ; 0    ; 0          ; 0            ; 0       ; 0         ; 0    ; 0            ; 9 (0)        ; 0 (0)             ; 1 (0)            ; 0          ; |pulseController|memory4c:u_widths|deMux8:gen_blockRoute[2].blockRoute                                   ; deMux8                   ; work         ;
;          |deMux4:l1|                               ; 4 (0)       ; 0 (0)                     ; 0 (0)         ; 0           ; 0    ; 0          ; 0            ; 0       ; 0         ; 0    ; 0            ; 3 (0)        ; 0 (0)             ; 1 (0)            ; 0          ; |pulseController|memory4c:u_widths|deMux8:gen_blockRoute[2].blockRoute|deMux4:l1                         ; deMux4                   ; work         ;
;             |deMux:l1|                             ; 2 (0)       ; 0 (0)                     ; 0 (0)         ; 0           ; 0    ; 0          ; 0            ; 0       ; 0         ; 0    ; 0            ; 2 (0)        ; 0 (0)             ; 0 (0)            ; 0          ; |pulseController|memory4c:u_widths|deMux8:gen_blockRoute[2].blockRoute|deMux4:l1|deMux:l1                ; deMux                    ; work         ;
;                |deMuxBase:u[0]|                    ; 2 (2)       ; 0 (0)                     ; 0 (0)         ; 0           ; 0    ; 0          ; 0            ; 0       ; 0         ; 0    ; 0            ; 2 (2)        ; 0 (0)             ; 0 (0)            ; 0          ; |pulseController|memory4c:u_widths|deMux8:gen_blockRoute[2].blockRoute|deMux4:l1|deMux:l1|deMuxBase:u[0] ; deMuxBase                ; work         ;
;             |deMux:l2|                             ; 2 (0)       ; 0 (0)                     ; 0 (0)         ; 0           ; 0    ; 0          ; 0            ; 0       ; 0         ; 0    ; 0            ; 1 (0)        ; 0 (0)             ; 1 (0)            ; 0          ; |pulseController|memory4c:u_widths|deMux8:gen_blockRoute[2].blockRoute|deMux4:l1|deMux:l2                ; deMux                    ; work         ;
;                |deMuxBase:u[0]|                    ; 2 (2)       ; 0 (0)                     ; 0 (0)         ; 0           ; 0    ; 0          ; 0            ; 0       ; 0         ; 0    ; 0            ; 1 (1)        ; 0 (0)             ; 1 (1)            ; 0          ; |pulseController|memory4c:u_widths|deMux8:gen_blockRoute[2].blockRoute|deMux4:l1|deMux:l2|deMuxBase:u[0] ; deMuxBase                ; work         ;
;          |deMux4:l2|                               ; 6 (0)       ; 0 (0)                     ; 0 (0)         ; 0           ; 0    ; 0          ; 0            ; 0       ; 0         ; 0    ; 0            ; 6 (0)        ; 0 (0)             ; 0 (0)            ; 0          ; |pulseController|memory4c:u_widths|deMux8:gen_blockRoute[2].blockRoute|deMux4:l2                         ; deMux4                   ; work         ;
;             |deMux:l1|                             ; 3 (0)       ; 0 (0)                     ; 0 (0)         ; 0           ; 0    ; 0          ; 0            ; 0       ; 0         ; 0    ; 0            ; 3 (0)        ; 0 (0)             ; 0 (0)            ; 0          ; |pulseController|memory4c:u_widths|deMux8:gen_blockRoute[2].blockRoute|deMux4:l2|deMux:l1                ; deMux                    ; work         ;
;                |deMuxBase:u[0]|                    ; 3 (3)       ; 0 (0)                     ; 0 (0)         ; 0           ; 0    ; 0          ; 0            ; 0       ; 0         ; 0    ; 0            ; 3 (3)        ; 0 (0)             ; 0 (0)            ; 0          ; |pulseController|memory4c:u_widths|deMux8:gen_blockRoute[2].blockRoute|deMux4:l2|deMux:l1|deMuxBase:u[0] ; deMuxBase                ; work         ;
;             |deMux:l2|                             ; 3 (0)       ; 0 (0)                     ; 0 (0)         ; 0           ; 0    ; 0          ; 0            ; 0       ; 0         ; 0    ; 0            ; 3 (0)        ; 0 (0)             ; 0 (0)            ; 0          ; |pulseController|memory4c:u_widths|deMux8:gen_blockRoute[2].blockRoute|deMux4:l2|deMux:l2                ; deMux                    ; work         ;
;                |deMuxBase:u[0]|                    ; 3 (3)       ; 0 (0)                     ; 0 (0)         ; 0           ; 0    ; 0          ; 0            ; 0       ; 0         ; 0    ; 0            ; 3 (3)        ; 0 (0)             ; 0 (0)            ; 0          ; |pulseController|memory4c:u_widths|deMux8:gen_blockRoute[2].blockRoute|deMux4:l2|deMux:l2|deMuxBase:u[0] ; deMuxBase                ; work         ;
;       |deMux8:gen_blockRoute[3].blockRoute|        ; 13 (0)      ; 0 (0)                     ; 0 (0)         ; 0           ; 0    ; 0          ; 0            ; 0       ; 0         ; 0    ; 0            ; 7 (0)        ; 0 (0)             ; 6 (0)            ; 0          ; |pulseController|memory4c:u_widths|deMux8:gen_blockRoute[3].blockRoute                                   ; deMux8                   ; work         ;
;          |deMux4:l1|                               ; 5 (0)       ; 0 (0)                     ; 0 (0)         ; 0           ; 0    ; 0          ; 0            ; 0       ; 0         ; 0    ; 0            ; 3 (0)        ; 0 (0)             ; 2 (0)            ; 0          ; |pulseController|memory4c:u_widths|deMux8:gen_blockRoute[3].blockRoute|deMux4:l1                         ; deMux4                   ; work         ;
;             |deMux:l1|                             ; 2 (0)       ; 0 (0)                     ; 0 (0)         ; 0           ; 0    ; 0          ; 0            ; 0       ; 0         ; 0    ; 0            ; 1 (0)        ; 0 (0)             ; 1 (0)            ; 0          ; |pulseController|memory4c:u_widths|deMux8:gen_blockRoute[3].blockRoute|deMux4:l1|deMux:l1                ; deMux                    ; work         ;
;                |deMuxBase:u[0]|                    ; 2 (2)       ; 0 (0)                     ; 0 (0)         ; 0           ; 0    ; 0          ; 0            ; 0       ; 0         ; 0    ; 0            ; 1 (1)        ; 0 (0)             ; 1 (1)            ; 0          ; |pulseController|memory4c:u_widths|deMux8:gen_blockRoute[3].blockRoute|deMux4:l1|deMux:l1|deMuxBase:u[0] ; deMuxBase                ; work         ;
;             |deMux:l2|                             ; 3 (0)       ; 0 (0)                     ; 0 (0)         ; 0           ; 0    ; 0          ; 0            ; 0       ; 0         ; 0    ; 0            ; 2 (0)        ; 0 (0)             ; 1 (0)            ; 0          ; |pulseController|memory4c:u_widths|deMux8:gen_blockRoute[3].blockRoute|deMux4:l1|deMux:l2                ; deMux                    ; work         ;
;                |deMuxBase:u[0]|                    ; 3 (3)       ; 0 (0)                     ; 0 (0)         ; 0           ; 0    ; 0          ; 0            ; 0       ; 0         ; 0    ; 0            ; 2 (2)        ; 0 (0)             ; 1 (1)            ; 0          ; |pulseController|memory4c:u_widths|deMux8:gen_blockRoute[3].blockRoute|deMux4:l1|deMux:l2|deMuxBase:u[0] ; deMuxBase                ; work         ;
;          |deMux4:l2|                               ; 8 (0)       ; 0 (0)                     ; 0 (0)         ; 0           ; 0    ; 0          ; 0            ; 0       ; 0         ; 0    ; 0            ; 4 (0)        ; 0 (0)             ; 4 (0)            ; 0          ; |pulseController|memory4c:u_widths|deMux8:gen_blockRoute[3].blockRoute|deMux4:l2                         ; deMux4                   ; work         ;
;             |deMux:l1|                             ; 6 (0)       ; 0 (0)                     ; 0 (0)         ; 0           ; 0    ; 0          ; 0            ; 0       ; 0         ; 0    ; 0            ; 3 (0)        ; 0 (0)             ; 3 (0)            ; 0          ; |pulseController|memory4c:u_widths|deMux8:gen_blockRoute[3].blockRoute|deMux4:l2|deMux:l1                ; deMux                    ; work         ;
;                |deMuxBase:u[0]|                    ; 6 (6)       ; 0 (0)                     ; 0 (0)         ; 0           ; 0    ; 0          ; 0            ; 0       ; 0         ; 0    ; 0            ; 3 (3)        ; 0 (0)             ; 3 (3)            ; 0          ; |pulseController|memory4c:u_widths|deMux8:gen_blockRoute[3].blockRoute|deMux4:l2|deMux:l1|deMuxBase:u[0] ; deMuxBase                ; work         ;
;             |deMux:l2|                             ; 2 (0)       ; 0 (0)                     ; 0 (0)         ; 0           ; 0    ; 0          ; 0            ; 0       ; 0         ; 0    ; 0            ; 1 (0)        ; 0 (0)             ; 1 (0)            ; 0          ; |pulseController|memory4c:u_widths|deMux8:gen_blockRoute[3].blockRoute|deMux4:l2|deMux:l2                ; deMux                    ; work         ;
;                |deMuxBase:u[0]|                    ; 2 (2)       ; 0 (0)                     ; 0 (0)         ; 0           ; 0    ; 0          ; 0            ; 0       ; 0         ; 0    ; 0            ; 1 (1)        ; 0 (0)             ; 1 (1)            ; 0          ; |pulseController|memory4c:u_widths|deMux8:gen_blockRoute[3].blockRoute|deMux4:l2|deMux:l2|deMuxBase:u[0] ; deMuxBase                ; work         ;
;       |storage:block[0]|                           ; 8 (8)       ; 8 (8)                     ; 0 (0)         ; 0           ; 0    ; 0          ; 0            ; 0       ; 0         ; 0    ; 0            ; 0 (0)        ; 0 (0)             ; 8 (8)            ; 0          ; |pulseController|memory4c:u_widths|storage:block[0]                                                      ; storage                  ; work         ;
;       |storage:block[10]|                          ; 8 (8)       ; 8 (8)                     ; 0 (0)         ; 0           ; 0    ; 0          ; 0            ; 0       ; 0         ; 0    ; 0            ; 0 (0)        ; 0 (0)             ; 8 (8)            ; 0          ; |pulseController|memory4c:u_widths|storage:block[10]                                                     ; storage                  ; work         ;
;       |storage:block[11]|                          ; 8 (8)       ; 8 (8)                     ; 0 (0)         ; 0           ; 0    ; 0          ; 0            ; 0       ; 0         ; 0    ; 0            ; 0 (0)        ; 1 (1)             ; 7 (7)            ; 0          ; |pulseController|memory4c:u_widths|storage:block[11]                                                     ; storage                  ; work         ;
;       |storage:block[12]|                          ; 8 (8)       ; 8 (8)                     ; 0 (0)         ; 0           ; 0    ; 0          ; 0            ; 0       ; 0         ; 0    ; 0            ; 0 (0)        ; 0 (0)             ; 8 (8)            ; 0          ; |pulseController|memory4c:u_widths|storage:block[12]                                                     ; storage                  ; work         ;
;       |storage:block[13]|                          ; 8 (8)       ; 8 (8)                     ; 0 (0)         ; 0           ; 0    ; 0          ; 0            ; 0       ; 0         ; 0    ; 0            ; 0 (0)        ; 0 (0)             ; 8 (8)            ; 0          ; |pulseController|memory4c:u_widths|storage:block[13]                                                     ; storage                  ; work         ;
;       |storage:block[14]|                          ; 8 (8)       ; 8 (8)                     ; 0 (0)         ; 0           ; 0    ; 0          ; 0            ; 0       ; 0         ; 0    ; 0            ; 0 (0)        ; 1 (1)             ; 7 (7)            ; 0          ; |pulseController|memory4c:u_widths|storage:block[14]                                                     ; storage                  ; work         ;
;       |storage:block[15]|                          ; 8 (8)       ; 8 (8)                     ; 0 (0)         ; 0           ; 0    ; 0          ; 0            ; 0       ; 0         ; 0    ; 0            ; 0 (0)        ; 0 (0)             ; 8 (8)            ; 0          ; |pulseController|memory4c:u_widths|storage:block[15]                                                     ; storage                  ; work         ;
;       |storage:block[16]|                          ; 8 (8)       ; 8 (8)                     ; 0 (0)         ; 0           ; 0    ; 0          ; 0            ; 0       ; 0         ; 0    ; 0            ; 0 (0)        ; 0 (0)             ; 8 (8)            ; 0          ; |pulseController|memory4c:u_widths|storage:block[16]                                                     ; storage                  ; work         ;
;       |storage:block[17]|                          ; 8 (8)       ; 8 (8)                     ; 0 (0)         ; 0           ; 0    ; 0          ; 0            ; 0       ; 0         ; 0    ; 0            ; 0 (0)        ; 4 (4)             ; 4 (4)            ; 0          ; |pulseController|memory4c:u_widths|storage:block[17]                                                     ; storage                  ; work         ;
;       |storage:block[18]|                          ; 8 (8)       ; 8 (8)                     ; 0 (0)         ; 0           ; 0    ; 0          ; 0            ; 0       ; 0         ; 0    ; 0            ; 0 (0)        ; 0 (0)             ; 8 (8)            ; 0          ; |pulseController|memory4c:u_widths|storage:block[18]                                                     ; storage                  ; work         ;
;       |storage:block[19]|                          ; 8 (8)       ; 8 (8)                     ; 0 (0)         ; 0           ; 0    ; 0          ; 0            ; 0       ; 0         ; 0    ; 0            ; 0 (0)        ; 1 (1)             ; 7 (7)            ; 0          ; |pulseController|memory4c:u_widths|storage:block[19]                                                     ; storage                  ; work         ;
;       |storage:block[1]|                           ; 8 (8)       ; 8 (8)                     ; 0 (0)         ; 0           ; 0    ; 0          ; 0            ; 0       ; 0         ; 0    ; 0            ; 0 (0)        ; 2 (2)             ; 6 (6)            ; 0          ; |pulseController|memory4c:u_widths|storage:block[1]                                                      ; storage                  ; work         ;
;       |storage:block[20]|                          ; 8 (8)       ; 8 (8)                     ; 0 (0)         ; 0           ; 0    ; 0          ; 0            ; 0       ; 0         ; 0    ; 0            ; 0 (0)        ; 0 (0)             ; 8 (8)            ; 0          ; |pulseController|memory4c:u_widths|storage:block[20]                                                     ; storage                  ; work         ;
;       |storage:block[21]|                          ; 8 (8)       ; 8 (8)                     ; 0 (0)         ; 0           ; 0    ; 0          ; 0            ; 0       ; 0         ; 0    ; 0            ; 0 (0)        ; 1 (1)             ; 7 (7)            ; 0          ; |pulseController|memory4c:u_widths|storage:block[21]                                                     ; storage                  ; work         ;
;       |storage:block[22]|                          ; 8 (8)       ; 8 (8)                     ; 0 (0)         ; 0           ; 0    ; 0          ; 0            ; 0       ; 0         ; 0    ; 0            ; 0 (0)        ; 0 (0)             ; 8 (8)            ; 0          ; |pulseController|memory4c:u_widths|storage:block[22]                                                     ; storage                  ; work         ;
;       |storage:block[23]|                          ; 8 (8)       ; 8 (8)                     ; 0 (0)         ; 0           ; 0    ; 0          ; 0            ; 0       ; 0         ; 0    ; 0            ; 0 (0)        ; 4 (4)             ; 4 (4)            ; 0          ; |pulseController|memory4c:u_widths|storage:block[23]                                                     ; storage                  ; work         ;
;       |storage:block[24]|                          ; 8 (8)       ; 8 (8)                     ; 0 (0)         ; 0           ; 0    ; 0          ; 0            ; 0       ; 0         ; 0    ; 0            ; 0 (0)        ; 4 (4)             ; 4 (4)            ; 0          ; |pulseController|memory4c:u_widths|storage:block[24]                                                     ; storage                  ; work         ;
;       |storage:block[25]|                          ; 8 (8)       ; 8 (8)                     ; 0 (0)         ; 0           ; 0    ; 0          ; 0            ; 0       ; 0         ; 0    ; 0            ; 0 (0)        ; 0 (0)             ; 8 (8)            ; 0          ; |pulseController|memory4c:u_widths|storage:block[25]                                                     ; storage                  ; work         ;
;       |storage:block[26]|                          ; 8 (8)       ; 8 (8)                     ; 0 (0)         ; 0           ; 0    ; 0          ; 0            ; 0       ; 0         ; 0    ; 0            ; 0 (0)        ; 4 (4)             ; 4 (4)            ; 0          ; |pulseController|memory4c:u_widths|storage:block[26]                                                     ; storage                  ; work         ;
;       |storage:block[27]|                          ; 8 (8)       ; 8 (8)                     ; 0 (0)         ; 0           ; 0    ; 0          ; 0            ; 0       ; 0         ; 0    ; 0            ; 0 (0)        ; 1 (1)             ; 7 (7)            ; 0          ; |pulseController|memory4c:u_widths|storage:block[27]                                                     ; storage                  ; work         ;
;       |storage:block[28]|                          ; 8 (8)       ; 8 (8)                     ; 0 (0)         ; 0           ; 0    ; 0          ; 0            ; 0       ; 0         ; 0    ; 0            ; 0 (0)        ; 3 (3)             ; 5 (5)            ; 0          ; |pulseController|memory4c:u_widths|storage:block[28]                                                     ; storage                  ; work         ;
;       |storage:block[29]|                          ; 8 (8)       ; 8 (8)                     ; 0 (0)         ; 0           ; 0    ; 0          ; 0            ; 0       ; 0         ; 0    ; 0            ; 0 (0)        ; 1 (1)             ; 7 (7)            ; 0          ; |pulseController|memory4c:u_widths|storage:block[29]                                                     ; storage                  ; work         ;
;       |storage:block[2]|                           ; 8 (8)       ; 8 (8)                     ; 0 (0)         ; 0           ; 0    ; 0          ; 0            ; 0       ; 0         ; 0    ; 0            ; 0 (0)        ; 3 (3)             ; 5 (5)            ; 0          ; |pulseController|memory4c:u_widths|storage:block[2]                                                      ; storage                  ; work         ;
;       |storage:block[30]|                          ; 8 (8)       ; 8 (8)                     ; 0 (0)         ; 0           ; 0    ; 0          ; 0            ; 0       ; 0         ; 0    ; 0            ; 0 (0)        ; 0 (0)             ; 8 (8)            ; 0          ; |pulseController|memory4c:u_widths|storage:block[30]                                                     ; storage                  ; work         ;
;       |storage:block[31]|                          ; 8 (8)       ; 8 (8)                     ; 0 (0)         ; 0           ; 0    ; 0          ; 0            ; 0       ; 0         ; 0    ; 0            ; 0 (0)        ; 1 (1)             ; 7 (7)            ; 0          ; |pulseController|memory4c:u_widths|storage:block[31]                                                     ; storage                  ; work         ;
;       |storage:block[3]|                           ; 8 (8)       ; 8 (8)                     ; 0 (0)         ; 0           ; 0    ; 0          ; 0            ; 0       ; 0         ; 0    ; 0            ; 0 (0)        ; 1 (1)             ; 7 (7)            ; 0          ; |pulseController|memory4c:u_widths|storage:block[3]                                                      ; storage                  ; work         ;
;       |storage:block[4]|                           ; 8 (8)       ; 8 (8)                     ; 0 (0)         ; 0           ; 0    ; 0          ; 0            ; 0       ; 0         ; 0    ; 0            ; 0 (0)        ; 0 (0)             ; 8 (8)            ; 0          ; |pulseController|memory4c:u_widths|storage:block[4]                                                      ; storage                  ; work         ;
;       |storage:block[5]|                           ; 8 (8)       ; 8 (8)                     ; 0 (0)         ; 0           ; 0    ; 0          ; 0            ; 0       ; 0         ; 0    ; 0            ; 0 (0)        ; 0 (0)             ; 8 (8)            ; 0          ; |pulseController|memory4c:u_widths|storage:block[5]                                                      ; storage                  ; work         ;
;       |storage:block[6]|                           ; 8 (8)       ; 8 (8)                     ; 0 (0)         ; 0           ; 0    ; 0          ; 0            ; 0       ; 0         ; 0    ; 0            ; 0 (0)        ; 0 (0)             ; 8 (8)            ; 0          ; |pulseController|memory4c:u_widths|storage:block[6]                                                      ; storage                  ; work         ;
;       |storage:block[7]|                           ; 8 (8)       ; 8 (8)                     ; 0 (0)         ; 0           ; 0    ; 0          ; 0            ; 0       ; 0         ; 0    ; 0            ; 0 (0)        ; 0 (0)             ; 8 (8)            ; 0          ; |pulseController|memory4c:u_widths|storage:block[7]                                                      ; storage                  ; work         ;
;       |storage:block[8]|                           ; 8 (8)       ; 8 (8)                     ; 0 (0)         ; 0           ; 0    ; 0          ; 0            ; 0       ; 0         ; 0    ; 0            ; 0 (0)        ; 1 (1)             ; 7 (7)            ; 0          ; |pulseController|memory4c:u_widths|storage:block[8]                                                      ; storage                  ; work         ;
;       |storage:block[9]|                           ; 8 (8)       ; 8 (8)                     ; 0 (0)         ; 0           ; 0    ; 0          ; 0            ; 0       ; 0         ; 0    ; 0            ; 0 (0)        ; 1 (1)             ; 7 (7)            ; 0          ; |pulseController|memory4c:u_widths|storage:block[9]                                                      ; storage                  ; work         ;
;    |pulseHandler:u_pc|                             ; 1340 (1340) ; 1078 (1078)               ; 0 (0)         ; 0           ; 0    ; 0          ; 0            ; 0       ; 0         ; 0    ; 0            ; 259 (259)    ; 528 (528)         ; 553 (553)        ; 0          ; |pulseController|pulseHandler:u_pc                                                                       ; pulseHandler             ; work         ;
;    |uart:u_uart|                                   ; 107 (107)   ; 79 (79)                   ; 0 (0)         ; 0           ; 0    ; 0          ; 0            ; 0       ; 0         ; 0    ; 0            ; 28 (28)      ; 11 (11)           ; 68 (68)          ; 0          ; |pulseController|uart:u_uart                                                                             ; uart                     ; work         ;
;    |usb_cmd_gateway:u_cmd|                         ; 119 (119)   ; 78 (78)                   ; 0 (0)         ; 0           ; 0    ; 0          ; 0            ; 0       ; 0         ; 0    ; 0            ; 34 (34)      ; 40 (40)           ; 45 (45)          ; 0          ; |pulseController|usb_cmd_gateway:u_cmd                                                                   ; usb_cmd_gateway          ; work         ;
+----------------------------------------------------+-------------+---------------------------+---------------+-------------+------+------------+--------------+---------+-----------+------+--------------+--------------+-------------------+------------------+------------+----------------------------------------------------------------------------------------------------------+--------------------------+--------------+
Note: For table entries with two numbers listed, the numbers in parentheses indicate the number of resources of the given type used by the specific entity alone. The numbers listed outside of parentheses indicate the total resources of the given type used by the specific entity and all of its sub-entities in the hierarchy.


+--------------------------------------------------------------------------------------------+
; Delay Chain Summary                                                                        ;
+------------+----------+---------------+---------------+-----------------------+-----+------+
; Name       ; Pin Type ; Pad to Core 0 ; Pad to Core 1 ; Pad to Input Register ; TCO ; TCOE ;
+------------+----------+---------------+---------------+-----------------------+-----+------+
; usb_tx     ; Output   ; --            ; --            ; --                    ; --  ; --   ;
; clkled     ; Output   ; --            ; --            ; --                    ; --  ; --   ;
; startled   ; Output   ; --            ; --            ; --                    ; --  ; --   ;
; trigled    ; Output   ; --            ; --            ; --                    ; --  ; --   ;
; channel[0] ; Output   ; --            ; --            ; --                    ; --  ; --   ;
; channel[1] ; Output   ; --            ; --            ; --                    ; --  ; --   ;
; channel[2] ; Output   ; --            ; --            ; --                    ; --  ; --   ;
; channel[3] ; Output   ; --            ; --            ; --                    ; --  ; --   ;
; led        ; Output   ; --            ; --            ; --                    ; --  ; --   ;
; led_arr[0] ; Output   ; --            ; --            ; --                    ; --  ; --   ;
; led_arr[1] ; Output   ; --            ; --            ; --                    ; --  ; --   ;
; led_arr[2] ; Output   ; --            ; --            ; --                    ; --  ; --   ;
; led_arr[3] ; Output   ; --            ; --            ; --                    ; --  ; --   ;
; led_arr[4] ; Output   ; --            ; --            ; --                    ; --  ; --   ;
; led_arr[5] ; Output   ; --            ; --            ; --                    ; --  ; --   ;
; led_arr[6] ; Output   ; --            ; --            ; --                    ; --  ; --   ;
; led_arr[7] ; Output   ; --            ; --            ; --                    ; --  ; --   ;
; rb_clk     ; Input    ; (6) 868 ps    ; (6) 868 ps    ; --                    ; --  ; --   ;
; clk50      ; Input    ; (0) 0 ps      ; --            ; --                    ; --  ; --   ;
; trig       ; Input    ; --            ; (6) 868 ps    ; --                    ; --  ; --   ;
; usb_rx     ; Input    ; --            ; (6) 868 ps    ; --                    ; --  ; --   ;
+------------+----------+---------------+---------------+-----------------------+-----+------+


+-------------------------------------------------------------+
; Pad To Core Delay Chain Fanout                              ;
+-------------------------------+-------------------+---------+
; Source Pin / Fanout           ; Pad To Core Index ; Setting ;
+-------------------------------+-------------------+---------+
; rb_clk                        ;                   ;         ;
;      - always0~0              ; 1                 ; 6       ;
;      - rb_valid~2             ; 1                 ; 6       ;
;      - detect[7]~50           ; 1                 ; 6       ;
;      - clock_check[0]~feeder  ; 1                 ; 6       ;
; clk50                         ;                   ;         ;
; trig                          ;                   ;         ;
;      - trig_s1~feeder         ; 1                 ; 6       ;
; usb_rx                        ;                   ;         ;
;      - uart:u_uart|rx_sync1~0 ; 1                 ; 6       ;
+-------------------------------+-------------------+---------+


+-----------------------------------------------------------------------------------------------------------------------------------------------------------------------------------------------------------------------------------------------------+
; Control Signals                                                                                                                                                                                                                                     ;
+----------------------------------------------------------------------------------------------------------+--------------------+---------+----------------------------+--------+----------------------+------------------+---------------------------+
; Name                                                                                                     ; Location           ; Fan-Out ; Usage                      ; Global ; Global Resource Used ; Global Line Name ; Enable Signal Source Name ;
+----------------------------------------------------------------------------------------------------------+--------------------+---------+----------------------------+--------+----------------------+------------------+---------------------------+
; Equal6~0                                                                                                 ; LCCOMB_X31_Y30_N20 ; 31      ; Async. clear               ; no     ; --                   ; --               ; --                        ;
; always0~0                                                                                                ; LCCOMB_X41_Y34_N4  ; 16      ; Sync. load                 ; no     ; --                   ; --               ; --                        ;
; async_fifo_8:u_rb_fifo|always2~0                                                                         ; LCCOMB_X32_Y28_N12 ; 22      ; Clock enable               ; no     ; --                   ; --               ; --                        ;
; async_fifo_8:u_rb_fifo|comb~2                                                                            ; LCCOMB_X31_Y28_N10 ; 1       ; Clock enable, Write enable ; no     ; --                   ; --               ; --                        ;
; async_fifo_8:u_rb_fifo|comb~3                                                                            ; LCCOMB_X30_Y28_N30 ; 12      ; Clock enable               ; no     ; --                   ; --               ; --                        ;
; async_fifo_8:u_rb_fifo|mem~11                                                                            ; LCCOMB_X31_Y28_N2  ; 8       ; Clock enable               ; no     ; --                   ; --               ; --                        ;
; clk50                                                                                                    ; PIN_P11            ; 18      ; Clock                      ; yes    ; Global Clock         ; GCLK16           ; --                        ;
; clk50                                                                                                    ; PIN_P11            ; 2       ; Clock                      ; no     ; --                   ; --               ; --                        ;
; clk_pll_50_to_400:wiz_2|altpll:altpll_component|clk_pll_50_to_400_altpll:auto_generated|wire_pll1_clk[0] ; PLL_1              ; 511     ; Clock                      ; yes    ; Global Clock         ; GCLK18           ; --                        ;
; clk_pll_50_to_400:wiz_2|altpll:altpll_component|clk_pll_50_to_400_altpll:auto_generated|wire_pll1_clk[1] ; PLL_1              ; 1695    ; Clock                      ; yes    ; Global Clock         ; GCLK19           ; --                        ;
; clk_pll_50_to_400:wiz_2|altpll:altpll_component|clk_pll_50_to_400_altpll:auto_generated|wire_pll1_locked ; PLL_1              ; 3       ; Async. clear               ; no     ; --                   ; --               ; --                        ;
; comb~18                                                                                                  ; LCCOMB_X29_Y24_N28 ; 21      ; Async. clear               ; no     ; --                   ; --               ; --                        ;
; detect[7]~50                                                                                             ; LCCOMB_X41_Y34_N10 ; 16      ; Clock enable               ; no     ; --                   ; --               ; --                        ;
; instructionHandler:u_ins|Mux0~0                                                                          ; LCCOMB_X32_Y25_N6  ; 4       ; Latch enable               ; yes    ; Global Clock         ; GCLK2            ; --                        ;
; memory4c:u_delays|deMux8:gen_blockRoute[0].blockRoute|deMux4:l1|deMux:l1|deMuxBase:u[0]|a0~2             ; LCCOMB_X25_Y25_N18 ; 8       ; Clock enable               ; no     ; --                   ; --               ; --                        ;
; memory4c:u_delays|deMux8:gen_blockRoute[0].blockRoute|deMux4:l1|deMux:l1|deMuxBase:u[0]|a1~0             ; LCCOMB_X25_Y25_N24 ; 8       ; Clock enable               ; no     ; --                   ; --               ; --                        ;
; memory4c:u_delays|deMux8:gen_blockRoute[0].blockRoute|deMux4:l1|deMux:l2|deMuxBase:u[0]|a0~2             ; LCCOMB_X25_Y27_N30 ; 8       ; Clock enable               ; no     ; --                   ; --               ; --                        ;
; memory4c:u_delays|deMux8:gen_blockRoute[0].blockRoute|deMux4:l1|deMux:l2|deMuxBase:u[0]|a1~0             ; LCCOMB_X24_Y25_N30 ; 8       ; Clock enable               ; no     ; --                   ; --               ; --                        ;
; memory4c:u_delays|deMux8:gen_blockRoute[0].blockRoute|deMux4:l2|deMux:l1|deMuxBase:u[0]|a0~5             ; LCCOMB_X26_Y28_N14 ; 8       ; Clock enable               ; no     ; --                   ; --               ; --                        ;
; memory4c:u_delays|deMux8:gen_blockRoute[0].blockRoute|deMux4:l2|deMux:l1|deMuxBase:u[0]|a1~2             ; LCCOMB_X26_Y28_N28 ; 8       ; Clock enable               ; no     ; --                   ; --               ; --                        ;
; memory4c:u_delays|deMux8:gen_blockRoute[0].blockRoute|deMux4:l2|deMux:l2|deMuxBase:u[0]|a0~0             ; LCCOMB_X25_Y27_N24 ; 8       ; Clock enable               ; no     ; --                   ; --               ; --                        ;
; memory4c:u_delays|deMux8:gen_blockRoute[0].blockRoute|deMux4:l2|deMux:l2|deMuxBase:u[0]|a1~0             ; LCCOMB_X22_Y27_N0  ; 8       ; Clock enable               ; no     ; --                   ; --               ; --                        ;
; memory4c:u_delays|deMux8:gen_blockRoute[1].blockRoute|deMux4:l1|deMux:l1|deMuxBase:u[0]|a0~0             ; LCCOMB_X24_Y25_N10 ; 8       ; Clock enable               ; no     ; --                   ; --               ; --                        ;
; memory4c:u_delays|deMux8:gen_blockRoute[1].blockRoute|deMux4:l1|deMux:l1|deMuxBase:u[0]|a1~0             ; LCCOMB_X26_Y25_N8  ; 8       ; Clock enable               ; no     ; --                   ; --               ; --                        ;
; memory4c:u_delays|deMux8:gen_blockRoute[1].blockRoute|deMux4:l1|deMux:l2|deMuxBase:u[0]|a0~1             ; LCCOMB_X24_Y25_N28 ; 8       ; Clock enable               ; no     ; --                   ; --               ; --                        ;
; memory4c:u_delays|deMux8:gen_blockRoute[1].blockRoute|deMux4:l1|deMux:l2|deMuxBase:u[0]|a1~1             ; LCCOMB_X23_Y26_N2  ; 8       ; Clock enable               ; no     ; --                   ; --               ; --                        ;
; memory4c:u_delays|deMux8:gen_blockRoute[1].blockRoute|deMux4:l2|deMux:l1|deMuxBase:u[0]|a0~4             ; LCCOMB_X24_Y28_N8  ; 8       ; Clock enable               ; no     ; --                   ; --               ; --                        ;
; memory4c:u_delays|deMux8:gen_blockRoute[1].blockRoute|deMux4:l2|deMux:l1|deMuxBase:u[0]|a1~1             ; LCCOMB_X25_Y28_N0  ; 8       ; Clock enable               ; no     ; --                   ; --               ; --                        ;
; memory4c:u_delays|deMux8:gen_blockRoute[1].blockRoute|deMux4:l2|deMux:l2|deMuxBase:u[0]|a0~2             ; LCCOMB_X21_Y28_N12 ; 8       ; Clock enable               ; no     ; --                   ; --               ; --                        ;
; memory4c:u_delays|deMux8:gen_blockRoute[1].blockRoute|deMux4:l2|deMux:l2|deMuxBase:u[0]|a1~0             ; LCCOMB_X24_Y27_N24 ; 8       ; Clock enable               ; no     ; --                   ; --               ; --                        ;
; memory4c:u_delays|deMux8:gen_blockRoute[2].blockRoute|deMux4:l1|deMux:l1|deMuxBase:u[0]|a0~2             ; LCCOMB_X23_Y27_N2  ; 8       ; Clock enable               ; no     ; --                   ; --               ; --                        ;
; memory4c:u_delays|deMux8:gen_blockRoute[2].blockRoute|deMux4:l1|deMux:l1|deMuxBase:u[0]|a1~0             ; LCCOMB_X23_Y27_N12 ; 8       ; Clock enable               ; no     ; --                   ; --               ; --                        ;
; memory4c:u_delays|deMux8:gen_blockRoute[2].blockRoute|deMux4:l1|deMux:l2|deMuxBase:u[0]|a0~1             ; LCCOMB_X25_Y26_N12 ; 8       ; Clock enable               ; no     ; --                   ; --               ; --                        ;
; memory4c:u_delays|deMux8:gen_blockRoute[2].blockRoute|deMux4:l1|deMux:l2|deMuxBase:u[0]|a1~0             ; LCCOMB_X26_Y26_N22 ; 8       ; Clock enable               ; no     ; --                   ; --               ; --                        ;
; memory4c:u_delays|deMux8:gen_blockRoute[2].blockRoute|deMux4:l2|deMux:l1|deMuxBase:u[0]|a0~5             ; LCCOMB_X24_Y27_N2  ; 8       ; Clock enable               ; no     ; --                   ; --               ; --                        ;
; memory4c:u_delays|deMux8:gen_blockRoute[2].blockRoute|deMux4:l2|deMux:l1|deMuxBase:u[0]|a1~0             ; LCCOMB_X25_Y24_N4  ; 8       ; Clock enable               ; no     ; --                   ; --               ; --                        ;
; memory4c:u_delays|deMux8:gen_blockRoute[2].blockRoute|deMux4:l2|deMux:l2|deMuxBase:u[0]|a0~1             ; LCCOMB_X24_Y24_N26 ; 8       ; Clock enable               ; no     ; --                   ; --               ; --                        ;
; memory4c:u_delays|deMux8:gen_blockRoute[2].blockRoute|deMux4:l2|deMux:l2|deMuxBase:u[0]|a1~0             ; LCCOMB_X21_Y27_N14 ; 8       ; Clock enable               ; no     ; --                   ; --               ; --                        ;
; memory4c:u_delays|deMux8:gen_blockRoute[3].blockRoute|deMux4:l1|deMux:l1|deMuxBase:u[0]|a0~0             ; LCCOMB_X26_Y27_N30 ; 8       ; Clock enable               ; no     ; --                   ; --               ; --                        ;
; memory4c:u_delays|deMux8:gen_blockRoute[3].blockRoute|deMux4:l1|deMux:l1|deMuxBase:u[0]|a1~1             ; LCCOMB_X27_Y27_N16 ; 8       ; Clock enable               ; no     ; --                   ; --               ; --                        ;
; memory4c:u_delays|deMux8:gen_blockRoute[3].blockRoute|deMux4:l1|deMux:l2|deMuxBase:u[0]|a0~1             ; LCCOMB_X26_Y26_N20 ; 8       ; Clock enable               ; no     ; --                   ; --               ; --                        ;
; memory4c:u_delays|deMux8:gen_blockRoute[3].blockRoute|deMux4:l1|deMux:l2|deMuxBase:u[0]|a1~1             ; LCCOMB_X26_Y26_N2  ; 8       ; Clock enable               ; no     ; --                   ; --               ; --                        ;
; memory4c:u_delays|deMux8:gen_blockRoute[3].blockRoute|deMux4:l2|deMux:l1|deMuxBase:u[0]|a0~1             ; LCCOMB_X26_Y24_N2  ; 8       ; Clock enable               ; no     ; --                   ; --               ; --                        ;
; memory4c:u_delays|deMux8:gen_blockRoute[3].blockRoute|deMux4:l2|deMux:l1|deMuxBase:u[0]|a1~3             ; LCCOMB_X25_Y27_N16 ; 8       ; Clock enable               ; no     ; --                   ; --               ; --                        ;
; memory4c:u_delays|deMux8:gen_blockRoute[3].blockRoute|deMux4:l2|deMux:l2|deMuxBase:u[0]|a0~1             ; LCCOMB_X21_Y27_N24 ; 8       ; Clock enable               ; no     ; --                   ; --               ; --                        ;
; memory4c:u_delays|deMux8:gen_blockRoute[3].blockRoute|deMux4:l2|deMux:l2|deMuxBase:u[0]|a1~1             ; LCCOMB_X20_Y27_N24 ; 8       ; Clock enable               ; no     ; --                   ; --               ; --                        ;
; memory4c:u_widths|deMux8:gen_blockRoute[0].blockRoute|deMux4:l1|deMux:l1|deMuxBase:u[0]|a0~1             ; LCCOMB_X34_Y26_N20 ; 8       ; Clock enable               ; no     ; --                   ; --               ; --                        ;
; memory4c:u_widths|deMux8:gen_blockRoute[0].blockRoute|deMux4:l1|deMux:l1|deMuxBase:u[0]|a1~0             ; LCCOMB_X34_Y25_N2  ; 8       ; Clock enable               ; no     ; --                   ; --               ; --                        ;
; memory4c:u_widths|deMux8:gen_blockRoute[0].blockRoute|deMux4:l1|deMux:l2|deMuxBase:u[0]|a0~0             ; LCCOMB_X32_Y23_N6  ; 8       ; Clock enable               ; no     ; --                   ; --               ; --                        ;
; memory4c:u_widths|deMux8:gen_blockRoute[0].blockRoute|deMux4:l1|deMux:l2|deMuxBase:u[0]|a1~0             ; LCCOMB_X32_Y23_N16 ; 8       ; Clock enable               ; no     ; --                   ; --               ; --                        ;
; memory4c:u_widths|deMux8:gen_blockRoute[0].blockRoute|deMux4:l2|deMux:l1|deMuxBase:u[0]|a0~5             ; LCCOMB_X30_Y27_N8  ; 8       ; Clock enable               ; no     ; --                   ; --               ; --                        ;
; memory4c:u_widths|deMux8:gen_blockRoute[0].blockRoute|deMux4:l2|deMux:l1|deMuxBase:u[0]|a1~3             ; LCCOMB_X31_Y27_N26 ; 8       ; Clock enable               ; no     ; --                   ; --               ; --                        ;
; memory4c:u_widths|deMux8:gen_blockRoute[0].blockRoute|deMux4:l2|deMux:l2|deMuxBase:u[0]|a0~2             ; LCCOMB_X30_Y27_N10 ; 8       ; Clock enable               ; no     ; --                   ; --               ; --                        ;
; memory4c:u_widths|deMux8:gen_blockRoute[0].blockRoute|deMux4:l2|deMux:l2|deMuxBase:u[0]|a1~0             ; LCCOMB_X30_Y26_N18 ; 8       ; Clock enable               ; no     ; --                   ; --               ; --                        ;
; memory4c:u_widths|deMux8:gen_blockRoute[1].blockRoute|deMux4:l1|deMux:l1|deMuxBase:u[0]|a0~0             ; LCCOMB_X32_Y25_N12 ; 8       ; Clock enable               ; no     ; --                   ; --               ; --                        ;
; memory4c:u_widths|deMux8:gen_blockRoute[1].blockRoute|deMux4:l1|deMux:l1|deMuxBase:u[0]|a1~0             ; LCCOMB_X32_Y24_N28 ; 8       ; Clock enable               ; no     ; --                   ; --               ; --                        ;
; memory4c:u_widths|deMux8:gen_blockRoute[1].blockRoute|deMux4:l1|deMux:l2|deMuxBase:u[0]|a0~1             ; LCCOMB_X31_Y23_N18 ; 8       ; Clock enable               ; no     ; --                   ; --               ; --                        ;
; memory4c:u_widths|deMux8:gen_blockRoute[1].blockRoute|deMux4:l1|deMux:l2|deMuxBase:u[0]|a1~0             ; LCCOMB_X34_Y24_N6  ; 8       ; Clock enable               ; no     ; --                   ; --               ; --                        ;
; memory4c:u_widths|deMux8:gen_blockRoute[1].blockRoute|deMux4:l2|deMux:l1|deMuxBase:u[0]|a0~4             ; LCCOMB_X31_Y24_N12 ; 8       ; Clock enable               ; no     ; --                   ; --               ; --                        ;
; memory4c:u_widths|deMux8:gen_blockRoute[1].blockRoute|deMux4:l2|deMux:l1|deMuxBase:u[0]|a1~1             ; LCCOMB_X32_Y24_N12 ; 8       ; Clock enable               ; no     ; --                   ; --               ; --                        ;
; memory4c:u_widths|deMux8:gen_blockRoute[1].blockRoute|deMux4:l2|deMux:l2|deMuxBase:u[0]|a0~1             ; LCCOMB_X30_Y24_N14 ; 8       ; Clock enable               ; no     ; --                   ; --               ; --                        ;
; memory4c:u_widths|deMux8:gen_blockRoute[1].blockRoute|deMux4:l2|deMux:l2|deMuxBase:u[0]|a1~2             ; LCCOMB_X31_Y25_N4  ; 8       ; Clock enable               ; no     ; --                   ; --               ; --                        ;
; memory4c:u_widths|deMux8:gen_blockRoute[2].blockRoute|deMux4:l1|deMux:l1|deMuxBase:u[0]|a0~2             ; LCCOMB_X31_Y27_N2  ; 8       ; Clock enable               ; no     ; --                   ; --               ; --                        ;
; memory4c:u_widths|deMux8:gen_blockRoute[2].blockRoute|deMux4:l1|deMux:l1|deMuxBase:u[0]|a1~0             ; LCCOMB_X34_Y25_N8  ; 8       ; Clock enable               ; no     ; --                   ; --               ; --                        ;
; memory4c:u_widths|deMux8:gen_blockRoute[2].blockRoute|deMux4:l1|deMux:l2|deMuxBase:u[0]|a0~2             ; LCCOMB_X31_Y27_N24 ; 8       ; Clock enable               ; no     ; --                   ; --               ; --                        ;
; memory4c:u_widths|deMux8:gen_blockRoute[2].blockRoute|deMux4:l1|deMux:l2|deMuxBase:u[0]|a1~0             ; LCCOMB_X36_Y24_N2  ; 8       ; Clock enable               ; no     ; --                   ; --               ; --                        ;
; memory4c:u_widths|deMux8:gen_blockRoute[2].blockRoute|deMux4:l2|deMux:l1|deMuxBase:u[0]|a0~3             ; LCCOMB_X31_Y26_N30 ; 8       ; Clock enable               ; no     ; --                   ; --               ; --                        ;
; memory4c:u_widths|deMux8:gen_blockRoute[2].blockRoute|deMux4:l2|deMux:l1|deMuxBase:u[0]|a1~0             ; LCCOMB_X30_Y26_N6  ; 8       ; Clock enable               ; no     ; --                   ; --               ; --                        ;
; memory4c:u_widths|deMux8:gen_blockRoute[2].blockRoute|deMux4:l2|deMux:l2|deMuxBase:u[0]|a0~2             ; LCCOMB_X29_Y26_N2  ; 8       ; Clock enable               ; no     ; --                   ; --               ; --                        ;
; memory4c:u_widths|deMux8:gen_blockRoute[2].blockRoute|deMux4:l2|deMux:l2|deMuxBase:u[0]|a1~1             ; LCCOMB_X30_Y26_N12 ; 8       ; Clock enable               ; no     ; --                   ; --               ; --                        ;
; memory4c:u_widths|deMux8:gen_blockRoute[3].blockRoute|deMux4:l1|deMux:l1|deMuxBase:u[0]|a0~0             ; LCCOMB_X32_Y25_N2  ; 8       ; Clock enable               ; no     ; --                   ; --               ; --                        ;
; memory4c:u_widths|deMux8:gen_blockRoute[3].blockRoute|deMux4:l1|deMux:l1|deMuxBase:u[0]|a1~0             ; LCCOMB_X36_Y25_N0  ; 8       ; Clock enable               ; no     ; --                   ; --               ; --                        ;
; memory4c:u_widths|deMux8:gen_blockRoute[3].blockRoute|deMux4:l1|deMux:l2|deMuxBase:u[0]|a0~1             ; LCCOMB_X37_Y24_N14 ; 8       ; Clock enable               ; no     ; --                   ; --               ; --                        ;
; memory4c:u_widths|deMux8:gen_blockRoute[3].blockRoute|deMux4:l1|deMux:l2|deMuxBase:u[0]|a1~0             ; LCCOMB_X35_Y24_N18 ; 8       ; Clock enable               ; no     ; --                   ; --               ; --                        ;
; memory4c:u_widths|deMux8:gen_blockRoute[3].blockRoute|deMux4:l2|deMux:l1|deMuxBase:u[0]|a0~4             ; LCCOMB_X37_Y25_N8  ; 8       ; Clock enable               ; no     ; --                   ; --               ; --                        ;
; memory4c:u_widths|deMux8:gen_blockRoute[3].blockRoute|deMux4:l2|deMux:l1|deMuxBase:u[0]|a1~4             ; LCCOMB_X37_Y25_N28 ; 8       ; Clock enable               ; no     ; --                   ; --               ; --                        ;
; memory4c:u_widths|deMux8:gen_blockRoute[3].blockRoute|deMux4:l2|deMux:l2|deMuxBase:u[0]|a0~2             ; LCCOMB_X32_Y26_N4  ; 8       ; Clock enable               ; no     ; --                   ; --               ; --                        ;
; memory4c:u_widths|deMux8:gen_blockRoute[3].blockRoute|deMux4:l2|deMux:l2|deMuxBase:u[0]|a1~2             ; LCCOMB_X36_Y26_N4  ; 8       ; Clock enable               ; no     ; --                   ; --               ; --                        ;
; pulseHandler:u_pc|ch_iter[1]~1                                                                           ; LCCOMB_X30_Y25_N18 ; 2       ; Clock enable               ; no     ; --                   ; --               ; --                        ;
; pulseHandler:u_pc|delay_byte_r[7]~0                                                                      ; LCCOMB_X27_Y25_N20 ; 16      ; Clock enable               ; no     ; --                   ; --               ; --                        ;
; pulseHandler:u_pc|delay_cnt[0][63]~258                                                                   ; LCCOMB_X32_Y17_N10 ; 64      ; Clock enable               ; no     ; --                   ; --               ; --                        ;
; pulseHandler:u_pc|delay_cnt[1][63]~772                                                                   ; LCCOMB_X26_Y19_N8  ; 64      ; Clock enable               ; no     ; --                   ; --               ; --                        ;
; pulseHandler:u_pc|delay_cnt[2][63]~515                                                                   ; LCCOMB_X26_Y17_N18 ; 64      ; Clock enable               ; no     ; --                   ; --               ; --                        ;
; pulseHandler:u_pc|delay_cnt[3][63]~644                                                                   ; LCCOMB_X19_Y25_N20 ; 64      ; Clock enable               ; no     ; --                   ; --               ; --                        ;
; pulseHandler:u_pc|delay_init_b[0][0][7]~0                                                                ; LCCOMB_X30_Y21_N14 ; 16      ; Clock enable               ; no     ; --                   ; --               ; --                        ;
; pulseHandler:u_pc|delay_init_b[0][1][7]~0                                                                ; LCCOMB_X30_Y21_N16 ; 16      ; Clock enable               ; no     ; --                   ; --               ; --                        ;
; pulseHandler:u_pc|delay_init_b[0][2][7]~0                                                                ; LCCOMB_X30_Y21_N18 ; 16      ; Clock enable               ; no     ; --                   ; --               ; --                        ;
; pulseHandler:u_pc|delay_init_b[0][3][7]~0                                                                ; LCCOMB_X31_Y21_N22 ; 16      ; Clock enable               ; no     ; --                   ; --               ; --                        ;
; pulseHandler:u_pc|delay_init_b[0][4][7]~0                                                                ; LCCOMB_X30_Y21_N20 ; 16      ; Clock enable               ; no     ; --                   ; --               ; --                        ;
; pulseHandler:u_pc|delay_init_b[0][5][7]~0                                                                ; LCCOMB_X30_Y21_N2  ; 16      ; Clock enable               ; no     ; --                   ; --               ; --                        ;
; pulseHandler:u_pc|delay_init_b[0][6][7]~0                                                                ; LCCOMB_X30_Y21_N8  ; 16      ; Clock enable               ; no     ; --                   ; --               ; --                        ;
; pulseHandler:u_pc|delay_init_b[0][7][7]~0                                                                ; LCCOMB_X30_Y21_N10 ; 16      ; Clock enable               ; no     ; --                   ; --               ; --                        ;
; pulseHandler:u_pc|delay_init_b[1][0][7]~0                                                                ; LCCOMB_X30_Y21_N22 ; 16      ; Clock enable               ; no     ; --                   ; --               ; --                        ;
; pulseHandler:u_pc|delay_init_b[1][1][7]~0                                                                ; LCCOMB_X30_Y21_N28 ; 16      ; Clock enable               ; no     ; --                   ; --               ; --                        ;
; pulseHandler:u_pc|delay_init_b[1][2][7]~0                                                                ; LCCOMB_X30_Y21_N30 ; 16      ; Clock enable               ; no     ; --                   ; --               ; --                        ;
; pulseHandler:u_pc|delay_init_b[1][3][7]~0                                                                ; LCCOMB_X30_Y21_N4  ; 16      ; Clock enable               ; no     ; --                   ; --               ; --                        ;
; pulseHandler:u_pc|delay_init_b[1][4][7]~0                                                                ; LCCOMB_X30_Y21_N6  ; 16      ; Clock enable               ; no     ; --                   ; --               ; --                        ;
; pulseHandler:u_pc|delay_init_b[1][5][7]~0                                                                ; LCCOMB_X29_Y22_N12 ; 16      ; Clock enable               ; no     ; --                   ; --               ; --                        ;
; pulseHandler:u_pc|delay_init_b[1][6][7]~0                                                                ; LCCOMB_X30_Y21_N12 ; 16      ; Clock enable               ; no     ; --                   ; --               ; --                        ;
; pulseHandler:u_pc|delay_init_b[1][7][7]~0                                                                ; LCCOMB_X30_Y21_N26 ; 16      ; Clock enable               ; no     ; --                   ; --               ; --                        ;
; pulseHandler:u_pc|delay_init_b[2][0][7]~0                                                                ; LCCOMB_X27_Y21_N2  ; 16      ; Clock enable               ; no     ; --                   ; --               ; --                        ;
; pulseHandler:u_pc|delay_init_b[2][1][7]~0                                                                ; LCCOMB_X27_Y21_N16 ; 16      ; Clock enable               ; no     ; --                   ; --               ; --                        ;
; pulseHandler:u_pc|delay_init_b[2][2][7]~0                                                                ; LCCOMB_X26_Y22_N16 ; 16      ; Clock enable               ; no     ; --                   ; --               ; --                        ;
; pulseHandler:u_pc|delay_init_b[2][3][7]~0                                                                ; LCCOMB_X26_Y22_N18 ; 16      ; Clock enable               ; no     ; --                   ; --               ; --                        ;
; pulseHandler:u_pc|delay_init_b[2][4][7]~0                                                                ; LCCOMB_X27_Y22_N6  ; 16      ; Clock enable               ; no     ; --                   ; --               ; --                        ;
; pulseHandler:u_pc|delay_init_b[2][5][7]~0                                                                ; LCCOMB_X27_Y22_N12 ; 16      ; Clock enable               ; no     ; --                   ; --               ; --                        ;
; pulseHandler:u_pc|delay_init_b[2][6][7]~0                                                                ; LCCOMB_X27_Y22_N14 ; 16      ; Clock enable               ; no     ; --                   ; --               ; --                        ;
; pulseHandler:u_pc|delay_init_b[2][7][7]~0                                                                ; LCCOMB_X27_Y22_N16 ; 16      ; Clock enable               ; no     ; --                   ; --               ; --                        ;
; pulseHandler:u_pc|delay_init_b[3][0][7]~1                                                                ; LCCOMB_X25_Y24_N16 ; 16      ; Clock enable               ; no     ; --                   ; --               ; --                        ;
; pulseHandler:u_pc|delay_init_b[3][1][7]~0                                                                ; LCCOMB_X27_Y25_N30 ; 16      ; Clock enable               ; no     ; --                   ; --               ; --                        ;
; pulseHandler:u_pc|delay_init_b[3][2][7]~0                                                                ; LCCOMB_X27_Y21_N14 ; 16      ; Clock enable               ; no     ; --                   ; --               ; --                        ;
; pulseHandler:u_pc|delay_init_b[3][3][7]~0                                                                ; LCCOMB_X26_Y23_N4  ; 16      ; Clock enable               ; no     ; --                   ; --               ; --                        ;
; pulseHandler:u_pc|delay_init_b[3][4][7]~1                                                                ; LCCOMB_X26_Y22_N8  ; 16      ; Clock enable               ; no     ; --                   ; --               ; --                        ;
; pulseHandler:u_pc|delay_init_b[3][5][7]~0                                                                ; LCCOMB_X27_Y22_N26 ; 16      ; Clock enable               ; no     ; --                   ; --               ; --                        ;
; pulseHandler:u_pc|delay_init_b[3][6][7]~0                                                                ; LCCOMB_X27_Y21_N24 ; 16      ; Clock enable               ; no     ; --                   ; --               ; --                        ;
; pulseHandler:u_pc|delay_init_b[3][7][7]~0                                                                ; LCCOMB_X29_Y21_N28 ; 16      ; Clock enable               ; no     ; --                   ; --               ; --                        ;
; pulseHandler:u_pc|phase[0][1]~14                                                                         ; LCCOMB_X32_Y17_N14 ; 2       ; Clock enable               ; no     ; --                   ; --               ; --                        ;
; pulseHandler:u_pc|phase[1][1]~16                                                                         ; LCCOMB_X22_Y20_N24 ; 2       ; Clock enable               ; no     ; --                   ; --               ; --                        ;
; pulseHandler:u_pc|phase[2][1]~17                                                                         ; LCCOMB_X26_Y17_N2  ; 2       ; Clock enable               ; no     ; --                   ; --               ; --                        ;
; pulseHandler:u_pc|phase[3][0]~19                                                                         ; LCCOMB_X19_Y25_N26 ; 2       ; Clock enable               ; no     ; --                   ; --               ; --                        ;
; pulseHandler:u_pc|state.S_LOAD_SET                                                                       ; FF_X30_Y25_N31     ; 8       ; Clock enable               ; no     ; --                   ; --               ; --                        ;
; pulseHandler:u_pc|state.S_RUN                                                                            ; FF_X29_Y25_N31     ; 552     ; Sync. load                 ; no     ; --                   ; --               ; --                        ;
; pulseHandler:u_pc|width_cnt[0][63]~259                                                                   ; LCCOMB_X32_Y17_N16 ; 64      ; Clock enable               ; no     ; --                   ; --               ; --                        ;
; pulseHandler:u_pc|width_cnt[1][63]~388                                                                   ; LCCOMB_X22_Y20_N4  ; 64      ; Clock enable               ; no     ; --                   ; --               ; --                        ;
; pulseHandler:u_pc|width_cnt[2][63]~517                                                                   ; LCCOMB_X27_Y13_N12 ; 64      ; Clock enable               ; no     ; --                   ; --               ; --                        ;
; pulseHandler:u_pc|width_cnt[3][0]~646                                                                    ; LCCOMB_X19_Y25_N10 ; 64      ; Clock enable               ; no     ; --                   ; --               ; --                        ;
; rb_clk                                                                                                   ; PIN_R11            ; 1       ; Clock                      ; yes    ; Global Clock         ; GCLK15           ; --                        ;
; rb_clk                                                                                                   ; PIN_R11            ; 6       ; Clock                      ; no     ; --                   ; --               ; --                        ;
; rb_hold_data[0]~1                                                                                        ; LCCOMB_X34_Y31_N6  ; 8       ; Clock enable               ; no     ; --                   ; --               ; --                        ;
; rb_push_r~0                                                                                              ; LCCOMB_X29_Y27_N0  ; 9       ; Clock enable               ; no     ; --                   ; --               ; --                        ;
; resp_pending[1]~9                                                                                        ; LCCOMB_X34_Y29_N30 ; 3       ; Clock enable               ; no     ; --                   ; --               ; --                        ;
; rst_sync[2]                                                                                              ; FF_X29_Y24_N9      ; 108     ; Async. clear               ; no     ; --                   ; --               ; --                        ;
; stop_cmd_100~0                                                                                           ; LCCOMB_X30_Y31_N8  ; 119     ; Clock enable, Sync. clear  ; no     ; --                   ; --               ; --                        ;
; tx_data_r[5]~1                                                                                           ; LCCOMB_X34_Y29_N22 ; 14      ; Clock enable               ; no     ; --                   ; --               ; --                        ;
; txq_count[4]~9                                                                                           ; LCCOMB_X34_Y29_N26 ; 7       ; Clock enable               ; no     ; --                   ; --               ; --                        ;
; txq_mem[0][0]~145                                                                                        ; LCCOMB_X39_Y28_N22 ; 7       ; Clock enable               ; no     ; --                   ; --               ; --                        ;
; txq_mem[10][0]~115                                                                                       ; LCCOMB_X39_Y29_N24 ; 7       ; Clock enable               ; no     ; --                   ; --               ; --                        ;
; txq_mem[11][0]~124                                                                                       ; LCCOMB_X36_Y32_N28 ; 7       ; Clock enable               ; no     ; --                   ; --               ; --                        ;
; txq_mem[12][0]~157                                                                                       ; LCCOMB_X40_Y28_N30 ; 7       ; Clock enable               ; no     ; --                   ; --               ; --                        ;
; txq_mem[13][0]~151                                                                                       ; LCCOMB_X39_Y28_N4  ; 7       ; Clock enable               ; no     ; --                   ; --               ; --                        ;
; txq_mem[14][0]~154                                                                                       ; LCCOMB_X39_Y27_N4  ; 7       ; Clock enable               ; no     ; --                   ; --               ; --                        ;
; txq_mem[15][0]~160                                                                                       ; LCCOMB_X39_Y29_N10 ; 7       ; Clock enable               ; no     ; --                   ; --               ; --                        ;
; txq_mem[16][0]~97                                                                                        ; LCCOMB_X41_Y29_N2  ; 7       ; Clock enable               ; no     ; --                   ; --               ; --                        ;
; txq_mem[17][0]~85                                                                                        ; LCCOMB_X36_Y28_N0  ; 7       ; Clock enable               ; no     ; --                   ; --               ; --                        ;
; txq_mem[18][0]~73                                                                                        ; LCCOMB_X38_Y31_N24 ; 7       ; Clock enable               ; no     ; --                   ; --               ; --                        ;
; txq_mem[19][0]~109                                                                                       ; LCCOMB_X40_Y28_N16 ; 7       ; Clock enable               ; no     ; --                   ; --               ; --                        ;
; txq_mem[1][0]~142                                                                                        ; LCCOMB_X36_Y28_N10 ; 7       ; Clock enable               ; no     ; --                   ; --               ; --                        ;
; txq_mem[20][0]~91                                                                                        ; LCCOMB_X41_Y29_N28 ; 7       ; Clock enable               ; no     ; --                   ; --               ; --                        ;
; txq_mem[21][0]~82                                                                                        ; LCCOMB_X36_Y31_N24 ; 7       ; Clock enable               ; no     ; --                   ; --               ; --                        ;
; txq_mem[22][0]~67                                                                                        ; LCCOMB_X41_Y30_N26 ; 7       ; Clock enable               ; no     ; --                   ; --               ; --                        ;
; txq_mem[23][0]~106                                                                                       ; LCCOMB_X42_Y32_N20 ; 7       ; Clock enable               ; no     ; --                   ; --               ; --                        ;
; txq_mem[24][0]~94                                                                                        ; LCCOMB_X42_Y29_N0  ; 7       ; Clock enable               ; no     ; --                   ; --               ; --                        ;
; txq_mem[25][0]~79                                                                                        ; LCCOMB_X34_Y28_N24 ; 7       ; Clock enable               ; no     ; --                   ; --               ; --                        ;
; txq_mem[26][0]~70                                                                                        ; LCCOMB_X41_Y30_N20 ; 7       ; Clock enable               ; no     ; --                   ; --               ; --                        ;
; txq_mem[27][0]~103                                                                                       ; LCCOMB_X40_Y30_N22 ; 7       ; Clock enable               ; no     ; --                   ; --               ; --                        ;
; txq_mem[28][0]~100                                                                                       ; LCCOMB_X42_Y29_N30 ; 7       ; Clock enable               ; no     ; --                   ; --               ; --                        ;
; txq_mem[29][0]~88                                                                                        ; LCCOMB_X34_Y28_N4  ; 7       ; Clock enable               ; no     ; --                   ; --               ; --                        ;
; txq_mem[2][0]~139                                                                                        ; LCCOMB_X37_Y27_N20 ; 7       ; Clock enable               ; no     ; --                   ; --               ; --                        ;
; txq_mem[30][0]~76                                                                                        ; LCCOMB_X41_Y32_N16 ; 7       ; Clock enable               ; no     ; --                   ; --               ; --                        ;
; txq_mem[31][0]~112                                                                                       ; LCCOMB_X41_Y28_N20 ; 7       ; Clock enable               ; no     ; --                   ; --               ; --                        ;
; txq_mem[3][0]~148                                                                                        ; LCCOMB_X37_Y30_N6  ; 7       ; Clock enable               ; no     ; --                   ; --               ; --                        ;
; txq_mem[4][0]~133                                                                                        ; LCCOMB_X37_Y31_N28 ; 7       ; Clock enable               ; no     ; --                   ; --               ; --                        ;
; txq_mem[5][0]~127                                                                                        ; LCCOMB_X38_Y32_N30 ; 7       ; Clock enable               ; no     ; --                   ; --               ; --                        ;
; txq_mem[6][0]~130                                                                                        ; LCCOMB_X39_Y29_N30 ; 7       ; Clock enable               ; no     ; --                   ; --               ; --                        ;
; txq_mem[7][0]~136                                                                                        ; LCCOMB_X37_Y32_N10 ; 7       ; Clock enable               ; no     ; --                   ; --               ; --                        ;
; txq_mem[8][0]~121                                                                                        ; LCCOMB_X35_Y30_N0  ; 7       ; Clock enable               ; no     ; --                   ; --               ; --                        ;
; txq_mem[9][0]~118                                                                                        ; LCCOMB_X39_Y30_N24 ; 7       ; Clock enable               ; no     ; --                   ; --               ; --                        ;
; txq_mem~102                                                                                              ; LCCOMB_X40_Y30_N12 ; 8       ; Sync. load                 ; no     ; --                   ; --               ; --                        ;
; txq_mem~105                                                                                              ; LCCOMB_X39_Y31_N6  ; 8       ; Sync. load                 ; no     ; --                   ; --               ; --                        ;
; txq_mem~108                                                                                              ; LCCOMB_X39_Y31_N18 ; 8       ; Sync. load                 ; no     ; --                   ; --               ; --                        ;
; txq_mem~111                                                                                              ; LCCOMB_X39_Y31_N30 ; 8       ; Sync. load                 ; no     ; --                   ; --               ; --                        ;
; txq_mem~114                                                                                              ; LCCOMB_X36_Y30_N4  ; 8       ; Sync. load                 ; no     ; --                   ; --               ; --                        ;
; txq_mem~117                                                                                              ; LCCOMB_X39_Y30_N14 ; 8       ; Sync. load                 ; no     ; --                   ; --               ; --                        ;
; txq_mem~120                                                                                              ; LCCOMB_X35_Y30_N18 ; 8       ; Sync. load                 ; no     ; --                   ; --               ; --                        ;
; txq_mem~123                                                                                              ; LCCOMB_X39_Y28_N10 ; 8       ; Sync. load                 ; no     ; --                   ; --               ; --                        ;
; txq_mem~126                                                                                              ; LCCOMB_X36_Y31_N2  ; 8       ; Sync. load                 ; no     ; --                   ; --               ; --                        ;
; txq_mem~129                                                                                              ; LCCOMB_X41_Y30_N14 ; 8       ; Sync. load                 ; no     ; --                   ; --               ; --                        ;
; txq_mem~132                                                                                              ; LCCOMB_X37_Y31_N26 ; 8       ; Sync. load                 ; no     ; --                   ; --               ; --                        ;
; txq_mem~135                                                                                              ; LCCOMB_X37_Y31_N2  ; 8       ; Sync. load                 ; no     ; --                   ; --               ; --                        ;
; txq_mem~138                                                                                              ; LCCOMB_X37_Y27_N14 ; 8       ; Sync. load                 ; no     ; --                   ; --               ; --                        ;
; txq_mem~141                                                                                              ; LCCOMB_X38_Y29_N0  ; 8       ; Sync. load                 ; no     ; --                   ; --               ; --                        ;
; txq_mem~144                                                                                              ; LCCOMB_X41_Y27_N16 ; 8       ; Sync. load                 ; no     ; --                   ; --               ; --                        ;
; txq_mem~147                                                                                              ; LCCOMB_X37_Y30_N4  ; 8       ; Sync. load                 ; no     ; --                   ; --               ; --                        ;
; txq_mem~150                                                                                              ; LCCOMB_X39_Y28_N2  ; 8       ; Sync. load                 ; no     ; --                   ; --               ; --                        ;
; txq_mem~153                                                                                              ; LCCOMB_X39_Y27_N22 ; 8       ; Sync. load                 ; no     ; --                   ; --               ; --                        ;
; txq_mem~156                                                                                              ; LCCOMB_X40_Y27_N14 ; 8       ; Sync. load                 ; no     ; --                   ; --               ; --                        ;
; txq_mem~159                                                                                              ; LCCOMB_X39_Y29_N4  ; 8       ; Sync. load                 ; no     ; --                   ; --               ; --                        ;
; txq_mem~65                                                                                               ; LCCOMB_X40_Y31_N2  ; 8       ; Sync. load                 ; no     ; --                   ; --               ; --                        ;
; txq_mem~69                                                                                               ; LCCOMB_X41_Y30_N10 ; 8       ; Sync. load                 ; no     ; --                   ; --               ; --                        ;
; txq_mem~72                                                                                               ; LCCOMB_X38_Y31_N14 ; 8       ; Sync. load                 ; no     ; --                   ; --               ; --                        ;
; txq_mem~75                                                                                               ; LCCOMB_X41_Y32_N14 ; 8       ; Sync. load                 ; no     ; --                   ; --               ; --                        ;
; txq_mem~78                                                                                               ; LCCOMB_X38_Y28_N2  ; 8       ; Sync. load                 ; no     ; --                   ; --               ; --                        ;
; txq_mem~81                                                                                               ; LCCOMB_X36_Y31_N22 ; 8       ; Sync. load                 ; no     ; --                   ; --               ; --                        ;
; txq_mem~84                                                                                               ; LCCOMB_X36_Y28_N30 ; 8       ; Sync. load                 ; no     ; --                   ; --               ; --                        ;
; txq_mem~87                                                                                               ; LCCOMB_X34_Y28_N10 ; 8       ; Sync. load                 ; no     ; --                   ; --               ; --                        ;
; txq_mem~90                                                                                               ; LCCOMB_X41_Y29_N10 ; 8       ; Sync. load                 ; no     ; --                   ; --               ; --                        ;
; txq_mem~93                                                                                               ; LCCOMB_X41_Y27_N22 ; 8       ; Sync. load                 ; no     ; --                   ; --               ; --                        ;
; txq_mem~96                                                                                               ; LCCOMB_X41_Y27_N30 ; 8       ; Sync. load                 ; no     ; --                   ; --               ; --                        ;
; txq_mem~99                                                                                               ; LCCOMB_X41_Y27_N10 ; 8       ; Sync. load                 ; no     ; --                   ; --               ; --                        ;
; txq_wptr[0]~9                                                                                            ; LCCOMB_X40_Y33_N16 ; 5       ; Clock enable               ; no     ; --                   ; --               ; --                        ;
; uart:u_uart|os_index[0]~10                                                                               ; LCCOMB_X35_Y36_N28 ; 6       ; Sync. load                 ; no     ; --                   ; --               ; --                        ;
; uart:u_uart|os_index[0]~21                                                                               ; LCCOMB_X34_Y36_N16 ; 6       ; Clock enable               ; no     ; --                   ; --               ; --                        ;
; uart:u_uart|rx_bit[0]~2                                                                                  ; LCCOMB_X34_Y36_N18 ; 3       ; Clock enable               ; no     ; --                   ; --               ; --                        ;
; uart:u_uart|rx_cnt[14]~20                                                                                ; LCCOMB_X34_Y36_N2  ; 16      ; Clock enable               ; no     ; --                   ; --               ; --                        ;
; uart:u_uart|rx_cnt[14]~51                                                                                ; LCCOMB_X34_Y36_N26 ; 16      ; Sync. load                 ; no     ; --                   ; --               ; --                        ;
; uart:u_uart|rx_data[0]~1                                                                                 ; LCCOMB_X34_Y36_N0  ; 9       ; Clock enable               ; no     ; --                   ; --               ; --                        ;
; uart:u_uart|rx_shift[0]~1                                                                                ; LCCOMB_X34_Y36_N6  ; 9       ; Clock enable               ; no     ; --                   ; --               ; --                        ;
; uart:u_uart|rx_valid                                                                                     ; FF_X34_Y36_N9      ; 18      ; Clock enable, Sync. clear  ; no     ; --                   ; --               ; --                        ;
; uart:u_uart|tx_bit~0                                                                                     ; LCCOMB_X32_Y32_N4  ; 4       ; Clock enable               ; no     ; --                   ; --               ; --                        ;
; uart:u_uart|tx_busy                                                                                      ; FF_X32_Y32_N1      ; 19      ; Sync. clear, Sync. load    ; no     ; --                   ; --               ; --                        ;
; uart:u_uart|tx_cnt[13]~18                                                                                ; LCCOMB_X32_Y32_N24 ; 16      ; Clock enable               ; no     ; --                   ; --               ; --                        ;
; uart:u_uart|tx_shift[2]~2                                                                                ; LCCOMB_X32_Y32_N2  ; 24      ; Clock enable, Sync. load   ; no     ; --                   ; --               ; --                        ;
; usb_cmd_gateway:u_cmd|Decoder0~3                                                                         ; LCCOMB_X30_Y31_N24 ; 3       ; Clock enable               ; no     ; --                   ; --               ; --                        ;
; usb_cmd_gateway:u_cmd|Decoder0~4                                                                         ; LCCOMB_X31_Y31_N12 ; 2       ; Clock enable               ; no     ; --                   ; --               ; --                        ;
; usb_cmd_gateway:u_cmd|Decoder0~5                                                                         ; LCCOMB_X32_Y33_N8  ; 3       ; Clock enable               ; no     ; --                   ; --               ; --                        ;
; usb_cmd_gateway:u_cmd|Decoder0~6                                                                         ; LCCOMB_X32_Y33_N10 ; 8       ; Clock enable               ; no     ; --                   ; --               ; --                        ;
; usb_cmd_gateway:u_cmd|cmd_instr[13]~2                                                                    ; LCCOMB_X34_Y33_N6  ; 16      ; Clock enable               ; no     ; --                   ; --               ; --                        ;
; usb_cmd_gateway:u_cmd|cmd_valid                                                                          ; FF_X34_Y33_N1      ; 18      ; Clock enable               ; no     ; --                   ; --               ; --                        ;
; usb_cmd_gateway:u_cmd|index[0]~8                                                                         ; LCCOMB_X37_Y37_N0  ; 21      ; Clock enable               ; no     ; --                   ; --               ; --                        ;
; usb_cmd_gateway:u_cmd|rx_crc[7]~0                                                                        ; LCCOMB_X32_Y37_N30 ; 8       ; Clock enable               ; no     ; --                   ; --               ; --                        ;
; usb_cmd_gateway:u_cmd|state.S_BODY                                                                       ; FF_X34_Y37_N19     ; 28      ; Sync. clear, Sync. load    ; no     ; --                   ; --               ; --                        ;
+----------------------------------------------------------------------------------------------------------+--------------------+---------+----------------------------+--------+----------------------+------------------+---------------------------+


+-----------------------------------------------------------------------------------------------------------------------------------------------------------------------------------------------------------------------------------------------------+
; Global & Other Fast Signals                                                                                                                                                                                                                         ;
+----------------------------------------------------------------------------------------------------------+-------------------+---------+--------------------------------------+----------------------+------------------+---------------------------+
; Name                                                                                                     ; Location          ; Fan-Out ; Fan-Out Using Intentional Clock Skew ; Global Resource Used ; Global Line Name ; Enable Signal Source Name ;
+----------------------------------------------------------------------------------------------------------+-------------------+---------+--------------------------------------+----------------------+------------------+---------------------------+
; clk50                                                                                                    ; PIN_P11           ; 18      ; 0                                    ; Global Clock         ; GCLK16           ; --                        ;
; clk_pll_50_to_400:wiz_2|altpll:altpll_component|clk_pll_50_to_400_altpll:auto_generated|wire_pll1_clk[0] ; PLL_1             ; 511     ; 0                                    ; Global Clock         ; GCLK18           ; --                        ;
; clk_pll_50_to_400:wiz_2|altpll:altpll_component|clk_pll_50_to_400_altpll:auto_generated|wire_pll1_clk[1] ; PLL_1             ; 1695    ; 212                                  ; Global Clock         ; GCLK19           ; --                        ;
; instructionHandler:u_ins|Mux0~0                                                                          ; LCCOMB_X32_Y25_N6 ; 4       ; 0                                    ; Global Clock         ; GCLK2            ; --                        ;
; rb_clk                                                                                                   ; PIN_R11           ; 1       ; 0                                    ; Global Clock         ; GCLK15           ; --                        ;
+----------------------------------------------------------------------------------------------------------+-------------------+---------+--------------------------------------+----------------------+------------------+---------------------------+


+-----------------------------------------+
; Non-Global High Fan-Out Signals         ;
+-------------------------------+---------+
; Name                          ; Fan-Out ;
+-------------------------------+---------+
; pulseHandler:u_pc|state.S_RUN ; 552     ;
+-------------------------------+---------+


+------------------------------------------------------------------------------------------------------------------------------------------------------------------------------------------------------------------------------------------------------------------------------------------------------------------------------------------------------------------------------------------------------------------------------------------------------------------------------------------------------------------------------------------------------------------------------------------------------------------+
; Fitter RAM Summary                                                                                                                                                                                                                                                                                                                                                                                                                                                                                                                                                                                               ;
+---------------------------------------------------------------------------------------+------+------------------+-------------+--------------+--------------+--------------+--------------+------------------------+-------------------------+------------------------+-------------------------+------+-----------------------------+-----------------------------+-----------------------------+-----------------------------+---------------------+------+------+----------------+----------------------+------------------------+------------------------+----------+------------------------+---------------+
; Name                                                                                  ; Type ; Mode             ; Clock Mode  ; Port A Depth ; Port A Width ; Port B Depth ; Port B Width ; Port A Input Registers ; Port A Output Registers ; Port B Input Registers ; Port B Output Registers ; Size ; Implementation Port A Depth ; Implementation Port A Width ; Implementation Port B Depth ; Implementation Port B Width ; Implementation Bits ; M9Ks ; MIF  ; Location       ; Mixed Width RDW Mode ; Port A RDW Mode        ; Port B RDW Mode        ; ECC Mode ; ECC Pipeline Registers ; Fits in MLABs ;
+---------------------------------------------------------------------------------------+------+------------------+-------------+--------------+--------------+--------------+--------------+------------------------+-------------------------+------------------------+-------------------------+------+-----------------------------+-----------------------------+-----------------------------+-----------------------------+---------------------+------+------+----------------+----------------------+------------------------+------------------------+----------+------------------------+---------------+
; async_fifo_8:u_rb_fifo|altsyncram:mem_rtl_0|altsyncram_pmd1:auto_generated|ALTSYNCRAM ; AUTO ; Simple Dual Port ; Dual Clocks ; 16           ; 8            ; 16           ; 8            ; yes                    ; no                      ; yes                    ; no                      ; 128  ; 16                          ; 8                           ; 16                          ; 8                           ; 128                 ; 1    ; None ; M9K_X33_Y28_N0 ; Don't care           ; New data with NBE Read ; New data with NBE Read ; Off      ; No                     ; No - Unknown  ;
+---------------------------------------------------------------------------------------+------+------------------+-------------+--------------+--------------+--------------+--------------+------------------------+-------------------------+------------------------+-------------------------+------+-----------------------------+-----------------------------+-----------------------------+-----------------------------+---------------------+------+------+----------------+----------------------+------------------------+------------------------+----------+------------------------+---------------+
Note: Fitter may spread logical memories into multiple blocks to improve timing. The actual required RAM blocks can be found in the Fitter Resource Usage section.


+---------------------------------------------------+
; Routing Usage Summary                             ;
+-----------------------+---------------------------+
; Routing Resource Type ; Usage                     ;
+-----------------------+---------------------------+
; Block interconnects   ; 5,115 / 148,641 ( 3 % )   ;
; C16 interconnects     ; 35 / 5,382 ( < 1 % )      ;
; C4 interconnects      ; 2,208 / 106,704 ( 2 % )   ;
; Direct links          ; 1,014 / 148,641 ( < 1 % ) ;
; Global clocks         ; 5 / 20 ( 25 % )           ;
; Local interconnects   ; 1,459 / 49,760 ( 3 % )    ;
; NSLEEPs               ; 0 / 500 ( 0 % )           ;
; R24 interconnects     ; 27 / 5,406 ( < 1 % )      ;
; R4 interconnects      ; 2,739 / 147,764 ( 2 % )   ;
+-----------------------+---------------------------+


+-----------------------------------------------------------------------------+
; LAB Logic Elements                                                          ;
+---------------------------------------------+-------------------------------+
; Number of Logic Elements  (Average = 11.93) ; Number of LABs  (Total = 266) ;
+---------------------------------------------+-------------------------------+
; 1                                           ; 17                            ;
; 2                                           ; 9                             ;
; 3                                           ; 7                             ;
; 4                                           ; 9                             ;
; 5                                           ; 11                            ;
; 6                                           ; 5                             ;
; 7                                           ; 7                             ;
; 8                                           ; 9                             ;
; 9                                           ; 3                             ;
; 10                                          ; 7                             ;
; 11                                          ; 8                             ;
; 12                                          ; 5                             ;
; 13                                          ; 9                             ;
; 14                                          ; 12                            ;
; 15                                          ; 23                            ;
; 16                                          ; 125                           ;
+---------------------------------------------+-------------------------------+


+--------------------------------------------------------------------+
; LAB-wide Signals                                                   ;
+------------------------------------+-------------------------------+
; LAB-wide Signals  (Average = 1.77) ; Number of LABs  (Total = 266) ;
+------------------------------------+-------------------------------+
; 1 Async. clear                     ; 21                            ;
; 1 Clock                            ; 221                           ;
; 1 Clock enable                     ; 129                           ;
; 1 Sync. clear                      ; 5                             ;
; 1 Sync. load                       ; 42                            ;
; 2 Async. clears                    ; 3                             ;
; 2 Clock enables                    ; 44                            ;
; 2 Clocks                           ; 7                             ;
+------------------------------------+-------------------------------+


+------------------------------------------------------------------------------+
; LAB Signals Sourced                                                          ;
+----------------------------------------------+-------------------------------+
; Number of Signals Sourced  (Average = 20.28) ; Number of LABs  (Total = 266) ;
+----------------------------------------------+-------------------------------+
; 0                                            ; 0                             ;
; 1                                            ; 9                             ;
; 2                                            ; 13                            ;
; 3                                            ; 4                             ;
; 4                                            ; 10                            ;
; 5                                            ; 5                             ;
; 6                                            ; 7                             ;
; 7                                            ; 4                             ;
; 8                                            ; 3                             ;
; 9                                            ; 6                             ;
; 10                                           ; 2                             ;
; 11                                           ; 4                             ;
; 12                                           ; 5                             ;
; 13                                           ; 3                             ;
; 14                                           ; 0                             ;
; 15                                           ; 3                             ;
; 16                                           ; 7                             ;
; 17                                           ; 7                             ;
; 18                                           ; 8                             ;
; 19                                           ; 6                             ;
; 20                                           ; 8                             ;
; 21                                           ; 7                             ;
; 22                                           ; 8                             ;
; 23                                           ; 11                            ;
; 24                                           ; 11                            ;
; 25                                           ; 13                            ;
; 26                                           ; 9                             ;
; 27                                           ; 6                             ;
; 28                                           ; 6                             ;
; 29                                           ; 5                             ;
; 30                                           ; 12                            ;
; 31                                           ; 5                             ;
; 32                                           ; 59                            ;
+----------------------------------------------+-------------------------------+


+---------------------------------------------------------------------------------+
; LAB Signals Sourced Out                                                         ;
+-------------------------------------------------+-------------------------------+
; Number of Signals Sourced Out  (Average = 9.85) ; Number of LABs  (Total = 266) ;
+-------------------------------------------------+-------------------------------+
; 0                                               ; 0                             ;
; 1                                               ; 25                            ;
; 2                                               ; 18                            ;
; 3                                               ; 15                            ;
; 4                                               ; 16                            ;
; 5                                               ; 7                             ;
; 6                                               ; 6                             ;
; 7                                               ; 15                            ;
; 8                                               ; 15                            ;
; 9                                               ; 22                            ;
; 10                                              ; 6                             ;
; 11                                              ; 11                            ;
; 12                                              ; 5                             ;
; 13                                              ; 14                            ;
; 14                                              ; 5                             ;
; 15                                              ; 9                             ;
; 16                                              ; 63                            ;
; 17                                              ; 1                             ;
; 18                                              ; 1                             ;
; 19                                              ; 2                             ;
; 20                                              ; 2                             ;
; 21                                              ; 1                             ;
; 22                                              ; 2                             ;
; 23                                              ; 0                             ;
; 24                                              ; 0                             ;
; 25                                              ; 1                             ;
; 26                                              ; 1                             ;
; 27                                              ; 1                             ;
; 28                                              ; 0                             ;
; 29                                              ; 0                             ;
; 30                                              ; 0                             ;
; 31                                              ; 0                             ;
; 32                                              ; 2                             ;
+-------------------------------------------------+-------------------------------+


+------------------------------------------------------------------------------+
; LAB Distinct Inputs                                                          ;
+----------------------------------------------+-------------------------------+
; Number of Distinct Inputs  (Average = 18.14) ; Number of LABs  (Total = 266) ;
+----------------------------------------------+-------------------------------+
; 0                                            ; 0                             ;
; 1                                            ; 1                             ;
; 2                                            ; 2                             ;
; 3                                            ; 12                            ;
; 4                                            ; 15                            ;
; 5                                            ; 5                             ;
; 6                                            ; 6                             ;
; 7                                            ; 2                             ;
; 8                                            ; 4                             ;
; 9                                            ; 4                             ;
; 10                                           ; 5                             ;
; 11                                           ; 8                             ;
; 12                                           ; 6                             ;
; 13                                           ; 9                             ;
; 14                                           ; 2                             ;
; 15                                           ; 5                             ;
; 16                                           ; 17                            ;
; 17                                           ; 9                             ;
; 18                                           ; 16                            ;
; 19                                           ; 14                            ;
; 20                                           ; 33                            ;
; 21                                           ; 6                             ;
; 22                                           ; 14                            ;
; 23                                           ; 5                             ;
; 24                                           ; 5                             ;
; 25                                           ; 6                             ;
; 26                                           ; 8                             ;
; 27                                           ; 7                             ;
; 28                                           ; 5                             ;
; 29                                           ; 3                             ;
; 30                                           ; 3                             ;
; 31                                           ; 4                             ;
; 32                                           ; 2                             ;
; 33                                           ; 4                             ;
; 34                                           ; 11                            ;
; 35                                           ; 3                             ;
; 36                                           ; 5                             ;
+----------------------------------------------+-------------------------------+


+------------------------------------------+
; I/O Rules Summary                        ;
+----------------------------------+-------+
; I/O Rules Statistic              ; Total ;
+----------------------------------+-------+
; Total I/O Rules                  ; 30    ;
; Number of I/O Rules Passed       ; 12    ;
; Number of I/O Rules Failed       ; 0     ;
; Number of I/O Rules Unchecked    ; 0     ;
; Number of I/O Rules Inapplicable ; 18    ;
+----------------------------------+-------+


+-----------------------------------------------------------------------------------------------------------------------------------------------------------------------------------------------------------------------------------------------------------------------------------------------------+
; I/O Rules Details                                                                                                                                                                                                                                                                                   ;
+--------------+-----------+-----------------------------------+------------------------------------------------------------------------------------------------------+----------+--------------------------------------------------------------------------+---------------------+-------------------+
; Status       ; ID        ; Category                          ; Rule Description                                                                                     ; Severity ; Information                                                              ; Area                ; Extra Information ;
+--------------+-----------+-----------------------------------+------------------------------------------------------------------------------------------------------+----------+--------------------------------------------------------------------------+---------------------+-------------------+
; Pass         ; IO_000001 ; Capacity Checks                   ; Number of pins in an I/O bank should not exceed the number of locations available.                   ; Critical ; 0 such failures found.                                                   ; I/O                 ;                   ;
; Inapplicable ; IO_000002 ; Capacity Checks                   ; Number of clocks in an I/O bank should not exceed the number of clocks available.                    ; Critical ; No Global Signal assignments found.                                      ; I/O                 ;                   ;
; Pass         ; IO_000003 ; Capacity Checks                   ; Number of pins in a Vrefgroup should not exceed the number of locations available.                   ; Critical ; 0 such failures found.                                                   ; I/O                 ;                   ;
; Inapplicable ; IO_000004 ; Voltage Compatibility Checks      ; The I/O bank should support the requested VCCIO.                                                     ; Critical ; No IOBANK_VCCIO assignments found.                                       ; I/O                 ;                   ;
; Inapplicable ; IO_000005 ; Voltage Compatibility Checks      ; The I/O bank should not have competing VREF values.                                                  ; Critical ; No VREF I/O Standard assignments found.                                  ; I/O                 ;                   ;
; Pass         ; IO_000006 ; Voltage Compatibility Checks      ; The I/O bank should not have competing VCCIO values.                                                 ; Critical ; 0 such failures found.                                                   ; I/O                 ;                   ;
; Pass         ; IO_000007 ; Valid Location Checks             ; Checks for unavailable locations.                                                                    ; Critical ; 0 such failures found.                                                   ; I/O                 ;                   ;
; Inapplicable ; IO_000008 ; Valid Location Checks             ; Checks for reserved locations.                                                                       ; Critical ; No reserved LogicLock region found.                                      ; I/O                 ;                   ;
; Pass         ; IO_000009 ; I/O Properties Checks for One I/O ; The location should support the requested I/O standard.                                              ; Critical ; 0 such failures found.                                                   ; I/O                 ;                   ;
; Pass         ; IO_000010 ; I/O Properties Checks for One I/O ; The location should support the requested I/O direction.                                             ; Critical ; 0 such failures found.                                                   ; I/O                 ;                   ;
; Inapplicable ; IO_000011 ; I/O Properties Checks for One I/O ; The location should support the requested Current Strength.                                          ; Critical ; No Current Strength assignments found.                                   ; I/O                 ;                   ;
; Pass         ; IO_000012 ; I/O Properties Checks for One I/O ; The location should support the requested On Chip Termination value.                                 ; Critical ; 0 such failures found.                                                   ; I/O                 ;                   ;
; Inapplicable ; IO_000013 ; I/O Properties Checks for One I/O ; The location should support the requested Bus Hold value.                                            ; Critical ; No Enable Bus-Hold Circuitry assignments found.                          ; I/O                 ;                   ;
; Inapplicable ; IO_000014 ; I/O Properties Checks for One I/O ; The location should support the requested Weak Pull Up value.                                        ; Critical ; No Weak Pull-Up Resistor assignments found.                              ; I/O                 ;                   ;
; Pass         ; IO_000015 ; I/O Properties Checks for One I/O ; The location should support the requested PCI Clamp Diode.                                           ; Critical ; 0 such failures found.                                                   ; I/O                 ;                   ;
; Inapplicable ; IO_000018 ; I/O Properties Checks for One I/O ; The I/O standard should support the requested Current Strength.                                      ; Critical ; No Current Strength assignments found.                                   ; I/O                 ;                   ;
; Pass         ; IO_000019 ; I/O Properties Checks for One I/O ; The I/O standard should support the requested On Chip Termination value.                             ; Critical ; 0 such failures found.                                                   ; I/O                 ;                   ;
; Pass         ; IO_000020 ; I/O Properties Checks for One I/O ; The I/O standard should support the requested PCI Clamp Diode.                                       ; Critical ; 0 such failures found.                                                   ; I/O                 ;                   ;
; Inapplicable ; IO_000021 ; I/O Properties Checks for One I/O ; The I/O standard should support the requested Weak Pull Up value.                                    ; Critical ; No Weak Pull-Up Resistor assignments found.                              ; I/O                 ;                   ;
; Inapplicable ; IO_000022 ; I/O Properties Checks for One I/O ; The I/O standard should support the requested Bus Hold value.                                        ; Critical ; No Enable Bus-Hold Circuitry assignments found.                          ; I/O                 ;                   ;
; Inapplicable ; IO_000023 ; I/O Properties Checks for One I/O ; The I/O standard should support the Open Drain value.                                                ; Critical ; No open drain assignments found.                                         ; I/O                 ;                   ;
; Pass         ; IO_000024 ; I/O Properties Checks for One I/O ; The I/O direction should support the On Chip Termination value.                                      ; Critical ; 0 such failures found.                                                   ; I/O                 ;                   ;
; Inapplicable ; IO_000026 ; I/O Properties Checks for One I/O ; On Chip Termination and Current Strength should not be used at the same time.                        ; Critical ; No Current Strength assignments found.                                   ; I/O                 ;                   ;
; Inapplicable ; IO_000027 ; I/O Properties Checks for One I/O ; Weak Pull Up and Bus Hold should not be used at the same time.                                       ; Critical ; No Enable Bus-Hold Circuitry or Weak Pull-Up Resistor assignments found. ; I/O                 ;                   ;
; Inapplicable ; IO_000045 ; I/O Properties Checks for One I/O ; The I/O standard should support the requested Slew Rate value.                                       ; Critical ; No Slew Rate assignments found.                                          ; I/O                 ;                   ;
; Inapplicable ; IO_000046 ; I/O Properties Checks for One I/O ; The location should support the requested Slew Rate value.                                           ; Critical ; No Slew Rate assignments found.                                          ; I/O                 ;                   ;
; Inapplicable ; IO_000047 ; I/O Properties Checks for One I/O ; On Chip Termination and Slew Rate should not be used at the same time.                               ; Critical ; No Slew Rate assignments found.                                          ; I/O                 ;                   ;
; Pass         ; IO_000033 ; Electromigration Checks           ; Current density for consecutive I/Os should not exceed 160mA for row I/Os and 160mA for column I/Os. ; Critical ; 0 such failures found.                                                   ; I/O                 ;                   ;
; Inapplicable ; IO_000034 ; SI Related Distance Checks        ; Single-ended outputs should be 5 LAB row(s) away from a differential I/O.                            ; High     ; No Differential I/O Standard assignments found.                          ; I/O                 ;                   ;
; Inapplicable ; IO_000042 ; SI Related SSO Limit Checks       ; No more than 20 outputs are allowed in a VREF group when VREF is being read from.                    ; High     ; No VREF I/O Standard assignments found.                                  ; I/O                 ;                   ;
; ----         ; ----      ; Disclaimer                        ; OCT rules are checked but not reported.                                                              ; None     ; ----                                                                     ; On Chip Termination ;                   ;
+--------------+-----------+-----------------------------------+------------------------------------------------------------------------------------------------------+----------+--------------------------------------------------------------------------+---------------------+-------------------+


+--------------------------------------------------------------------------------------------------------------------------------------------------------------------------------------------------------------------------------------------------------------------------------------------------------------------------------------------------------------------------------------------------------------------------------------------------------------------------+
; I/O Rules Matrix                                                                                                                                                                                                                                                                                                                                                                                                                                                         ;
+--------------------+--------------+--------------+--------------+--------------+--------------+-----------+--------------+--------------+-----------+-----------+--------------+--------------+--------------+--------------+--------------+--------------+--------------+--------------+--------------+--------------+--------------+--------------+--------------+--------------+--------------+--------------+--------------+-----------+--------------+--------------+
; Pin/Rules          ; IO_000001    ; IO_000002    ; IO_000003    ; IO_000004    ; IO_000005    ; IO_000006 ; IO_000007    ; IO_000008    ; IO_000009 ; IO_000010 ; IO_000011    ; IO_000012    ; IO_000013    ; IO_000014    ; IO_000015    ; IO_000018    ; IO_000019    ; IO_000020    ; IO_000021    ; IO_000022    ; IO_000023    ; IO_000024    ; IO_000026    ; IO_000027    ; IO_000045    ; IO_000046    ; IO_000047    ; IO_000033 ; IO_000034    ; IO_000042    ;
+--------------------+--------------+--------------+--------------+--------------+--------------+-----------+--------------+--------------+-----------+-----------+--------------+--------------+--------------+--------------+--------------+--------------+--------------+--------------+--------------+--------------+--------------+--------------+--------------+--------------+--------------+--------------+--------------+-----------+--------------+--------------+
; Total Pass         ; 11           ; 0            ; 11           ; 0            ; 0            ; 21        ; 11           ; 0            ; 21        ; 21        ; 0            ; 17           ; 0            ; 0            ; 4            ; 0            ; 17           ; 4            ; 0            ; 0            ; 0            ; 17           ; 0            ; 0            ; 0            ; 0            ; 0            ; 21        ; 0            ; 0            ;
; Total Unchecked    ; 0            ; 0            ; 0            ; 0            ; 0            ; 0         ; 0            ; 0            ; 0         ; 0         ; 0            ; 0            ; 0            ; 0            ; 0            ; 0            ; 0            ; 0            ; 0            ; 0            ; 0            ; 0            ; 0            ; 0            ; 0            ; 0            ; 0            ; 0         ; 0            ; 0            ;
; Total Inapplicable ; 10           ; 21           ; 10           ; 21           ; 21           ; 0         ; 10           ; 21           ; 0         ; 0         ; 21           ; 4            ; 21           ; 21           ; 17           ; 21           ; 4            ; 17           ; 21           ; 21           ; 21           ; 4            ; 21           ; 21           ; 21           ; 21           ; 21           ; 0         ; 21           ; 21           ;
; Total Fail         ; 0            ; 0            ; 0            ; 0            ; 0            ; 0         ; 0            ; 0            ; 0         ; 0         ; 0            ; 0            ; 0            ; 0            ; 0            ; 0            ; 0            ; 0            ; 0            ; 0            ; 0            ; 0            ; 0            ; 0            ; 0            ; 0            ; 0            ; 0         ; 0            ; 0            ;
; usb_tx             ; Pass         ; Inapplicable ; Pass         ; Inapplicable ; Inapplicable ; Pass      ; Pass         ; Inapplicable ; Pass      ; Pass      ; Inapplicable ; Pass         ; Inapplicable ; Inapplicable ; Inapplicable ; Inapplicable ; Pass         ; Inapplicable ; Inapplicable ; Inapplicable ; Inapplicable ; Pass         ; Inapplicable ; Inapplicable ; Inapplicable ; Inapplicable ; Inapplicable ; Pass      ; Inapplicable ; Inapplicable ;
; clkled             ; Inapplicable ; Inapplicable ; Inapplicable ; Inapplicable ; Inapplicable ; Pass      ; Inapplicable ; Inapplicable ; Pass      ; Pass      ; Inapplicable ; Pass         ; Inapplicable ; Inapplicable ; Inapplicable ; Inapplicable ; Pass         ; Inapplicable ; Inapplicable ; Inapplicable ; Inapplicable ; Pass         ; Inapplicable ; Inapplicable ; Inapplicable ; Inapplicable ; Inapplicable ; Pass      ; Inapplicable ; Inapplicable ;
; startled           ; Inapplicable ; Inapplicable ; Inapplicable ; Inapplicable ; Inapplicable ; Pass      ; Inapplicable ; Inapplicable ; Pass      ; Pass      ; Inapplicable ; Pass         ; Inapplicable ; Inapplicable ; Inapplicable ; Inapplicable ; Pass         ; Inapplicable ; Inapplicable ; Inapplicable ; Inapplicable ; Pass         ; Inapplicable ; Inapplicable ; Inapplicable ; Inapplicable ; Inapplicable ; Pass      ; Inapplicable ; Inapplicable ;
; trigled            ; Inapplicable ; Inapplicable ; Inapplicable ; Inapplicable ; Inapplicable ; Pass      ; Inapplicable ; Inapplicable ; Pass      ; Pass      ; Inapplicable ; Pass         ; Inapplicable ; Inapplicable ; Inapplicable ; Inapplicable ; Pass         ; Inapplicable ; Inapplicable ; Inapplicable ; Inapplicable ; Pass         ; Inapplicable ; Inapplicable ; Inapplicable ; Inapplicable ; Inapplicable ; Pass      ; Inapplicable ; Inapplicable ;
; channel[0]         ; Inapplicable ; Inapplicable ; Inapplicable ; Inapplicable ; Inapplicable ; Pass      ; Inapplicable ; Inapplicable ; Pass      ; Pass      ; Inapplicable ; Pass         ; Inapplicable ; Inapplicable ; Inapplicable ; Inapplicable ; Pass         ; Inapplicable ; Inapplicable ; Inapplicable ; Inapplicable ; Pass         ; Inapplicable ; Inapplicable ; Inapplicable ; Inapplicable ; Inapplicable ; Pass      ; Inapplicable ; Inapplicable ;
; channel[1]         ; Inapplicable ; Inapplicable ; Inapplicable ; Inapplicable ; Inapplicable ; Pass      ; Inapplicable ; Inapplicable ; Pass      ; Pass      ; Inapplicable ; Pass         ; Inapplicable ; Inapplicable ; Inapplicable ; Inapplicable ; Pass         ; Inapplicable ; Inapplicable ; Inapplicable ; Inapplicable ; Pass         ; Inapplicable ; Inapplicable ; Inapplicable ; Inapplicable ; Inapplicable ; Pass      ; Inapplicable ; Inapplicable ;
; channel[2]         ; Inapplicable ; Inapplicable ; Inapplicable ; Inapplicable ; Inapplicable ; Pass      ; Inapplicable ; Inapplicable ; Pass      ; Pass      ; Inapplicable ; Pass         ; Inapplicable ; Inapplicable ; Inapplicable ; Inapplicable ; Pass         ; Inapplicable ; Inapplicable ; Inapplicable ; Inapplicable ; Pass         ; Inapplicable ; Inapplicable ; Inapplicable ; Inapplicable ; Inapplicable ; Pass      ; Inapplicable ; Inapplicable ;
; channel[3]         ; Inapplicable ; Inapplicable ; Inapplicable ; Inapplicable ; Inapplicable ; Pass      ; Inapplicable ; Inapplicable ; Pass      ; Pass      ; Inapplicable ; Pass         ; Inapplicable ; Inapplicable ; Inapplicable ; Inapplicable ; Pass         ; Inapplicable ; Inapplicable ; Inapplicable ; Inapplicable ; Pass         ; Inapplicable ; Inapplicable ; Inapplicable ; Inapplicable ; Inapplicable ; Pass      ; Inapplicable ; Inapplicable ;
; led                ; Inapplicable ; Inapplicable ; Inapplicable ; Inapplicable ; Inapplicable ; Pass      ; Inapplicable ; Inapplicable ; Pass      ; Pass      ; Inapplicable ; Pass         ; Inapplicable ; Inapplicable ; Inapplicable ; Inapplicable ; Pass         ; Inapplicable ; Inapplicable ; Inapplicable ; Inapplicable ; Pass         ; Inapplicable ; Inapplicable ; Inapplicable ; Inapplicable ; Inapplicable ; Pass      ; Inapplicable ; Inapplicable ;
; led_arr[0]         ; Pass         ; Inapplicable ; Pass         ; Inapplicable ; Inapplicable ; Pass      ; Pass         ; Inapplicable ; Pass      ; Pass      ; Inapplicable ; Pass         ; Inapplicable ; Inapplicable ; Inapplicable ; Inapplicable ; Pass         ; Inapplicable ; Inapplicable ; Inapplicable ; Inapplicable ; Pass         ; Inapplicable ; Inapplicable ; Inapplicable ; Inapplicable ; Inapplicable ; Pass      ; Inapplicable ; Inapplicable ;
; led_arr[1]         ; Pass         ; Inapplicable ; Pass         ; Inapplicable ; Inapplicable ; Pass      ; Pass         ; Inapplicable ; Pass      ; Pass      ; Inapplicable ; Pass         ; Inapplicable ; Inapplicable ; Inapplicable ; Inapplicable ; Pass         ; Inapplicable ; Inapplicable ; Inapplicable ; Inapplicable ; Pass         ; Inapplicable ; Inapplicable ; Inapplicable ; Inapplicable ; Inapplicable ; Pass      ; Inapplicable ; Inapplicable ;
; led_arr[2]         ; Pass         ; Inapplicable ; Pass         ; Inapplicable ; Inapplicable ; Pass      ; Pass         ; Inapplicable ; Pass      ; Pass      ; Inapplicable ; Pass         ; Inapplicable ; Inapplicable ; Inapplicable ; Inapplicable ; Pass         ; Inapplicable ; Inapplicable ; Inapplicable ; Inapplicable ; Pass         ; Inapplicable ; Inapplicable ; Inapplicable ; Inapplicable ; Inapplicable ; Pass      ; Inapplicable ; Inapplicable ;
; led_arr[3]         ; Pass         ; Inapplicable ; Pass         ; Inapplicable ; Inapplicable ; Pass      ; Pass         ; Inapplicable ; Pass      ; Pass      ; Inapplicable ; Pass         ; Inapplicable ; Inapplicable ; Inapplicable ; Inapplicable ; Pass         ; Inapplicable ; Inapplicable ; Inapplicable ; Inapplicable ; Pass         ; Inapplicable ; Inapplicable ; Inapplicable ; Inapplicable ; Inapplicable ; Pass      ; Inapplicable ; Inapplicable ;
; led_arr[4]         ; Pass         ; Inapplicable ; Pass         ; Inapplicable ; Inapplicable ; Pass      ; Pass         ; Inapplicable ; Pass      ; Pass      ; Inapplicable ; Pass         ; Inapplicable ; Inapplicable ; Inapplicable ; Inapplicable ; Pass         ; Inapplicable ; Inapplicable ; Inapplicable ; Inapplicable ; Pass         ; Inapplicable ; Inapplicable ; Inapplicable ; Inapplicable ; Inapplicable ; Pass      ; Inapplicable ; Inapplicable ;
; led_arr[5]         ; Pass         ; Inapplicable ; Pass         ; Inapplicable ; Inapplicable ; Pass      ; Pass         ; Inapplicable ; Pass      ; Pass      ; Inapplicable ; Pass         ; Inapplicable ; Inapplicable ; Inapplicable ; Inapplicable ; Pass         ; Inapplicable ; Inapplicable ; Inapplicable ; Inapplicable ; Pass         ; Inapplicable ; Inapplicable ; Inapplicable ; Inapplicable ; Inapplicable ; Pass      ; Inapplicable ; Inapplicable ;
; led_arr[6]         ; Pass         ; Inapplicable ; Pass         ; Inapplicable ; Inapplicable ; Pass      ; Pass         ; Inapplicable ; Pass      ; Pass      ; Inapplicable ; Pass         ; Inapplicable ; Inapplicable ; Inapplicable ; Inapplicable ; Pass         ; Inapplicable ; Inapplicable ; Inapplicable ; Inapplicable ; Pass         ; Inapplicable ; Inapplicable ; Inapplicable ; Inapplicable ; Inapplicable ; Pass      ; Inapplicable ; Inapplicable ;
; led_arr[7]         ; Pass         ; Inapplicable ; Pass         ; Inapplicable ; Inapplicable ; Pass      ; Pass         ; Inapplicable ; Pass      ; Pass      ; Inapplicable ; Pass         ; Inapplicable ; Inapplicable ; Inapplicable ; Inapplicable ; Pass         ; Inapplicable ; Inapplicable ; Inapplicable ; Inapplicable ; Pass         ; Inapplicable ; Inapplicable ; Inapplicable ; Inapplicable ; Inapplicable ; Pass      ; Inapplicable ; Inapplicable ;
; rb_clk             ; Inapplicable ; Inapplicable ; Inapplicable ; Inapplicable ; Inapplicable ; Pass      ; Inapplicable ; Inapplicable ; Pass      ; Pass      ; Inapplicable ; Inapplicable ; Inapplicable ; Inapplicable ; Pass         ; Inapplicable ; Inapplicable ; Pass         ; Inapplicable ; Inapplicable ; Inapplicable ; Inapplicable ; Inapplicable ; Inapplicable ; Inapplicable ; Inapplicable ; Inapplicable ; Pass      ; Inapplicable ; Inapplicable ;
; clk50              ; Pass         ; Inapplicable ; Pass         ; Inapplicable ; Inapplicable ; Pass      ; Pass         ; Inapplicable ; Pass      ; Pass      ; Inapplicable ; Inapplicable ; Inapplicable ; Inapplicable ; Pass         ; Inapplicable ; Inapplicable ; Pass         ; Inapplicable ; Inapplicable ; Inapplicable ; Inapplicable ; Inapplicable ; Inapplicable ; Inapplicable ; Inapplicable ; Inapplicable ; Pass      ; Inapplicable ; Inapplicable ;
; trig               ; Inapplicable ; Inapplicable ; Inapplicable ; Inapplicable ; Inapplicable ; Pass      ; Inapplicable ; Inapplicable ; Pass      ; Pass      ; Inapplicable ; Inapplicable ; Inapplicable ; Inapplicable ; Pass         ; Inapplicable ; Inapplicable ; Pass         ; Inapplicable ; Inapplicable ; Inapplicable ; Inapplicable ; Inapplicable ; Inapplicable ; Inapplicable ; Inapplicable ; Inapplicable ; Pass      ; Inapplicable ; Inapplicable ;
; usb_rx             ; Pass         ; Inapplicable ; Pass         ; Inapplicable ; Inapplicable ; Pass      ; Pass         ; Inapplicable ; Pass      ; Pass      ; Inapplicable ; Inapplicable ; Inapplicable ; Inapplicable ; Pass         ; Inapplicable ; Inapplicable ; Pass         ; Inapplicable ; Inapplicable ; Inapplicable ; Inapplicable ; Inapplicable ; Inapplicable ; Inapplicable ; Inapplicable ; Inapplicable ; Pass      ; Inapplicable ; Inapplicable ;
+--------------------+--------------+--------------+--------------+--------------+--------------+-----------+--------------+--------------+-----------+-----------+--------------+--------------+--------------+--------------+--------------+--------------+--------------+--------------+--------------+--------------+--------------+--------------+--------------+--------------+--------------+--------------+--------------+-----------+--------------+--------------+


+-------------------------------------------------------------------------------------------+
; Fitter Device Options                                                                     ;
+------------------------------------------------------------------+------------------------+
; Option                                                           ; Setting                ;
+------------------------------------------------------------------+------------------------+
; Enable user-supplied start-up clock (CLKUSR)                     ; Off                    ;
; Enable device-wide reset (DEV_CLRn)                              ; Off                    ;
; Enable device-wide output enable (DEV_OE)                        ; Off                    ;
; Enable INIT_DONE output                                          ; Off                    ;
; Configuration scheme                                             ; Internal Configuration ;
; Enable Error Detection CRC_ERROR pin                             ; Off                    ;
; Enable open drain on CRC_ERROR pin                               ; Off                    ;
; Enable nCONFIG, nSTATUS, and CONF_DONE pins                      ; On                     ;
; Enable JTAG pin sharing                                          ; Off                    ;
; Enable nCE pin                                                   ; Off                    ;
; Enable CONFIG_SEL pin                                            ; On                     ;
; Enable input tri-state on active configuration pins in user mode ; Off                    ;
; Configuration Voltage Level                                      ; Auto                   ;
; Force Configuration Voltage Level                                ; Off                    ;
; Data[0]                                                          ; Unreserved             ;
; Data[1]/ASDO                                                     ; Unreserved             ;
; FLASH_nCE/nCSO                                                   ; Unreserved             ;
; DCLK                                                             ; Unreserved             ;
+------------------------------------------------------------------+------------------------+


+------------------------------------+
; Operating Settings and Conditions  ;
+---------------------------+--------+
; Setting                   ; Value  ;
+---------------------------+--------+
; Nominal Core Voltage      ; 1.20 V ;
; Low Junction Temperature  ; 0 °C   ;
; High Junction Temperature ; 85 °C  ;
+---------------------------+--------+


+-----------------------------------------------------------------------------------------------------------------------------------------------------------------------------------------------------------------------------------+
; Estimated Delay Added for Hold Timing Summary                                                                                                                                                                                     ;
+-------------------------------------------------------------------------------------------------------+-------------------------------------------------------------------------------------------------------+-------------------+
; Source Clock(s)                                                                                       ; Destination Clock(s)                                                                                  ; Delay Added in ns ;
+-------------------------------------------------------------------------------------------------------+-------------------------------------------------------------------------------------------------------+-------------------+
; wiz_2|altpll_component|auto_generated|pll1|clk[1]~1,wiz_2|altpll_component|auto_generated|pll1|clk[1] ; ins_sync2[13]                                                                                         ; 37.9              ;
; wiz_2|altpll_component|auto_generated|pll1|clk[0]~1,wiz_2|altpll_component|auto_generated|pll1|clk[0] ; wiz_2|altpll_component|auto_generated|pll1|clk[0]~1,wiz_2|altpll_component|auto_generated|pll1|clk[0] ; 22.8              ;
; wiz_2|altpll_component|auto_generated|pll1|clk[1]~1,wiz_2|altpll_component|auto_generated|pll1|clk[1] ; wiz_2|altpll_component|auto_generated|pll1|clk[1]~1,wiz_2|altpll_component|auto_generated|pll1|clk[1] ; 12.5              ;
; I/O                                                                                                   ; clk50                                                                                                 ; 7.6               ;
; clk50,I/O                                                                                             ; clk50                                                                                                 ; 3.6               ;
+-------------------------------------------------------------------------------------------------------+-------------------------------------------------------------------------------------------------------+-------------------+
Note: For more information on problematic transfers, consider running the Fitter again with the Optimize hold timing option (Settings Menu) turned off.
This will disable optimization of problematic paths and expose them for further analysis using the Timing Analyzer.


+-------------------------------------------------------------------------------------------------------------------------------------------------------------------------+
; Estimated Delay Added for Hold Timing Details                                                                                                                           ;
+----------------------------------------+------------------------------------------------------------------------------------------------------------+-------------------+
; Source Register                        ; Destination Register                                                                                       ; Delay Added in ns ;
+----------------------------------------+------------------------------------------------------------------------------------------------------------+-------------------+
; ins_sync2[15]                          ; instructionHandler:u_ins|rw_signal[1]                                                                      ; 7.660             ;
; ins_sync2[14]                          ; instructionHandler:u_ins|rw_signal[0]                                                                      ; 7.038             ;
; ins_sync2[13]                          ; instructionHandler:u_ins|rw_signal[1]                                                                      ; 5.550             ;
; rb_clk                                 ; rb_valid                                                                                                   ; 2.989             ;
; detect[14]                             ; detect[15]                                                                                                 ; 1.224             ;
; detect[13]                             ; detect[15]                                                                                                 ; 1.224             ;
; detect[12]                             ; detect[15]                                                                                                 ; 1.224             ;
; detect[11]                             ; detect[15]                                                                                                 ; 1.224             ;
; detect[10]                             ; detect[15]                                                                                                 ; 1.224             ;
; detect[9]                              ; detect[15]                                                                                                 ; 1.224             ;
; detect[8]                              ; detect[15]                                                                                                 ; 1.224             ;
; detect[7]                              ; detect[15]                                                                                                 ; 1.224             ;
; detect[6]                              ; detect[15]                                                                                                 ; 1.224             ;
; detect[5]                              ; detect[15]                                                                                                 ; 1.224             ;
; detect[4]                              ; detect[15]                                                                                                 ; 1.224             ;
; detect[3]                              ; detect[15]                                                                                                 ; 1.224             ;
; detect[2]                              ; detect[15]                                                                                                 ; 1.224             ;
; detect[1]                              ; detect[15]                                                                                                 ; 1.224             ;
; clock_check[0]                         ; detect[15]                                                                                                 ; 1.224             ;
; detect[15]                             ; detect[15]                                                                                                 ; 1.224             ;
; detect[0]                              ; detect[15]                                                                                                 ; 1.224             ;
; async_fifo_8:u_rb_fifo|rbin[0]         ; async_fifo_8:u_rb_fifo|altsyncram:mem_rtl_0|altsyncram_pmd1:auto_generated|ram_block1a5~portb_address_reg0 ; 0.559             ;
; rb_byte_r[4]                           ; async_fifo_8:u_rb_fifo|altsyncram:mem_rtl_0|altsyncram_pmd1:auto_generated|ram_block1a4~porta_datain_reg0  ; 0.432             ;
; rb_byte_r[7]                           ; async_fifo_8:u_rb_fifo|altsyncram:mem_rtl_0|altsyncram_pmd1:auto_generated|ram_block1a7~porta_datain_reg0  ; 0.432             ;
; rb_byte_r[6]                           ; async_fifo_8:u_rb_fifo|altsyncram:mem_rtl_0|altsyncram_pmd1:auto_generated|ram_block1a6~porta_datain_reg0  ; 0.432             ;
; rb_byte_r[5]                           ; async_fifo_8:u_rb_fifo|altsyncram:mem_rtl_0|altsyncram_pmd1:auto_generated|ram_block1a5~porta_datain_reg0  ; 0.432             ;
; pulseHandler:u_pc|ch_iter[1]           ; pulseHandler:u_pc|ch_iter[0]                                                                               ; 0.396             ;
; uart:u_uart|rx_sync2                   ; uart:u_uart|rx_shift[7]                                                                                    ; 0.390             ;
; pulseHandler:u_pc|state.S_RUN          ; pulseHandler:u_pc|state.S_ARMED                                                                            ; 0.389             ;
; async_fifo_8:u_rb_fifo|wq2_rgray[0]    ; async_fifo_8:u_rb_fifo|altsyncram:mem_rtl_0|altsyncram_pmd1:auto_generated|ram_block1a5~portb_address_reg0 ; 0.328             ;
; async_fifo_8:u_rb_fifo|wq2_rgray[1]    ; async_fifo_8:u_rb_fifo|altsyncram:mem_rtl_0|altsyncram_pmd1:auto_generated|ram_block1a5~portb_address_reg0 ; 0.328             ;
; async_fifo_8:u_rb_fifo|wq2_rgray[3]    ; async_fifo_8:u_rb_fifo|altsyncram:mem_rtl_0|altsyncram_pmd1:auto_generated|ram_block1a5~portb_address_reg0 ; 0.328             ;
; async_fifo_8:u_rb_fifo|wq2_rgray[2]    ; async_fifo_8:u_rb_fifo|altsyncram:mem_rtl_0|altsyncram_pmd1:auto_generated|ram_block1a5~portb_address_reg0 ; 0.328             ;
; async_fifo_8:u_rb_fifo|rgray[3]        ; async_fifo_8:u_rb_fifo|altsyncram:mem_rtl_0|altsyncram_pmd1:auto_generated|ram_block1a5~portb_address_reg0 ; 0.328             ;
; async_fifo_8:u_rb_fifo|rbin[4]         ; async_fifo_8:u_rb_fifo|altsyncram:mem_rtl_0|altsyncram_pmd1:auto_generated|ram_block1a5~portb_address_reg0 ; 0.328             ;
; async_fifo_8:u_rb_fifo|rgray[0]        ; async_fifo_8:u_rb_fifo|altsyncram:mem_rtl_0|altsyncram_pmd1:auto_generated|ram_block1a5~portb_address_reg0 ; 0.328             ;
; async_fifo_8:u_rb_fifo|rgray[1]        ; async_fifo_8:u_rb_fifo|altsyncram:mem_rtl_0|altsyncram_pmd1:auto_generated|ram_block1a5~portb_address_reg0 ; 0.328             ;
; async_fifo_8:u_rb_fifo|rbin[1]         ; async_fifo_8:u_rb_fifo|altsyncram:mem_rtl_0|altsyncram_pmd1:auto_generated|ram_block1a5~portb_address_reg0 ; 0.328             ;
; async_fifo_8:u_rb_fifo|rgray[2]        ; async_fifo_8:u_rb_fifo|altsyncram:mem_rtl_0|altsyncram_pmd1:auto_generated|ram_block1a5~portb_address_reg0 ; 0.328             ;
; async_fifo_8:u_rb_fifo|wq2_rgray[4]    ; async_fifo_8:u_rb_fifo|altsyncram:mem_rtl_0|altsyncram_pmd1:auto_generated|ram_block1a5~portb_address_reg0 ; 0.328             ;
; rb_fifo_pop                            ; async_fifo_8:u_rb_fifo|altsyncram:mem_rtl_0|altsyncram_pmd1:auto_generated|ram_block1a5~portb_address_reg0 ; 0.328             ;
; uart:u_uart|tx_bit[0]                  ; uart:u_uart|tx_bit[2]                                                                                      ; 0.318             ;
; rb_flush_rcnt[2]                       ; rb_flush_rcnt[3]                                                                                           ; 0.316             ;
; uart:u_uart|tx_bit[1]                  ; uart:u_uart|tx_bit[2]                                                                                      ; 0.307             ;
; usb_cmd_gateway:u_cmd|body[3][6]       ; usb_cmd_gateway:u_cmd|cmd_instr[6]                                                                         ; 0.287             ;
; usb_cmd_gateway:u_cmd|body[3][5]       ; usb_cmd_gateway:u_cmd|cmd_instr[5]                                                                         ; 0.287             ;
; usb_cmd_gateway:u_cmd|body[3][4]       ; usb_cmd_gateway:u_cmd|cmd_instr[4]                                                                         ; 0.287             ;
; usb_cmd_gateway:u_cmd|body[3][3]       ; usb_cmd_gateway:u_cmd|cmd_instr[3]                                                                         ; 0.287             ;
; usb_cmd_gateway:u_cmd|body[3][2]       ; usb_cmd_gateway:u_cmd|cmd_instr[2]                                                                         ; 0.287             ;
; usb_cmd_gateway:u_cmd|body[3][1]       ; usb_cmd_gateway:u_cmd|cmd_instr[1]                                                                         ; 0.287             ;
; usb_cmd_gateway:u_cmd|body[3][0]       ; usb_cmd_gateway:u_cmd|cmd_instr[0]                                                                         ; 0.287             ;
; usb_cmd_gateway:u_cmd|body[3][7]       ; usb_cmd_gateway:u_cmd|cmd_instr[7]                                                                         ; 0.287             ;
; usb_cmd_gateway:u_cmd|body[2][0]       ; usb_cmd_gateway:u_cmd|cmd_instr[8]                                                                         ; 0.287             ;
; usb_cmd_gateway:u_cmd|body[2][1]       ; usb_cmd_gateway:u_cmd|cmd_instr[9]                                                                         ; 0.287             ;
; usb_cmd_gateway:u_cmd|body[2][2]       ; usb_cmd_gateway:u_cmd|cmd_instr[10]                                                                        ; 0.287             ;
; usb_cmd_gateway:u_cmd|body[1][0]       ; usb_cmd_gateway:u_cmd|cmd_instr[11]                                                                        ; 0.286             ;
; usb_cmd_gateway:u_cmd|body[1][1]       ; usb_cmd_gateway:u_cmd|cmd_instr[12]                                                                        ; 0.286             ;
; usb_cmd_gateway:u_cmd|body[0][0]       ; usb_cmd_gateway:u_cmd|cmd_instr[13]                                                                        ; 0.286             ;
; usb_cmd_gateway:u_cmd|body[0][1]       ; usb_cmd_gateway:u_cmd|cmd_instr[14]                                                                        ; 0.286             ;
; resp_pending[3]                        ; resp_pending[3]                                                                                            ; 0.284             ;
; async_fifo_8:u_rb_fifo|wbin[1]         ; async_fifo_8:u_rb_fifo|altsyncram:mem_rtl_0|altsyncram_pmd1:auto_generated|ram_block1a5~porta_address_reg0 ; 0.281             ;
; async_fifo_8:u_rb_fifo|wbin[2]         ; async_fifo_8:u_rb_fifo|altsyncram:mem_rtl_0|altsyncram_pmd1:auto_generated|ram_block1a5~porta_address_reg0 ; 0.281             ;
; async_fifo_8:u_rb_fifo|wbin[3]         ; async_fifo_8:u_rb_fifo|altsyncram:mem_rtl_0|altsyncram_pmd1:auto_generated|ram_block1a5~porta_address_reg0 ; 0.281             ;
; async_fifo_8:u_rb_fifo|wbin[0]         ; async_fifo_8:u_rb_fifo|altsyncram:mem_rtl_0|altsyncram_pmd1:auto_generated|ram_block1a5~porta_address_reg0 ; 0.281             ;
; async_fifo_8:u_rb_fifo|rbin[3]         ; async_fifo_8:u_rb_fifo|rgray[2]                                                                            ; 0.279             ;
; usb_cmd_gateway:u_cmd|crc[8]           ; usb_cmd_gateway:u_cmd|crc[0]                                                                               ; 0.279             ;
; txq_wptr[4]                            ; txq_wptr[4]                                                                                                ; 0.274             ;
; txq_count[6]                           ; txq_count[6]                                                                                               ; 0.274             ;
; uart:u_uart|os_index[5]                ; uart:u_uart|os_index[5]                                                                                    ; 0.274             ;
; usb_cmd_gateway:u_cmd|state.S_SYNC1    ; usb_cmd_gateway:u_cmd|state.S_LEN                                                                          ; 0.272             ;
; ins_uart[11]                           ; ins_sync1[11]                                                                                              ; 0.271             ;
; cmd_tgl                                ; cmd_tgl_sync[0]                                                                                            ; 0.271             ;
; uart:u_uart|tx_busy                    ; uart:u_uart|tx_shift[8]                                                                                    ; 0.261             ;
; pulseHandler:u_pc|state.S_LOAD_CAP     ; pulseHandler:u_pc|blk_iter[2]                                                                              ; 0.254             ;
; rb_flush_wcnt[0]                       ; rb_flush_wcnt[1]                                                                                           ; 0.253             ;
; pulseHandler:u_pc|trig_qq              ; pulseHandler:u_pc|trig_rearm                                                                               ; 0.244             ;
; usb_cmd_gateway:u_cmd|ack_delay_cnt[0] ; usb_cmd_gateway:u_cmd|ack_delay_cnt[1]                                                                     ; 0.242             ;
; rb_fifo_pop_d1                         ; rb_hold_valid                                                                                              ; 0.241             ;
; resp_hold_data[1]                      ; txq_mem[26][1]                                                                                             ; 0.232             ;
; resp_hold_data[0]                      ; txq_mem[26][0]                                                                                             ; 0.232             ;
; uart:u_uart|rx_bit[0]                  ; uart:u_uart|rx_bit[2]                                                                                      ; 0.229             ;
; cmd_tgl_sync[1]                        ; pulse_timer[0]                                                                                             ; 0.214             ;
; pulse_timer[0]                         ; pulse_timer[1]                                                                                             ; 0.214             ;
; async_fifo_8:u_rb_fifo|mem~3           ; async_fifo_8:u_rb_fifo|r_data[2]                                                                           ; 0.210             ;
; async_fifo_8:u_rb_fifo|mem~1           ; async_fifo_8:u_rb_fifo|r_data[0]                                                                           ; 0.210             ;
; async_fifo_8:u_rb_fifo|mem~4           ; async_fifo_8:u_rb_fifo|r_data[3]                                                                           ; 0.210             ;
; async_fifo_8:u_rb_fifo|mem~5           ; async_fifo_8:u_rb_fifo|r_data[4]                                                                           ; 0.210             ;
; async_fifo_8:u_rb_fifo|mem~8           ; async_fifo_8:u_rb_fifo|r_data[7]                                                                           ; 0.210             ;
; async_fifo_8:u_rb_fifo|mem~7           ; async_fifo_8:u_rb_fifo|r_data[6]                                                                           ; 0.210             ;
; async_fifo_8:u_rb_fifo|mem~6           ; async_fifo_8:u_rb_fifo|r_data[5]                                                                           ; 0.210             ;
; usb_cmd_gateway:u_cmd|ack_pending      ; usb_cmd_gateway:u_cmd|resp_data[0]                                                                         ; 0.204             ;
; cmd_tgl_sync[2]                        ; pulse_timer[0]                                                                                             ; 0.204             ;
; rb_byte_r[2]                           ; async_fifo_8:u_rb_fifo|altsyncram:mem_rtl_0|altsyncram_pmd1:auto_generated|ram_block1a2~porta_datain_reg0  ; 0.199             ;
; uart:u_uart|rx_bit[1]                  ; uart:u_uart|rx_bit[2]                                                                                      ; 0.193             ;
; usb_cmd_gateway:u_cmd|ack_delay_cnt[1] ; usb_cmd_gateway:u_cmd|resp_data[0]                                                                         ; 0.192             ;
; rb_flush_rcnt[0]                       ; rb_flush_rcnt[1]                                                                                           ; 0.192             ;
; usb_cmd_gateway:u_cmd|crc[13]          ; usb_cmd_gateway:u_cmd|crc[10]                                                                              ; 0.192             ;
; usb_cmd_gateway:u_cmd|crc[14]          ; usb_cmd_gateway:u_cmd|crc[11]                                                                              ; 0.192             ;
; rb_byte_r[1]                           ; async_fifo_8:u_rb_fifo|altsyncram:mem_rtl_0|altsyncram_pmd1:auto_generated|ram_block1a1~porta_datain_reg0  ; 0.188             ;
; usb_cmd_gateway:u_cmd|ack_delay_cnt[2] ; usb_cmd_gateway:u_cmd|resp_data[0]                                                                         ; 0.187             ;
+----------------------------------------+------------------------------------------------------------------------------------------------------------+-------------------+
Note: This table only shows the top 100 path(s) that have the largest delay added for hold.


+-----------------+
; Fitter Messages ;
+-----------------+
Warning (18236): Number of processors has not been specified which may cause overloading on shared machines.  Set the global assignment NUM_PARALLEL_PROCESSORS in your QSF to an appropriate value for best performance.
Info (20030): Parallel compilation is enabled and will use 12 of the 12 processors detected
Info (119006): Selected device 10M50DAF484C6GES for design "PulseController"
Info (21077): Low junction temperature is 0 degrees C
Info (21077): High junction temperature is 85 degrees C
Info (15535): Implemented PLL "clk_pll_50_to_400:wiz_2|altpll:altpll_component|clk_pll_50_to_400_altpll:auto_generated|pll1" as MAX 10 PLL type File: E:/Quartus/projects/PHYS4310/db/clk_pll_50_to_400_altpll.v Line: 54
    Info (15099): Implementing clock multiplication of 2, clock division of 1, and phase shift of 0 degrees (0 ps) for clk_pll_50_to_400:wiz_2|altpll:altpll_component|clk_pll_50_to_400_altpll:auto_generated|wire_pll1_clk[0] port File: E:/Quartus/projects/PHYS4310/db/clk_pll_50_to_400_altpll.v Line: 54
    Info (15099): Implementing clock multiplication of 8, clock division of 1, and phase shift of 0 degrees (0 ps) for clk_pll_50_to_400:wiz_2|altpll:altpll_component|clk_pll_50_to_400_altpll:auto_generated|wire_pll1_clk[1] port File: E:/Quartus/projects/PHYS4310/db/clk_pll_50_to_400_altpll.v Line: 54
Critical Warning (15090): Changed operation mode of PLL "clk_pll_10_to_50:wiz_1|altpll:altpll_component|clk_pll_10_to_50_altpll:auto_generated|pll1" to No Compensation File: E:/Quartus/projects/PHYS4310/db/clk_pll_10_to_50_altpll.v Line: 51
Info (15535): Implemented PLL "clk_pll_10_to_50:wiz_1|altpll:altpll_component|clk_pll_10_to_50_altpll:auto_generated|pll1" as MAX 10 PLL type File: E:/Quartus/projects/PHYS4310/db/clk_pll_10_to_50_altpll.v Line: 51
Info (171003): Fitter is performing an Auto Fit compilation, which may decrease Fitter effort to reduce compilation time
Warning (292013): Feature LogicLock is only available with a valid subscription license. You can purchase a software subscription to gain full access to this feature.
Info (176444): Device migration not selected. If you intend to use device migration later, you may need to change the pin assignments as they may be incompatible with other devices
    Info (176445): Device 10M16DAF484I6G is compatible
    Info (176445): Device 10M25DAF484I6G is compatible
    Info (176445): Device 10M50DAF484I6G is compatible
    Info (176445): Device 10M40DAF484I6G is compatible
Info (169124): Fitter converted 8 user pins into dedicated programming pins
    Info (169125): Pin ~ALTERA_TMS~ is reserved at location H2
    Info (169125): Pin ~ALTERA_TCK~ is reserved at location G2
    Info (169125): Pin ~ALTERA_TDI~ is reserved at location L4
    Info (169125): Pin ~ALTERA_TDO~ is reserved at location M5
    Info (169125): Pin ~ALTERA_CONFIG_SEL~ is reserved at location H10
    Info (169125): Pin ~ALTERA_nCONFIG~ is reserved at location H9
    Info (169125): Pin ~ALTERA_nSTATUS~ is reserved at location G9
    Info (169125): Pin ~ALTERA_CONF_DONE~ is reserved at location F8
Info (169141): DATA[0] dual-purpose pin not reserved
Info (12825): Data[1]/ASDO dual-purpose pin not reserved
Info (12825): nCSO dual-purpose pin not reserved
Info (12825): DCLK dual-purpose pin not reserved
Warning (15714): Some pins have incomplete I/O assignments. Refer to the I/O Assignment Warnings report for details
Info (176045): Design uses memory blocks. Violating setup or hold times of memory block address registers for either read or write operations could cause memory contents to be corrupted. Make sure that all memory block address registers meet the setup and hold time requirements.
Critical Warning (169085): No exact pin location assignment(s) for 10 pins of 21 total pins. For the list of pins please refer to the I/O Assignment Warnings table in the fitter report.
Warning (335093): The Timing Analyzer is analyzing 4 combinational loops as latches. For more details, run the Check Timing command in the Timing Analyzer or view the "User-Specified and Inferred Latches" table in the Analysis & Synthesis report.
Critical Warning (332012): Synopsys Design Constraints File file not found: 'PulseController.sdc'. A Synopsys Design Constraints File is required by the Timing Analyzer to get proper timing constraints. Without it, the Compiler will not properly optimize the design.
Info (332144): No user constrained generated clocks found in the design
Info (332144): No user constrained base clocks found in the design
Info (332143): No user constrained clock uncertainty found in the design. Calling "derive_clock_uncertainty"
Info (332123): Deriving Clock Uncertainty. Please refer to report_sdc in the Timing Analyzer to see clock uncertainties.
Info (332130): Timing requirements not specified -- quality metrics such as performance may be sacrificed to reduce compilation time.
Info (176353): Automatically promoted node clk50~input (placed in PIN P11 (CLK7p, DIFFIO_TX_RX_B20p, DIFFOUT_B20p, High_Speed)) File: E:/Quartus/projects/PHYS4310/pulseController.v Line: 3
    Info (176355): Automatically promoted destinations to use location or clock signal Global Clock CLKCTRL_G16
Info (176353): Automatically promoted node clk_pll_50_to_400:wiz_2|altpll:altpll_component|clk_pll_50_to_400_altpll:auto_generated|wire_pll1_clk[0] (placed in counter C0 of PLL_1) File: E:/Quartus/projects/PHYS4310/db/clk_pll_50_to_400_altpll.v Line: 96
    Info (176355): Automatically promoted destinations to use location or clock signal Global Clock CLKCTRL_G18
Info (176353): Automatically promoted node clk_pll_50_to_400:wiz_2|altpll:altpll_component|clk_pll_50_to_400_altpll:auto_generated|wire_pll1_clk[1] (placed in counter C1 of PLL_1) File: E:/Quartus/projects/PHYS4310/db/clk_pll_50_to_400_altpll.v Line: 96
    Info (176355): Automatically promoted destinations to use location or clock signal Global Clock CLKCTRL_G19
Info (176353): Automatically promoted node rb_clk~input (placed in PIN R11 (CLK7n, DIFFIO_TX_RX_B20n, DIFFOUT_B20n, High_Speed)) File: E:/Quartus/projects/PHYS4310/pulseController.v Line: 4
    Info (176355): Automatically promoted destinations to use location or clock signal Global Clock CLKCTRL_G15
    Info (176356): Following destination nodes may be non-global or may not use global or regional clocks
        Info (176357): Destination node clock_check[0] File: E:/Quartus/projects/PHYS4310/pulseController.v Line: 27
        Info (176357): Destination node always0~0
        Info (176357): Destination node rb_valid~2 File: E:/Quartus/projects/PHYS4310/pulseController.v Line: 27
        Info (176357): Destination node detect[7]~50 File: E:/Quartus/projects/PHYS4310/pulseController.v Line: 27
Info (176353): Automatically promoted node instructionHandler:u_ins|Mux0~0  File: E:/Quartus/projects/PHYS4310/instructionHandler.v Line: 27
    Info (176355): Automatically promoted destinations to use location or clock signal Global Clock
Info (176233): Starting register packing
Info (176235): Finished register packing
    Extra Info (176219): No registers were packed into other blocks
Info (176214): Statistics of I/O pins that need to be placed that use the same VCCIO and VREF, before I/O pin placement
    Info (176211): Number of I/O pins in group: 9 (unused VREF, 2.5V VCCIO, 1 input, 8 output, 0 bidirectional)
        Info (176212): I/O standards used: 2.5 V.
Info (176215): I/O bank details before I/O pin placement
    Info (176214): Statistics of I/O banks
        Info (176213): I/O bank number 1A does not use VREF pins and has undetermined VCCIO pins. 0 total pin(s) used --  16 pins available
        Info (176213): I/O bank number 1B does not use VREF pins and has undetermined VCCIO pins. 4 total pin(s) used --  20 pins available
        Info (176213): I/O bank number 2 does not use VREF pins and has undetermined VCCIO pins. 0 total pin(s) used --  36 pins available
        Info (176213): I/O bank number 3 does not use VREF pins and has 2.5V VCCIO pins. 4 total pin(s) used --  44 pins available
        Info (176213): I/O bank number 4 does not use VREF pins and has undetermined VCCIO pins. 0 total pin(s) used --  48 pins available
        Info (176213): I/O bank number 5 does not use VREF pins and has undetermined VCCIO pins. 0 total pin(s) used --  40 pins available
        Info (176213): I/O bank number 6 does not use VREF pins and has undetermined VCCIO pins. 0 total pin(s) used --  60 pins available
        Info (176213): I/O bank number 7 does not use VREF pins and has 2.5V VCCIO pins. 8 total pin(s) used --  44 pins available
        Info (176213): I/O bank number 8 does not use VREF pins and has undetermined VCCIO pins. 4 total pin(s) used --  32 pins available
Warning (15056): PLL "clk_pll_10_to_50:wiz_1|altpll:altpll_component|clk_pll_10_to_50_altpll:auto_generated|pll1" input clock inclk[0] may have reduced jitter performance because it is fed by a non-dedicated input File: E:/Quartus/projects/PHYS4310/db/clk_pll_10_to_50_altpll.v Line: 51
    Info (15024): Input port INCLK[0] of node "clk_pll_10_to_50:wiz_1|altpll:altpll_component|clk_pll_10_to_50_altpll:auto_generated|pll1" is driven by rb_clk~inputclkctrl which is OUTCLK output port of Clock control block type node rb_clk~inputclkctrl File: E:/Quartus/projects/PHYS4310/db/clk_pll_10_to_50_altpll.v Line: 51
Info (171121): Fitter preparation operations ending: elapsed time is 00:00:03
Info (14896): Fitter has disabled Advanced Physical Optimization because it is not supported for the current family.
Info (170189): Fitter placement preparation operations beginning
Info (170190): Fitter placement preparation operations ending: elapsed time is 00:00:01
Info (170191): Fitter placement operations beginning
Info (170137): Fitter placement was successful
Info (170192): Fitter placement operations ending: elapsed time is 00:00:13
Info (170193): Fitter routing operations beginning
Info (170195): Router estimated average interconnect usage is 1% of the available device resources
    Info (170196): Router estimated peak interconnect usage is 13% of the available device resources in the region that extends from location X22_Y22 to location X32_Y32
Info (170199): The Fitter performed an Auto Fit compilation.  Optimizations were skipped to reduce compilation time.
    Info (170201): Optimizations that may affect the design's routability were skipped
Info (170194): Fitter routing operations ending: elapsed time is 00:00:11
Info (11888): Total time spent on timing analysis during the Fitter is 8.90 seconds.
Info (334003): Started post-fitting delay annotation
Warning (334000): Timing characteristics of device 10M50DAF484C6GES are preliminary
Info (334004): Delay annotation completed successfully
Info (334003): Started post-fitting delay annotation
Warning (334000): Timing characteristics of device 10M50DAF484C6GES are preliminary
Info (334004): Delay annotation completed successfully
Info (11218): Fitter post-fit operations ending: elapsed time is 00:00:03
Warning (171167): Found invalid Fitter assignments. See the Ignored Assignments panel in the Fitter Compilation Report for more information.
Info (144001): Generated suppressed messages file E:/Quartus/projects/PHYS4310/output_files/PulseController.fit.smsg
Info: Quartus Prime Fitter was successful. 0 errors, 11 warnings
    Info: Peak virtual memory: 6294 megabytes
    Info: Processing ended: Sun Feb  8 00:36:47 2026
    Info: Elapsed time: 00:00:39
    Info: Total CPU time (on all processors): 00:00:29


+----------------------------+
; Fitter Suppressed Messages ;
+----------------------------+
The suppressed messages can be found in E:/Quartus/projects/PHYS4310/output_files/PulseController.fit.smsg.


