Analysis & Synthesis report for PulseController
Wed Mar 18 19:01:05 2026
Quartus Prime Version 22.1std.0 Build 915 10/25/2022 SC Lite Edition


---------------------
; Table of Contents ;
---------------------
  1. Legal Notice
  2. Analysis & Synthesis Summary
  3. Analysis & Synthesis Settings
  4. Parallel Compilation
  5. Analysis & Synthesis Source Files Read
  6. Analysis & Synthesis Resource Usage Summary
  7. Analysis & Synthesis Resource Utilization by Entity
  8. Analysis & Synthesis IP Cores Summary
  9. State Machine - |pulseController|pulseHandler:u_pc|state
 10. State Machine - |pulseController|usb_cmd_gateway:u_cmd|state
 11. Registers Removed During Synthesis
 12. Removed Registers Triggering Further Register Optimizations
 13. General Register Statistics
 14. Inverted Register Statistics
 15. Multiplexer Restructuring Statistics (Restructuring Performed)
 16. Parameter Settings for User Entity Instance: clk_pll_10_to_50:wiz_1|altpll:altpll_component
 17. Parameter Settings for User Entity Instance: clk_pll_50_to_200:wiz_2|altpll:altpll_component
 18. Parameter Settings for User Entity Instance: uart:u_uart
 19. Parameter Settings for User Entity Instance: memory4c:u_delays|storage:block[0]
 20. Parameter Settings for User Entity Instance: memory4c:u_delays|storage:block[1]
 21. Parameter Settings for User Entity Instance: memory4c:u_delays|storage:block[2]
 22. Parameter Settings for User Entity Instance: memory4c:u_delays|storage:block[3]
 23. Parameter Settings for User Entity Instance: memory4c:u_delays|storage:block[4]
 24. Parameter Settings for User Entity Instance: memory4c:u_delays|storage:block[5]
 25. Parameter Settings for User Entity Instance: memory4c:u_delays|storage:block[6]
 26. Parameter Settings for User Entity Instance: memory4c:u_delays|storage:block[7]
 27. Parameter Settings for User Entity Instance: memory4c:u_delays|storage:block[8]
 28. Parameter Settings for User Entity Instance: memory4c:u_delays|storage:block[9]
 29. Parameter Settings for User Entity Instance: memory4c:u_delays|storage:block[10]
 30. Parameter Settings for User Entity Instance: memory4c:u_delays|storage:block[11]
 31. Parameter Settings for User Entity Instance: memory4c:u_delays|storage:block[12]
 32. Parameter Settings for User Entity Instance: memory4c:u_delays|storage:block[13]
 33. Parameter Settings for User Entity Instance: memory4c:u_delays|storage:block[14]
 34. Parameter Settings for User Entity Instance: memory4c:u_delays|storage:block[15]
 35. Parameter Settings for User Entity Instance: memory4c:u_delays|storage:block[16]
 36. Parameter Settings for User Entity Instance: memory4c:u_delays|storage:block[17]
 37. Parameter Settings for User Entity Instance: memory4c:u_delays|storage:block[18]
 38. Parameter Settings for User Entity Instance: memory4c:u_delays|storage:block[19]
 39. Parameter Settings for User Entity Instance: memory4c:u_delays|storage:block[20]
 40. Parameter Settings for User Entity Instance: memory4c:u_delays|storage:block[21]
 41. Parameter Settings for User Entity Instance: memory4c:u_delays|storage:block[22]
 42. Parameter Settings for User Entity Instance: memory4c:u_delays|storage:block[23]
 43. Parameter Settings for User Entity Instance: memory4c:u_delays|storage:block[24]
 44. Parameter Settings for User Entity Instance: memory4c:u_delays|storage:block[25]
 45. Parameter Settings for User Entity Instance: memory4c:u_delays|storage:block[26]
 46. Parameter Settings for User Entity Instance: memory4c:u_delays|storage:block[27]
 47. Parameter Settings for User Entity Instance: memory4c:u_delays|storage:block[28]
 48. Parameter Settings for User Entity Instance: memory4c:u_delays|storage:block[29]
 49. Parameter Settings for User Entity Instance: memory4c:u_delays|storage:block[30]
 50. Parameter Settings for User Entity Instance: memory4c:u_delays|storage:block[31]
 51. Parameter Settings for User Entity Instance: memory4c:u_delays|deMux8:gen_blockMux[0].blockMux
 52. Parameter Settings for User Entity Instance: memory4c:u_delays|deMux8:gen_blockMux[0].blockMux|deMux:first
 53. Parameter Settings for User Entity Instance: memory4c:u_delays|deMux8:gen_blockMux[0].blockMux|deMux4:l1
 54. Parameter Settings for User Entity Instance: memory4c:u_delays|deMux8:gen_blockMux[0].blockMux|deMux4:l1|deMux:first
 55. Parameter Settings for User Entity Instance: memory4c:u_delays|deMux8:gen_blockMux[0].blockMux|deMux4:l1|deMux:l1
 56. Parameter Settings for User Entity Instance: memory4c:u_delays|deMux8:gen_blockMux[0].blockMux|deMux4:l1|deMux:l2
 57. Parameter Settings for User Entity Instance: memory4c:u_delays|deMux8:gen_blockMux[0].blockMux|deMux4:l2
 58. Parameter Settings for User Entity Instance: memory4c:u_delays|deMux8:gen_blockMux[0].blockMux|deMux4:l2|deMux:first
 59. Parameter Settings for User Entity Instance: memory4c:u_delays|deMux8:gen_blockMux[0].blockMux|deMux4:l2|deMux:l1
 60. Parameter Settings for User Entity Instance: memory4c:u_delays|deMux8:gen_blockMux[0].blockMux|deMux4:l2|deMux:l2
 61. Parameter Settings for User Entity Instance: memory4c:u_delays|deMux8:gen_blockMux[1].blockMux
 62. Parameter Settings for User Entity Instance: memory4c:u_delays|deMux8:gen_blockMux[1].blockMux|deMux:first
 63. Parameter Settings for User Entity Instance: memory4c:u_delays|deMux8:gen_blockMux[1].blockMux|deMux4:l1
 64. Parameter Settings for User Entity Instance: memory4c:u_delays|deMux8:gen_blockMux[1].blockMux|deMux4:l1|deMux:first
 65. Parameter Settings for User Entity Instance: memory4c:u_delays|deMux8:gen_blockMux[1].blockMux|deMux4:l1|deMux:l1
 66. Parameter Settings for User Entity Instance: memory4c:u_delays|deMux8:gen_blockMux[1].blockMux|deMux4:l1|deMux:l2
 67. Parameter Settings for User Entity Instance: memory4c:u_delays|deMux8:gen_blockMux[1].blockMux|deMux4:l2
 68. Parameter Settings for User Entity Instance: memory4c:u_delays|deMux8:gen_blockMux[1].blockMux|deMux4:l2|deMux:first
 69. Parameter Settings for User Entity Instance: memory4c:u_delays|deMux8:gen_blockMux[1].blockMux|deMux4:l2|deMux:l1
 70. Parameter Settings for User Entity Instance: memory4c:u_delays|deMux8:gen_blockMux[1].blockMux|deMux4:l2|deMux:l2
 71. Parameter Settings for User Entity Instance: memory4c:u_delays|deMux8:gen_blockMux[2].blockMux
 72. Parameter Settings for User Entity Instance: memory4c:u_delays|deMux8:gen_blockMux[2].blockMux|deMux:first
 73. Parameter Settings for User Entity Instance: memory4c:u_delays|deMux8:gen_blockMux[2].blockMux|deMux4:l1
 74. Parameter Settings for User Entity Instance: memory4c:u_delays|deMux8:gen_blockMux[2].blockMux|deMux4:l1|deMux:first
 75. Parameter Settings for User Entity Instance: memory4c:u_delays|deMux8:gen_blockMux[2].blockMux|deMux4:l1|deMux:l1
 76. Parameter Settings for User Entity Instance: memory4c:u_delays|deMux8:gen_blockMux[2].blockMux|deMux4:l1|deMux:l2
 77. Parameter Settings for User Entity Instance: memory4c:u_delays|deMux8:gen_blockMux[2].blockMux|deMux4:l2
 78. Parameter Settings for User Entity Instance: memory4c:u_delays|deMux8:gen_blockMux[2].blockMux|deMux4:l2|deMux:first
 79. Parameter Settings for User Entity Instance: memory4c:u_delays|deMux8:gen_blockMux[2].blockMux|deMux4:l2|deMux:l1
 80. Parameter Settings for User Entity Instance: memory4c:u_delays|deMux8:gen_blockMux[2].blockMux|deMux4:l2|deMux:l2
 81. Parameter Settings for User Entity Instance: memory4c:u_delays|deMux8:gen_blockMux[3].blockMux
 82. Parameter Settings for User Entity Instance: memory4c:u_delays|deMux8:gen_blockMux[3].blockMux|deMux:first
 83. Parameter Settings for User Entity Instance: memory4c:u_delays|deMux8:gen_blockMux[3].blockMux|deMux4:l1
 84. Parameter Settings for User Entity Instance: memory4c:u_delays|deMux8:gen_blockMux[3].blockMux|deMux4:l1|deMux:first
 85. Parameter Settings for User Entity Instance: memory4c:u_delays|deMux8:gen_blockMux[3].blockMux|deMux4:l1|deMux:l1
 86. Parameter Settings for User Entity Instance: memory4c:u_delays|deMux8:gen_blockMux[3].blockMux|deMux4:l1|deMux:l2
 87. Parameter Settings for User Entity Instance: memory4c:u_delays|deMux8:gen_blockMux[3].blockMux|deMux4:l2
 88. Parameter Settings for User Entity Instance: memory4c:u_delays|deMux8:gen_blockMux[3].blockMux|deMux4:l2|deMux:first
 89. Parameter Settings for User Entity Instance: memory4c:u_delays|deMux8:gen_blockMux[3].blockMux|deMux4:l2|deMux:l1
 90. Parameter Settings for User Entity Instance: memory4c:u_delays|deMux8:gen_blockMux[3].blockMux|deMux4:l2|deMux:l2
 91. Parameter Settings for User Entity Instance: memory4c:u_delays|deMux4:channelMux
 92. Parameter Settings for User Entity Instance: memory4c:u_delays|deMux4:channelMux|deMux:first
 93. Parameter Settings for User Entity Instance: memory4c:u_delays|deMux4:channelMux|deMux:l1
 94. Parameter Settings for User Entity Instance: memory4c:u_delays|deMux4:channelMux|deMux:l2
 95. Parameter Settings for User Entity Instance: memory4c:u_delays|deMux8:gen_blockRoute[0].blockRoute
 96. Parameter Settings for User Entity Instance: memory4c:u_delays|deMux8:gen_blockRoute[0].blockRoute|deMux:first
 97. Parameter Settings for User Entity Instance: memory4c:u_delays|deMux8:gen_blockRoute[0].blockRoute|deMux4:l1
 98. Parameter Settings for User Entity Instance: memory4c:u_delays|deMux8:gen_blockRoute[0].blockRoute|deMux4:l1|deMux:first
 99. Parameter Settings for User Entity Instance: memory4c:u_delays|deMux8:gen_blockRoute[0].blockRoute|deMux4:l1|deMux:l1
100. Parameter Settings for User Entity Instance: memory4c:u_delays|deMux8:gen_blockRoute[0].blockRoute|deMux4:l1|deMux:l2
101. Parameter Settings for User Entity Instance: memory4c:u_delays|deMux8:gen_blockRoute[0].blockRoute|deMux4:l2
102. Parameter Settings for User Entity Instance: memory4c:u_delays|deMux8:gen_blockRoute[0].blockRoute|deMux4:l2|deMux:first
103. Parameter Settings for User Entity Instance: memory4c:u_delays|deMux8:gen_blockRoute[0].blockRoute|deMux4:l2|deMux:l1
104. Parameter Settings for User Entity Instance: memory4c:u_delays|deMux8:gen_blockRoute[0].blockRoute|deMux4:l2|deMux:l2
105. Parameter Settings for User Entity Instance: memory4c:u_delays|deMux8:gen_blockRoute[1].blockRoute
106. Parameter Settings for User Entity Instance: memory4c:u_delays|deMux8:gen_blockRoute[1].blockRoute|deMux:first
107. Parameter Settings for User Entity Instance: memory4c:u_delays|deMux8:gen_blockRoute[1].blockRoute|deMux4:l1
108. Parameter Settings for User Entity Instance: memory4c:u_delays|deMux8:gen_blockRoute[1].blockRoute|deMux4:l1|deMux:first
109. Parameter Settings for User Entity Instance: memory4c:u_delays|deMux8:gen_blockRoute[1].blockRoute|deMux4:l1|deMux:l1
110. Parameter Settings for User Entity Instance: memory4c:u_delays|deMux8:gen_blockRoute[1].blockRoute|deMux4:l1|deMux:l2
111. Parameter Settings for User Entity Instance: memory4c:u_delays|deMux8:gen_blockRoute[1].blockRoute|deMux4:l2
112. Parameter Settings for User Entity Instance: memory4c:u_delays|deMux8:gen_blockRoute[1].blockRoute|deMux4:l2|deMux:first
113. Parameter Settings for User Entity Instance: memory4c:u_delays|deMux8:gen_blockRoute[1].blockRoute|deMux4:l2|deMux:l1
114. Parameter Settings for User Entity Instance: memory4c:u_delays|deMux8:gen_blockRoute[1].blockRoute|deMux4:l2|deMux:l2
115. Parameter Settings for User Entity Instance: memory4c:u_delays|deMux8:gen_blockRoute[2].blockRoute
116. Parameter Settings for User Entity Instance: memory4c:u_delays|deMux8:gen_blockRoute[2].blockRoute|deMux:first
117. Parameter Settings for User Entity Instance: memory4c:u_delays|deMux8:gen_blockRoute[2].blockRoute|deMux4:l1
118. Parameter Settings for User Entity Instance: memory4c:u_delays|deMux8:gen_blockRoute[2].blockRoute|deMux4:l1|deMux:first
119. Parameter Settings for User Entity Instance: memory4c:u_delays|deMux8:gen_blockRoute[2].blockRoute|deMux4:l1|deMux:l1
120. Parameter Settings for User Entity Instance: memory4c:u_delays|deMux8:gen_blockRoute[2].blockRoute|deMux4:l1|deMux:l2
121. Parameter Settings for User Entity Instance: memory4c:u_delays|deMux8:gen_blockRoute[2].blockRoute|deMux4:l2
122. Parameter Settings for User Entity Instance: memory4c:u_delays|deMux8:gen_blockRoute[2].blockRoute|deMux4:l2|deMux:first
123. Parameter Settings for User Entity Instance: memory4c:u_delays|deMux8:gen_blockRoute[2].blockRoute|deMux4:l2|deMux:l1
124. Parameter Settings for User Entity Instance: memory4c:u_delays|deMux8:gen_blockRoute[2].blockRoute|deMux4:l2|deMux:l2
125. Parameter Settings for User Entity Instance: memory4c:u_delays|deMux8:gen_blockRoute[3].blockRoute
126. Parameter Settings for User Entity Instance: memory4c:u_delays|deMux8:gen_blockRoute[3].blockRoute|deMux:first
127. Parameter Settings for User Entity Instance: memory4c:u_delays|deMux8:gen_blockRoute[3].blockRoute|deMux4:l1
128. Parameter Settings for User Entity Instance: memory4c:u_delays|deMux8:gen_blockRoute[3].blockRoute|deMux4:l1|deMux:first
129. Parameter Settings for User Entity Instance: memory4c:u_delays|deMux8:gen_blockRoute[3].blockRoute|deMux4:l1|deMux:l1
130. Parameter Settings for User Entity Instance: memory4c:u_delays|deMux8:gen_blockRoute[3].blockRoute|deMux4:l1|deMux:l2
131. Parameter Settings for User Entity Instance: memory4c:u_delays|deMux8:gen_blockRoute[3].blockRoute|deMux4:l2
132. Parameter Settings for User Entity Instance: memory4c:u_delays|deMux8:gen_blockRoute[3].blockRoute|deMux4:l2|deMux:first
133. Parameter Settings for User Entity Instance: memory4c:u_delays|deMux8:gen_blockRoute[3].blockRoute|deMux4:l2|deMux:l1
134. Parameter Settings for User Entity Instance: memory4c:u_delays|deMux8:gen_blockRoute[3].blockRoute|deMux4:l2|deMux:l2
135. Parameter Settings for User Entity Instance: memory4c:u_delays|deMux4:channelRoute
136. Parameter Settings for User Entity Instance: memory4c:u_delays|deMux4:channelRoute|deMux:first
137. Parameter Settings for User Entity Instance: memory4c:u_delays|deMux4:channelRoute|deMux:l1
138. Parameter Settings for User Entity Instance: memory4c:u_delays|deMux4:channelRoute|deMux:l2
139. Parameter Settings for User Entity Instance: memory4c:u_delays|mux8:gen_readBlock[0].readBlock
140. Parameter Settings for User Entity Instance: memory4c:u_delays|mux8:gen_readBlock[0].readBlock|mux4:lo
141. Parameter Settings for User Entity Instance: memory4c:u_delays|mux8:gen_readBlock[0].readBlock|mux4:lo|mux:lo
142. Parameter Settings for User Entity Instance: memory4c:u_delays|mux8:gen_readBlock[0].readBlock|mux4:lo|mux:hi
143. Parameter Settings for User Entity Instance: memory4c:u_delays|mux8:gen_readBlock[0].readBlock|mux4:lo|mux:final
144. Parameter Settings for User Entity Instance: memory4c:u_delays|mux8:gen_readBlock[0].readBlock|mux4:hi
145. Parameter Settings for User Entity Instance: memory4c:u_delays|mux8:gen_readBlock[0].readBlock|mux4:hi|mux:lo
146. Parameter Settings for User Entity Instance: memory4c:u_delays|mux8:gen_readBlock[0].readBlock|mux4:hi|mux:hi
147. Parameter Settings for User Entity Instance: memory4c:u_delays|mux8:gen_readBlock[0].readBlock|mux4:hi|mux:final
148. Parameter Settings for User Entity Instance: memory4c:u_delays|mux8:gen_readBlock[0].readBlock|mux:final
149. Parameter Settings for User Entity Instance: memory4c:u_delays|mux8:gen_readBlock[1].readBlock
150. Parameter Settings for User Entity Instance: memory4c:u_delays|mux8:gen_readBlock[1].readBlock|mux4:lo
151. Parameter Settings for User Entity Instance: memory4c:u_delays|mux8:gen_readBlock[1].readBlock|mux4:lo|mux:lo
152. Parameter Settings for User Entity Instance: memory4c:u_delays|mux8:gen_readBlock[1].readBlock|mux4:lo|mux:hi
153. Parameter Settings for User Entity Instance: memory4c:u_delays|mux8:gen_readBlock[1].readBlock|mux4:lo|mux:final
154. Parameter Settings for User Entity Instance: memory4c:u_delays|mux8:gen_readBlock[1].readBlock|mux4:hi
155. Parameter Settings for User Entity Instance: memory4c:u_delays|mux8:gen_readBlock[1].readBlock|mux4:hi|mux:lo
156. Parameter Settings for User Entity Instance: memory4c:u_delays|mux8:gen_readBlock[1].readBlock|mux4:hi|mux:hi
157. Parameter Settings for User Entity Instance: memory4c:u_delays|mux8:gen_readBlock[1].readBlock|mux4:hi|mux:final
158. Parameter Settings for User Entity Instance: memory4c:u_delays|mux8:gen_readBlock[1].readBlock|mux:final
159. Parameter Settings for User Entity Instance: memory4c:u_delays|mux8:gen_readBlock[2].readBlock
160. Parameter Settings for User Entity Instance: memory4c:u_delays|mux8:gen_readBlock[2].readBlock|mux4:lo
161. Parameter Settings for User Entity Instance: memory4c:u_delays|mux8:gen_readBlock[2].readBlock|mux4:lo|mux:lo
162. Parameter Settings for User Entity Instance: memory4c:u_delays|mux8:gen_readBlock[2].readBlock|mux4:lo|mux:hi
163. Parameter Settings for User Entity Instance: memory4c:u_delays|mux8:gen_readBlock[2].readBlock|mux4:lo|mux:final
164. Parameter Settings for User Entity Instance: memory4c:u_delays|mux8:gen_readBlock[2].readBlock|mux4:hi
165. Parameter Settings for User Entity Instance: memory4c:u_delays|mux8:gen_readBlock[2].readBlock|mux4:hi|mux:lo
166. Parameter Settings for User Entity Instance: memory4c:u_delays|mux8:gen_readBlock[2].readBlock|mux4:hi|mux:hi
167. Parameter Settings for User Entity Instance: memory4c:u_delays|mux8:gen_readBlock[2].readBlock|mux4:hi|mux:final
168. Parameter Settings for User Entity Instance: memory4c:u_delays|mux8:gen_readBlock[2].readBlock|mux:final
169. Parameter Settings for User Entity Instance: memory4c:u_delays|mux8:gen_readBlock[3].readBlock
170. Parameter Settings for User Entity Instance: memory4c:u_delays|mux8:gen_readBlock[3].readBlock|mux4:lo
171. Parameter Settings for User Entity Instance: memory4c:u_delays|mux8:gen_readBlock[3].readBlock|mux4:lo|mux:lo
172. Parameter Settings for User Entity Instance: memory4c:u_delays|mux8:gen_readBlock[3].readBlock|mux4:lo|mux:hi
173. Parameter Settings for User Entity Instance: memory4c:u_delays|mux8:gen_readBlock[3].readBlock|mux4:lo|mux:final
174. Parameter Settings for User Entity Instance: memory4c:u_delays|mux8:gen_readBlock[3].readBlock|mux4:hi
175. Parameter Settings for User Entity Instance: memory4c:u_delays|mux8:gen_readBlock[3].readBlock|mux4:hi|mux:lo
176. Parameter Settings for User Entity Instance: memory4c:u_delays|mux8:gen_readBlock[3].readBlock|mux4:hi|mux:hi
177. Parameter Settings for User Entity Instance: memory4c:u_delays|mux8:gen_readBlock[3].readBlock|mux4:hi|mux:final
178. Parameter Settings for User Entity Instance: memory4c:u_delays|mux8:gen_readBlock[3].readBlock|mux:final
179. Parameter Settings for User Entity Instance: memory4c:u_delays|mux4:memChannelOutput
180. Parameter Settings for User Entity Instance: memory4c:u_delays|mux4:memChannelOutput|mux:lo
181. Parameter Settings for User Entity Instance: memory4c:u_delays|mux4:memChannelOutput|mux:hi
182. Parameter Settings for User Entity Instance: memory4c:u_delays|mux4:memChannelOutput|mux:final
183. Parameter Settings for User Entity Instance: memory4c:u_widths|storage:block[0]
184. Parameter Settings for User Entity Instance: memory4c:u_widths|storage:block[1]
185. Parameter Settings for User Entity Instance: memory4c:u_widths|storage:block[2]
186. Parameter Settings for User Entity Instance: memory4c:u_widths|storage:block[3]
187. Parameter Settings for User Entity Instance: memory4c:u_widths|storage:block[4]
188. Parameter Settings for User Entity Instance: memory4c:u_widths|storage:block[5]
189. Parameter Settings for User Entity Instance: memory4c:u_widths|storage:block[6]
190. Parameter Settings for User Entity Instance: memory4c:u_widths|storage:block[7]
191. Parameter Settings for User Entity Instance: memory4c:u_widths|storage:block[8]
192. Parameter Settings for User Entity Instance: memory4c:u_widths|storage:block[9]
193. Parameter Settings for User Entity Instance: memory4c:u_widths|storage:block[10]
194. Parameter Settings for User Entity Instance: memory4c:u_widths|storage:block[11]
195. Parameter Settings for User Entity Instance: memory4c:u_widths|storage:block[12]
196. Parameter Settings for User Entity Instance: memory4c:u_widths|storage:block[13]
197. Parameter Settings for User Entity Instance: memory4c:u_widths|storage:block[14]
198. Parameter Settings for User Entity Instance: memory4c:u_widths|storage:block[15]
199. Parameter Settings for User Entity Instance: memory4c:u_widths|storage:block[16]
200. Parameter Settings for User Entity Instance: memory4c:u_widths|storage:block[17]
201. Parameter Settings for User Entity Instance: memory4c:u_widths|storage:block[18]
202. Parameter Settings for User Entity Instance: memory4c:u_widths|storage:block[19]
203. Parameter Settings for User Entity Instance: memory4c:u_widths|storage:block[20]
204. Parameter Settings for User Entity Instance: memory4c:u_widths|storage:block[21]
205. Parameter Settings for User Entity Instance: memory4c:u_widths|storage:block[22]
206. Parameter Settings for User Entity Instance: memory4c:u_widths|storage:block[23]
207. Parameter Settings for User Entity Instance: memory4c:u_widths|storage:block[24]
208. Parameter Settings for User Entity Instance: memory4c:u_widths|storage:block[25]
209. Parameter Settings for User Entity Instance: memory4c:u_widths|storage:block[26]
210. Parameter Settings for User Entity Instance: memory4c:u_widths|storage:block[27]
211. Parameter Settings for User Entity Instance: memory4c:u_widths|storage:block[28]
212. Parameter Settings for User Entity Instance: memory4c:u_widths|storage:block[29]
213. Parameter Settings for User Entity Instance: memory4c:u_widths|storage:block[30]
214. Parameter Settings for User Entity Instance: memory4c:u_widths|storage:block[31]
215. Parameter Settings for User Entity Instance: memory4c:u_widths|deMux8:gen_blockMux[0].blockMux
216. Parameter Settings for User Entity Instance: memory4c:u_widths|deMux8:gen_blockMux[0].blockMux|deMux:first
217. Parameter Settings for User Entity Instance: memory4c:u_widths|deMux8:gen_blockMux[0].blockMux|deMux4:l1
218. Parameter Settings for User Entity Instance: memory4c:u_widths|deMux8:gen_blockMux[0].blockMux|deMux4:l1|deMux:first
219. Parameter Settings for User Entity Instance: memory4c:u_widths|deMux8:gen_blockMux[0].blockMux|deMux4:l1|deMux:l1
220. Parameter Settings for User Entity Instance: memory4c:u_widths|deMux8:gen_blockMux[0].blockMux|deMux4:l1|deMux:l2
221. Parameter Settings for User Entity Instance: memory4c:u_widths|deMux8:gen_blockMux[0].blockMux|deMux4:l2
222. Parameter Settings for User Entity Instance: memory4c:u_widths|deMux8:gen_blockMux[0].blockMux|deMux4:l2|deMux:first
223. Parameter Settings for User Entity Instance: memory4c:u_widths|deMux8:gen_blockMux[0].blockMux|deMux4:l2|deMux:l1
224. Parameter Settings for User Entity Instance: memory4c:u_widths|deMux8:gen_blockMux[0].blockMux|deMux4:l2|deMux:l2
225. Parameter Settings for User Entity Instance: memory4c:u_widths|deMux8:gen_blockMux[1].blockMux
226. Parameter Settings for User Entity Instance: memory4c:u_widths|deMux8:gen_blockMux[1].blockMux|deMux:first
227. Parameter Settings for User Entity Instance: memory4c:u_widths|deMux8:gen_blockMux[1].blockMux|deMux4:l1
228. Parameter Settings for User Entity Instance: memory4c:u_widths|deMux8:gen_blockMux[1].blockMux|deMux4:l1|deMux:first
229. Parameter Settings for User Entity Instance: memory4c:u_widths|deMux8:gen_blockMux[1].blockMux|deMux4:l1|deMux:l1
230. Parameter Settings for User Entity Instance: memory4c:u_widths|deMux8:gen_blockMux[1].blockMux|deMux4:l1|deMux:l2
231. Parameter Settings for User Entity Instance: memory4c:u_widths|deMux8:gen_blockMux[1].blockMux|deMux4:l2
232. Parameter Settings for User Entity Instance: memory4c:u_widths|deMux8:gen_blockMux[1].blockMux|deMux4:l2|deMux:first
233. Parameter Settings for User Entity Instance: memory4c:u_widths|deMux8:gen_blockMux[1].blockMux|deMux4:l2|deMux:l1
234. Parameter Settings for User Entity Instance: memory4c:u_widths|deMux8:gen_blockMux[1].blockMux|deMux4:l2|deMux:l2
235. Parameter Settings for User Entity Instance: memory4c:u_widths|deMux8:gen_blockMux[2].blockMux
236. Parameter Settings for User Entity Instance: memory4c:u_widths|deMux8:gen_blockMux[2].blockMux|deMux:first
237. Parameter Settings for User Entity Instance: memory4c:u_widths|deMux8:gen_blockMux[2].blockMux|deMux4:l1
238. Parameter Settings for User Entity Instance: memory4c:u_widths|deMux8:gen_blockMux[2].blockMux|deMux4:l1|deMux:first
239. Parameter Settings for User Entity Instance: memory4c:u_widths|deMux8:gen_blockMux[2].blockMux|deMux4:l1|deMux:l1
240. Parameter Settings for User Entity Instance: memory4c:u_widths|deMux8:gen_blockMux[2].blockMux|deMux4:l1|deMux:l2
241. Parameter Settings for User Entity Instance: memory4c:u_widths|deMux8:gen_blockMux[2].blockMux|deMux4:l2
242. Parameter Settings for User Entity Instance: memory4c:u_widths|deMux8:gen_blockMux[2].blockMux|deMux4:l2|deMux:first
243. Parameter Settings for User Entity Instance: memory4c:u_widths|deMux8:gen_blockMux[2].blockMux|deMux4:l2|deMux:l1
244. Parameter Settings for User Entity Instance: memory4c:u_widths|deMux8:gen_blockMux[2].blockMux|deMux4:l2|deMux:l2
245. Parameter Settings for User Entity Instance: memory4c:u_widths|deMux8:gen_blockMux[3].blockMux
246. Parameter Settings for User Entity Instance: memory4c:u_widths|deMux8:gen_blockMux[3].blockMux|deMux:first
247. Parameter Settings for User Entity Instance: memory4c:u_widths|deMux8:gen_blockMux[3].blockMux|deMux4:l1
248. Parameter Settings for User Entity Instance: memory4c:u_widths|deMux8:gen_blockMux[3].blockMux|deMux4:l1|deMux:first
249. Parameter Settings for User Entity Instance: memory4c:u_widths|deMux8:gen_blockMux[3].blockMux|deMux4:l1|deMux:l1
250. Parameter Settings for User Entity Instance: memory4c:u_widths|deMux8:gen_blockMux[3].blockMux|deMux4:l1|deMux:l2
251. Parameter Settings for User Entity Instance: memory4c:u_widths|deMux8:gen_blockMux[3].blockMux|deMux4:l2
252. Parameter Settings for User Entity Instance: memory4c:u_widths|deMux8:gen_blockMux[3].blockMux|deMux4:l2|deMux:first
253. Parameter Settings for User Entity Instance: memory4c:u_widths|deMux8:gen_blockMux[3].blockMux|deMux4:l2|deMux:l1
254. Parameter Settings for User Entity Instance: memory4c:u_widths|deMux8:gen_blockMux[3].blockMux|deMux4:l2|deMux:l2
255. Parameter Settings for User Entity Instance: memory4c:u_widths|deMux4:channelMux
256. Parameter Settings for User Entity Instance: memory4c:u_widths|deMux4:channelMux|deMux:first
257. Parameter Settings for User Entity Instance: memory4c:u_widths|deMux4:channelMux|deMux:l1
258. Parameter Settings for User Entity Instance: memory4c:u_widths|deMux4:channelMux|deMux:l2
259. Parameter Settings for User Entity Instance: memory4c:u_widths|deMux8:gen_blockRoute[0].blockRoute
260. Parameter Settings for User Entity Instance: memory4c:u_widths|deMux8:gen_blockRoute[0].blockRoute|deMux:first
261. Parameter Settings for User Entity Instance: memory4c:u_widths|deMux8:gen_blockRoute[0].blockRoute|deMux4:l1
262. Parameter Settings for User Entity Instance: memory4c:u_widths|deMux8:gen_blockRoute[0].blockRoute|deMux4:l1|deMux:first
263. Parameter Settings for User Entity Instance: memory4c:u_widths|deMux8:gen_blockRoute[0].blockRoute|deMux4:l1|deMux:l1
264. Parameter Settings for User Entity Instance: memory4c:u_widths|deMux8:gen_blockRoute[0].blockRoute|deMux4:l1|deMux:l2
265. Parameter Settings for User Entity Instance: memory4c:u_widths|deMux8:gen_blockRoute[0].blockRoute|deMux4:l2
266. Parameter Settings for User Entity Instance: memory4c:u_widths|deMux8:gen_blockRoute[0].blockRoute|deMux4:l2|deMux:first
267. Parameter Settings for User Entity Instance: memory4c:u_widths|deMux8:gen_blockRoute[0].blockRoute|deMux4:l2|deMux:l1
268. Parameter Settings for User Entity Instance: memory4c:u_widths|deMux8:gen_blockRoute[0].blockRoute|deMux4:l2|deMux:l2
269. Parameter Settings for User Entity Instance: memory4c:u_widths|deMux8:gen_blockRoute[1].blockRoute
270. Parameter Settings for User Entity Instance: memory4c:u_widths|deMux8:gen_blockRoute[1].blockRoute|deMux:first
271. Parameter Settings for User Entity Instance: memory4c:u_widths|deMux8:gen_blockRoute[1].blockRoute|deMux4:l1
272. Parameter Settings for User Entity Instance: memory4c:u_widths|deMux8:gen_blockRoute[1].blockRoute|deMux4:l1|deMux:first
273. Parameter Settings for User Entity Instance: memory4c:u_widths|deMux8:gen_blockRoute[1].blockRoute|deMux4:l1|deMux:l1
274. Parameter Settings for User Entity Instance: memory4c:u_widths|deMux8:gen_blockRoute[1].blockRoute|deMux4:l1|deMux:l2
275. Parameter Settings for User Entity Instance: memory4c:u_widths|deMux8:gen_blockRoute[1].blockRoute|deMux4:l2
276. Parameter Settings for User Entity Instance: memory4c:u_widths|deMux8:gen_blockRoute[1].blockRoute|deMux4:l2|deMux:first
277. Parameter Settings for User Entity Instance: memory4c:u_widths|deMux8:gen_blockRoute[1].blockRoute|deMux4:l2|deMux:l1
278. Parameter Settings for User Entity Instance: memory4c:u_widths|deMux8:gen_blockRoute[1].blockRoute|deMux4:l2|deMux:l2
279. Parameter Settings for User Entity Instance: memory4c:u_widths|deMux8:gen_blockRoute[2].blockRoute
280. Parameter Settings for User Entity Instance: memory4c:u_widths|deMux8:gen_blockRoute[2].blockRoute|deMux:first
281. Parameter Settings for User Entity Instance: memory4c:u_widths|deMux8:gen_blockRoute[2].blockRoute|deMux4:l1
282. Parameter Settings for User Entity Instance: memory4c:u_widths|deMux8:gen_blockRoute[2].blockRoute|deMux4:l1|deMux:first
283. Parameter Settings for User Entity Instance: memory4c:u_widths|deMux8:gen_blockRoute[2].blockRoute|deMux4:l1|deMux:l1
284. Parameter Settings for User Entity Instance: memory4c:u_widths|deMux8:gen_blockRoute[2].blockRoute|deMux4:l1|deMux:l2
285. Parameter Settings for User Entity Instance: memory4c:u_widths|deMux8:gen_blockRoute[2].blockRoute|deMux4:l2
286. Parameter Settings for User Entity Instance: memory4c:u_widths|deMux8:gen_blockRoute[2].blockRoute|deMux4:l2|deMux:first
287. Parameter Settings for User Entity Instance: memory4c:u_widths|deMux8:gen_blockRoute[2].blockRoute|deMux4:l2|deMux:l1
288. Parameter Settings for User Entity Instance: memory4c:u_widths|deMux8:gen_blockRoute[2].blockRoute|deMux4:l2|deMux:l2
289. Parameter Settings for User Entity Instance: memory4c:u_widths|deMux8:gen_blockRoute[3].blockRoute
290. Parameter Settings for User Entity Instance: memory4c:u_widths|deMux8:gen_blockRoute[3].blockRoute|deMux:first
291. Parameter Settings for User Entity Instance: memory4c:u_widths|deMux8:gen_blockRoute[3].blockRoute|deMux4:l1
292. Parameter Settings for User Entity Instance: memory4c:u_widths|deMux8:gen_blockRoute[3].blockRoute|deMux4:l1|deMux:first
293. Parameter Settings for User Entity Instance: memory4c:u_widths|deMux8:gen_blockRoute[3].blockRoute|deMux4:l1|deMux:l1
294. Parameter Settings for User Entity Instance: memory4c:u_widths|deMux8:gen_blockRoute[3].blockRoute|deMux4:l1|deMux:l2
295. Parameter Settings for User Entity Instance: memory4c:u_widths|deMux8:gen_blockRoute[3].blockRoute|deMux4:l2
296. Parameter Settings for User Entity Instance: memory4c:u_widths|deMux8:gen_blockRoute[3].blockRoute|deMux4:l2|deMux:first
297. Parameter Settings for User Entity Instance: memory4c:u_widths|deMux8:gen_blockRoute[3].blockRoute|deMux4:l2|deMux:l1
298. Parameter Settings for User Entity Instance: memory4c:u_widths|deMux8:gen_blockRoute[3].blockRoute|deMux4:l2|deMux:l2
299. Parameter Settings for User Entity Instance: memory4c:u_widths|deMux4:channelRoute
300. Parameter Settings for User Entity Instance: memory4c:u_widths|deMux4:channelRoute|deMux:first
301. Parameter Settings for User Entity Instance: memory4c:u_widths|deMux4:channelRoute|deMux:l1
302. Parameter Settings for User Entity Instance: memory4c:u_widths|deMux4:channelRoute|deMux:l2
303. Parameter Settings for User Entity Instance: memory4c:u_widths|mux8:gen_readBlock[0].readBlock
304. Parameter Settings for User Entity Instance: memory4c:u_widths|mux8:gen_readBlock[0].readBlock|mux4:lo
305. Parameter Settings for User Entity Instance: memory4c:u_widths|mux8:gen_readBlock[0].readBlock|mux4:lo|mux:lo
306. Parameter Settings for User Entity Instance: memory4c:u_widths|mux8:gen_readBlock[0].readBlock|mux4:lo|mux:hi
307. Parameter Settings for User Entity Instance: memory4c:u_widths|mux8:gen_readBlock[0].readBlock|mux4:lo|mux:final
308. Parameter Settings for User Entity Instance: memory4c:u_widths|mux8:gen_readBlock[0].readBlock|mux4:hi
309. Parameter Settings for User Entity Instance: memory4c:u_widths|mux8:gen_readBlock[0].readBlock|mux4:hi|mux:lo
310. Parameter Settings for User Entity Instance: memory4c:u_widths|mux8:gen_readBlock[0].readBlock|mux4:hi|mux:hi
311. Parameter Settings for User Entity Instance: memory4c:u_widths|mux8:gen_readBlock[0].readBlock|mux4:hi|mux:final
312. Parameter Settings for User Entity Instance: memory4c:u_widths|mux8:gen_readBlock[0].readBlock|mux:final
313. Parameter Settings for User Entity Instance: memory4c:u_widths|mux8:gen_readBlock[1].readBlock
314. Parameter Settings for User Entity Instance: memory4c:u_widths|mux8:gen_readBlock[1].readBlock|mux4:lo
315. Parameter Settings for User Entity Instance: memory4c:u_widths|mux8:gen_readBlock[1].readBlock|mux4:lo|mux:lo
316. Parameter Settings for User Entity Instance: memory4c:u_widths|mux8:gen_readBlock[1].readBlock|mux4:lo|mux:hi
317. Parameter Settings for User Entity Instance: memory4c:u_widths|mux8:gen_readBlock[1].readBlock|mux4:lo|mux:final
318. Parameter Settings for User Entity Instance: memory4c:u_widths|mux8:gen_readBlock[1].readBlock|mux4:hi
319. Parameter Settings for User Entity Instance: memory4c:u_widths|mux8:gen_readBlock[1].readBlock|mux4:hi|mux:lo
320. Parameter Settings for User Entity Instance: memory4c:u_widths|mux8:gen_readBlock[1].readBlock|mux4:hi|mux:hi
321. Parameter Settings for User Entity Instance: memory4c:u_widths|mux8:gen_readBlock[1].readBlock|mux4:hi|mux:final
322. Parameter Settings for User Entity Instance: memory4c:u_widths|mux8:gen_readBlock[1].readBlock|mux:final
323. Parameter Settings for User Entity Instance: memory4c:u_widths|mux8:gen_readBlock[2].readBlock
324. Parameter Settings for User Entity Instance: memory4c:u_widths|mux8:gen_readBlock[2].readBlock|mux4:lo
325. Parameter Settings for User Entity Instance: memory4c:u_widths|mux8:gen_readBlock[2].readBlock|mux4:lo|mux:lo
326. Parameter Settings for User Entity Instance: memory4c:u_widths|mux8:gen_readBlock[2].readBlock|mux4:lo|mux:hi
327. Parameter Settings for User Entity Instance: memory4c:u_widths|mux8:gen_readBlock[2].readBlock|mux4:lo|mux:final
328. Parameter Settings for User Entity Instance: memory4c:u_widths|mux8:gen_readBlock[2].readBlock|mux4:hi
329. Parameter Settings for User Entity Instance: memory4c:u_widths|mux8:gen_readBlock[2].readBlock|mux4:hi|mux:lo
330. Parameter Settings for User Entity Instance: memory4c:u_widths|mux8:gen_readBlock[2].readBlock|mux4:hi|mux:hi
331. Parameter Settings for User Entity Instance: memory4c:u_widths|mux8:gen_readBlock[2].readBlock|mux4:hi|mux:final
332. Parameter Settings for User Entity Instance: memory4c:u_widths|mux8:gen_readBlock[2].readBlock|mux:final
333. Parameter Settings for User Entity Instance: memory4c:u_widths|mux8:gen_readBlock[3].readBlock
334. Parameter Settings for User Entity Instance: memory4c:u_widths|mux8:gen_readBlock[3].readBlock|mux4:lo
335. Parameter Settings for User Entity Instance: memory4c:u_widths|mux8:gen_readBlock[3].readBlock|mux4:lo|mux:lo
336. Parameter Settings for User Entity Instance: memory4c:u_widths|mux8:gen_readBlock[3].readBlock|mux4:lo|mux:hi
337. Parameter Settings for User Entity Instance: memory4c:u_widths|mux8:gen_readBlock[3].readBlock|mux4:lo|mux:final
338. Parameter Settings for User Entity Instance: memory4c:u_widths|mux8:gen_readBlock[3].readBlock|mux4:hi
339. Parameter Settings for User Entity Instance: memory4c:u_widths|mux8:gen_readBlock[3].readBlock|mux4:hi|mux:lo
340. Parameter Settings for User Entity Instance: memory4c:u_widths|mux8:gen_readBlock[3].readBlock|mux4:hi|mux:hi
341. Parameter Settings for User Entity Instance: memory4c:u_widths|mux8:gen_readBlock[3].readBlock|mux4:hi|mux:final
342. Parameter Settings for User Entity Instance: memory4c:u_widths|mux8:gen_readBlock[3].readBlock|mux:final
343. Parameter Settings for User Entity Instance: memory4c:u_widths|mux4:memChannelOutput
344. Parameter Settings for User Entity Instance: memory4c:u_widths|mux4:memChannelOutput|mux:lo
345. Parameter Settings for User Entity Instance: memory4c:u_widths|mux4:memChannelOutput|mux:hi
346. Parameter Settings for User Entity Instance: memory4c:u_widths|mux4:memChannelOutput|mux:final
347. Parameter Settings for User Entity Instance: pulseHandler:u_pc
348. altpll Parameter Settings by Entity Instance
349. Port Connectivity Checks: "pulseHandler:u_pc"
350. Port Connectivity Checks: "memory4c:u_widths"
351. Port Connectivity Checks: "memory4c:u_delays"
352. Port Connectivity Checks: "instructionHandler:u_ins"
353. Port Connectivity Checks: "usb_cmd_gateway:u_cmd"
354. Port Connectivity Checks: "uart:u_uart"
355. Port Connectivity Checks: "clk_pll_50_to_200:wiz_2"
356. Port Connectivity Checks: "clk_pll_10_to_50:wiz_1"
357. Post-Synthesis Netlist Statistics for Top Partition
358. Elapsed Time Per Partition
359. Analysis & Synthesis Messages



----------------
; Legal Notice ;
----------------
Copyright (C) 2022  Intel Corporation. All rights reserved.
Your use of Intel Corporation's design tools, logic functions 
and other software and tools, and any partner logic 
functions, and any output files from any of the foregoing 
(including device programming or simulation files), and any 
associated documentation or information are expressly subject 
to the terms and conditions of the Intel Program License 
Subscription Agreement, the Intel Quartus Prime License Agreement,
the Intel FPGA IP License Agreement, or other applicable license
agreement, including, without limitation, that your use is for
the sole purpose of programming logic devices manufactured by
Intel and sold by Intel or its authorized distributors.  Please
refer to the applicable agreement for further details, at
https://fpgasoftware.intel.com/eula.



+-------------------------------------------------------------------------------------+
; Analysis & Synthesis Summary                                                        ;
+------------------------------------+------------------------------------------------+
; Analysis & Synthesis Status        ; Successful - Wed Mar 18 19:01:05 2026          ;
; Quartus Prime Version              ; 22.1std.0 Build 915 10/25/2022 SC Lite Edition ;
; Revision Name                      ; PulseController                                ;
; Top-level Entity Name              ; pulseController                                ;
; Family                             ; MAX 10                                         ;
; Total logic elements               ; 3,411                                          ;
;     Total combinational functions  ; 2,476                                          ;
;     Dedicated logic registers      ; 2,196                                          ;
; Total registers                    ; 2196                                           ;
; Total pins                         ; 21                                             ;
; Total virtual pins                 ; 0                                              ;
; Total memory bits                  ; 0                                              ;
; Embedded Multiplier 9-bit elements ; 0                                              ;
; Total PLLs                         ; 1                                              ;
; UFM blocks                         ; 0                                              ;
; ADC blocks                         ; 0                                              ;
+------------------------------------+------------------------------------------------+


+------------------------------------------------------------------------------------------------------------+
; Analysis & Synthesis Settings                                                                              ;
+------------------------------------------------------------------+--------------------+--------------------+
; Option                                                           ; Setting            ; Default Value      ;
+------------------------------------------------------------------+--------------------+--------------------+
; Device                                                           ; 10M50DAF484C6GES   ;                    ;
; Top-level entity name                                            ; pulseController    ; PulseController    ;
; Family name                                                      ; MAX 10             ; Cyclone V          ;
; Use smart compilation                                            ; Off                ; Off                ;
; Enable parallel Assembler and Timing Analyzer during compilation ; On                 ; On                 ;
; Enable compact report table                                      ; Off                ; Off                ;
; Restructure Multiplexers                                         ; Auto               ; Auto               ;
; Create Debugging Nodes for IP Cores                              ; Off                ; Off                ;
; Preserve fewer node names                                        ; On                 ; On                 ;
; Intel FPGA IP Evaluation Mode                                    ; Enable             ; Enable             ;
; Verilog Version                                                  ; Verilog_2001       ; Verilog_2001       ;
; VHDL Version                                                     ; VHDL_1993          ; VHDL_1993          ;
; State Machine Processing                                         ; Auto               ; Auto               ;
; Safe State Machine                                               ; Off                ; Off                ;
; Extract Verilog State Machines                                   ; On                 ; On                 ;
; Extract VHDL State Machines                                      ; On                 ; On                 ;
; Ignore Verilog initial constructs                                ; Off                ; Off                ;
; Iteration limit for constant Verilog loops                       ; 5000               ; 5000               ;
; Iteration limit for non-constant Verilog loops                   ; 250                ; 250                ;
; Add Pass-Through Logic to Inferred RAMs                          ; On                 ; On                 ;
; Infer RAMs from Raw Logic                                        ; On                 ; On                 ;
; Parallel Synthesis                                               ; On                 ; On                 ;
; DSP Block Balancing                                              ; Auto               ; Auto               ;
; NOT Gate Push-Back                                               ; On                 ; On                 ;
; Power-Up Don't Care                                              ; On                 ; On                 ;
; Remove Redundant Logic Cells                                     ; Off                ; Off                ;
; Remove Duplicate Registers                                       ; On                 ; On                 ;
; Ignore CARRY Buffers                                             ; Off                ; Off                ;
; Ignore CASCADE Buffers                                           ; Off                ; Off                ;
; Ignore GLOBAL Buffers                                            ; Off                ; Off                ;
; Ignore ROW GLOBAL Buffers                                        ; Off                ; Off                ;
; Ignore LCELL Buffers                                             ; Off                ; Off                ;
; Ignore SOFT Buffers                                              ; On                 ; On                 ;
; Limit AHDL Integers to 32 Bits                                   ; Off                ; Off                ;
; Optimization Technique                                           ; Balanced           ; Balanced           ;
; Carry Chain Length                                               ; 70                 ; 70                 ;
; Auto Carry Chains                                                ; On                 ; On                 ;
; Auto Open-Drain Pins                                             ; On                 ; On                 ;
; Perform WYSIWYG Primitive Resynthesis                            ; Off                ; Off                ;
; Auto ROM Replacement                                             ; On                 ; On                 ;
; Auto RAM Replacement                                             ; On                 ; On                 ;
; Auto DSP Block Replacement                                       ; On                 ; On                 ;
; Auto Shift Register Replacement                                  ; Auto               ; Auto               ;
; Allow Shift Register Merging across Hierarchies                  ; Auto               ; Auto               ;
; Auto Clock Enable Replacement                                    ; On                 ; On                 ;
; Strict RAM Replacement                                           ; Off                ; Off                ;
; Allow Synchronous Control Signals                                ; On                 ; On                 ;
; Force Use of Synchronous Clear Signals                           ; Off                ; Off                ;
; Auto RAM Block Balancing                                         ; On                 ; On                 ;
; Auto RAM to Logic Cell Conversion                                ; Off                ; Off                ;
; Auto Resource Sharing                                            ; Off                ; Off                ;
; Allow Any RAM Size For Recognition                               ; Off                ; Off                ;
; Allow Any ROM Size For Recognition                               ; Off                ; Off                ;
; Allow Any Shift Register Size For Recognition                    ; Off                ; Off                ;
; Use LogicLock Constraints during Resource Balancing              ; On                 ; On                 ;
; Ignore translate_off and synthesis_off directives                ; Off                ; Off                ;
; Timing-Driven Synthesis                                          ; On                 ; On                 ;
; Report Parameter Settings                                        ; On                 ; On                 ;
; Report Source Assignments                                        ; On                 ; On                 ;
; Report Connectivity Checks                                       ; On                 ; On                 ;
; Ignore Maximum Fan-Out Assignments                               ; Off                ; Off                ;
; Synchronization Register Chain Length                            ; 2                  ; 2                  ;
; Power Optimization During Synthesis                              ; Normal compilation ; Normal compilation ;
; HDL message level                                                ; Level2             ; Level2             ;
; Suppress Register Optimization Related Messages                  ; Off                ; Off                ;
; Number of Removed Registers Reported in Synthesis Report         ; 5000               ; 5000               ;
; Number of Swept Nodes Reported in Synthesis Report               ; 5000               ; 5000               ;
; Number of Inverted Registers Reported in Synthesis Report        ; 100                ; 100                ;
; Clock MUX Protection                                             ; On                 ; On                 ;
; Auto Gated Clock Conversion                                      ; Off                ; Off                ;
; Block Design Naming                                              ; Auto               ; Auto               ;
; SDC constraint protection                                        ; Off                ; Off                ;
; Synthesis Effort                                                 ; Auto               ; Auto               ;
; Shift Register Replacement - Allow Asynchronous Clear Signal     ; On                 ; On                 ;
; Pre-Mapping Resynthesis Optimization                             ; Off                ; Off                ;
; Analysis & Synthesis Message Level                               ; Medium             ; Medium             ;
; Disable Register Merging Across Hierarchies                      ; Auto               ; Auto               ;
; Resource Aware Inference For Block RAM                           ; On                 ; On                 ;
+------------------------------------------------------------------+--------------------+--------------------+


+------------------------------------------+
; Parallel Compilation                     ;
+----------------------------+-------------+
; Processors                 ; Number      ;
+----------------------------+-------------+
; Number detected on machine ; 16          ;
; Maximum allowed            ; 10          ;
;                            ;             ;
; Average used               ; 1.01        ;
; Maximum used               ; 10          ;
;                            ;             ;
; Usage by Processor         ; % Time Used ;
;     Processor 1            ; 100.0%      ;
;     Processor 2            ;   0.2%      ;
;     Processor 3            ;   0.1%      ;
;     Processor 4            ;   0.1%      ;
;     Processor 5            ;   0.1%      ;
;     Processor 6            ;   0.1%      ;
;     Processor 7            ;   0.1%      ;
;     Processors 8-10        ;   0.1%      ;
+----------------------------+-------------+


+------------------------------------------------------------------------------------------------------------------------------------------------------------------------------------------------------------------+
; Analysis & Synthesis Source Files Read                                                                                                                                                                           ;
+----------------------------------+-----------------+------------------------------+--------------------------------------------------------------------------------------------------------------------+---------+
; File Name with User-Entered Path ; Used in Netlist ; File Type                    ; File Name with Absolute Path                                                                                       ; Library ;
+----------------------------------+-----------------+------------------------------+--------------------------------------------------------------------------------------------------------------------+---------+
; deMux.v                          ; yes             ; User Verilog HDL File        ; C:/Users/sebas/Downloads/PulseGenerator-main/PulseGenerator-main/QuartusPrimeProject/deMux.v                       ;         ;
; instructionHandler.v             ; yes             ; User Verilog HDL File        ; C:/Users/sebas/Downloads/PulseGenerator-main/PulseGenerator-main/QuartusPrimeProject/instructionHandler.v          ;         ;
; memory.v                         ; yes             ; User Verilog HDL File        ; C:/Users/sebas/Downloads/PulseGenerator-main/PulseGenerator-main/QuartusPrimeProject/memory.v                      ;         ;
; mux.v                            ; yes             ; User Verilog HDL File        ; C:/Users/sebas/Downloads/PulseGenerator-main/PulseGenerator-main/QuartusPrimeProject/mux.v                         ;         ;
; pulseController.v                ; yes             ; User Verilog HDL File        ; C:/Users/sebas/Downloads/PulseGenerator-main/PulseGenerator-main/QuartusPrimeProject/pulseController.v             ;         ;
; pulseHandler.v                   ; yes             ; User Verilog HDL File        ; C:/Users/sebas/Downloads/PulseGenerator-main/PulseGenerator-main/QuartusPrimeProject/pulseHandler.v                ;         ;
; storage.v                        ; yes             ; User Verilog HDL File        ; C:/Users/sebas/Downloads/PulseGenerator-main/PulseGenerator-main/QuartusPrimeProject/storage.v                     ;         ;
; uart.v                           ; yes             ; User Verilog HDL File        ; C:/Users/sebas/Downloads/PulseGenerator-main/PulseGenerator-main/QuartusPrimeProject/uart.v                        ;         ;
; usb_cmd_gateway.v                ; yes             ; User Verilog HDL File        ; C:/Users/sebas/Downloads/PulseGenerator-main/PulseGenerator-main/QuartusPrimeProject/usb_cmd_gateway.v             ;         ;
; clk_pll_10_to_50.v               ; yes             ; User Wizard-Generated File   ; C:/Users/sebas/Downloads/PulseGenerator-main/PulseGenerator-main/QuartusPrimeProject/clk_pll_10_to_50.v            ;         ;
; clk_pll_50_to_200.v              ; yes             ; User Wizard-Generated File   ; C:/Users/sebas/Downloads/PulseGenerator-main/PulseGenerator-main/QuartusPrimeProject/clk_pll_50_to_200.v           ;         ;
; altpll.tdf                       ; yes             ; Megafunction                 ; c:/intelfpga_lite/22.1std/quartus/libraries/megafunctions/altpll.tdf                                               ;         ;
; aglobal221.inc                   ; yes             ; Megafunction                 ; c:/intelfpga_lite/22.1std/quartus/libraries/megafunctions/aglobal221.inc                                           ;         ;
; stratix_pll.inc                  ; yes             ; Megafunction                 ; c:/intelfpga_lite/22.1std/quartus/libraries/megafunctions/stratix_pll.inc                                          ;         ;
; stratixii_pll.inc                ; yes             ; Megafunction                 ; c:/intelfpga_lite/22.1std/quartus/libraries/megafunctions/stratixii_pll.inc                                        ;         ;
; cycloneii_pll.inc                ; yes             ; Megafunction                 ; c:/intelfpga_lite/22.1std/quartus/libraries/megafunctions/cycloneii_pll.inc                                        ;         ;
; db/clk_pll_10_to_50_altpll.v     ; yes             ; Auto-Generated Megafunction  ; C:/Users/sebas/Downloads/PulseGenerator-main/PulseGenerator-main/QuartusPrimeProject/db/clk_pll_10_to_50_altpll.v  ;         ;
; db/clk_pll_50_to_200_altpll.v    ; yes             ; Auto-Generated Megafunction  ; C:/Users/sebas/Downloads/PulseGenerator-main/PulseGenerator-main/QuartusPrimeProject/db/clk_pll_50_to_200_altpll.v ;         ;
+----------------------------------+-----------------+------------------------------+--------------------------------------------------------------------------------------------------------------------+---------+


+--------------------------------------------------------------------------------------------------------------------------------------------------------+
; Analysis & Synthesis Resource Usage Summary                                                                                                            ;
+---------------------------------------------+----------------------------------------------------------------------------------------------------------+
; Resource                                    ; Usage                                                                                                    ;
+---------------------------------------------+----------------------------------------------------------------------------------------------------------+
; Estimated Total logic elements              ; 3,411                                                                                                    ;
;                                             ;                                                                                                          ;
; Total combinational functions               ; 2476                                                                                                     ;
; Logic element usage by number of LUT inputs ;                                                                                                          ;
;     -- 4 input functions                    ; 1632                                                                                                     ;
;     -- 3 input functions                    ; 119                                                                                                      ;
;     -- <=2 input functions                  ; 725                                                                                                      ;
;                                             ;                                                                                                          ;
; Logic elements by mode                      ;                                                                                                          ;
;     -- normal mode                          ; 1892                                                                                                     ;
;     -- arithmetic mode                      ; 584                                                                                                      ;
;                                             ;                                                                                                          ;
; Total registers                             ; 2196                                                                                                     ;
;     -- Dedicated logic registers            ; 2196                                                                                                     ;
;     -- I/O registers                        ; 0                                                                                                        ;
;                                             ;                                                                                                          ;
; I/O pins                                    ; 21                                                                                                       ;
;                                             ;                                                                                                          ;
; Embedded Multiplier 9-bit elements          ; 0                                                                                                        ;
;                                             ;                                                                                                          ;
; Total PLLs                                  ; 1                                                                                                        ;
;     -- PLLs                                 ; 1                                                                                                        ;
;                                             ;                                                                                                          ;
; Maximum fan-out node                        ; clk_pll_50_to_200:wiz_2|altpll:altpll_component|clk_pll_50_to_200_altpll:auto_generated|wire_pll1_clk[0] ;
; Maximum fan-out                             ; 2179                                                                                                     ;
; Total fan-out                               ; 17152                                                                                                    ;
; Average fan-out                             ; 3.64                                                                                                     ;
+---------------------------------------------+----------------------------------------------------------------------------------------------------------+


+-----------------------------------------------------------------------------------------------------------------------------------------------------------------------------------------------------------------------------------------------------------------------------------------------------------------------------------------------------------------+
; Analysis & Synthesis Resource Utilization by Entity                                                                                                                                                                                                                                                                                                             ;
+----------------------------------------------------+---------------------+---------------------------+-------------+------------+--------------+---------+-----------+------+--------------+------------+-------------------------------------------------------------------------------------------------------------+--------------------------+--------------+
; Compilation Hierarchy Node                         ; Combinational ALUTs ; Dedicated Logic Registers ; Memory Bits ; UFM Blocks ; DSP Elements ; DSP 9x9 ; DSP 18x18 ; Pins ; Virtual Pins ; ADC blocks ; Full Hierarchy Name                                                                                         ; Entity Name              ; Library Name ;
+----------------------------------------------------+---------------------+---------------------------+-------------+------------+--------------+---------+-----------+------+--------------+------------+-------------------------------------------------------------------------------------------------------------+--------------------------+--------------+
; |pulseController                                   ; 2476 (639)          ; 2196 (442)                ; 0           ; 0          ; 0            ; 0       ; 0         ; 21   ; 0            ; 0          ; |pulseController                                                                                            ; pulseController          ; work         ;
;    |clk_pll_50_to_200:wiz_2|                       ; 0 (0)               ; 0 (0)                     ; 0           ; 0          ; 0            ; 0       ; 0         ; 0    ; 0            ; 0          ; |pulseController|clk_pll_50_to_200:wiz_2                                                                    ; clk_pll_50_to_200        ; work         ;
;       |altpll:altpll_component|                    ; 0 (0)               ; 0 (0)                     ; 0           ; 0          ; 0            ; 0       ; 0         ; 0    ; 0            ; 0          ; |pulseController|clk_pll_50_to_200:wiz_2|altpll:altpll_component                                            ; altpll                   ; work         ;
;          |clk_pll_50_to_200_altpll:auto_generated| ; 0 (0)               ; 0 (0)                     ; 0           ; 0          ; 0            ; 0       ; 0         ; 0    ; 0            ; 0          ; |pulseController|clk_pll_50_to_200:wiz_2|altpll:altpll_component|clk_pll_50_to_200_altpll:auto_generated    ; clk_pll_50_to_200_altpll ; work         ;
;    |instructionHandler:u_ins|                      ; 4 (4)               ; 0 (0)                     ; 0           ; 0          ; 0            ; 0       ; 0         ; 0    ; 0            ; 0          ; |pulseController|instructionHandler:u_ins                                                                   ; instructionHandler       ; work         ;
;    |memory4c:u_delays|                             ; 344 (10)            ; 256 (0)                   ; 0           ; 0          ; 0            ; 0       ; 0         ; 0    ; 0            ; 0          ; |pulseController|memory4c:u_delays                                                                          ; memory4c                 ; work         ;
;       |deMux8:gen_blockMux[0].blockMux|            ; 35 (0)              ; 0 (0)                     ; 0           ; 0          ; 0            ; 0       ; 0         ; 0    ; 0            ; 0          ; |pulseController|memory4c:u_delays|deMux8:gen_blockMux[0].blockMux                                          ; deMux8                   ; work         ;
;          |deMux4:l1|                               ; 18 (0)              ; 0 (0)                     ; 0           ; 0          ; 0            ; 0       ; 0         ; 0    ; 0            ; 0          ; |pulseController|memory4c:u_delays|deMux8:gen_blockMux[0].blockMux|deMux4:l1                                ; deMux4                   ; work         ;
;             |deMux:first|                          ; 18 (0)              ; 0 (0)                     ; 0           ; 0          ; 0            ; 0       ; 0         ; 0    ; 0            ; 0          ; |pulseController|memory4c:u_delays|deMux8:gen_blockMux[0].blockMux|deMux4:l1|deMux:first                    ; deMux                    ; work         ;
;                |deMuxBase:u[0]|                    ; 2 (2)               ; 0 (0)                     ; 0           ; 0          ; 0            ; 0       ; 0         ; 0    ; 0            ; 0          ; |pulseController|memory4c:u_delays|deMux8:gen_blockMux[0].blockMux|deMux4:l1|deMux:first|deMuxBase:u[0]     ; deMuxBase                ; work         ;
;                |deMuxBase:u[1]|                    ; 2 (2)               ; 0 (0)                     ; 0           ; 0          ; 0            ; 0       ; 0         ; 0    ; 0            ; 0          ; |pulseController|memory4c:u_delays|deMux8:gen_blockMux[0].blockMux|deMux4:l1|deMux:first|deMuxBase:u[1]     ; deMuxBase                ; work         ;
;                |deMuxBase:u[2]|                    ; 2 (2)               ; 0 (0)                     ; 0           ; 0          ; 0            ; 0       ; 0         ; 0    ; 0            ; 0          ; |pulseController|memory4c:u_delays|deMux8:gen_blockMux[0].blockMux|deMux4:l1|deMux:first|deMuxBase:u[2]     ; deMuxBase                ; work         ;
;                |deMuxBase:u[3]|                    ; 2 (2)               ; 0 (0)                     ; 0           ; 0          ; 0            ; 0       ; 0         ; 0    ; 0            ; 0          ; |pulseController|memory4c:u_delays|deMux8:gen_blockMux[0].blockMux|deMux4:l1|deMux:first|deMuxBase:u[3]     ; deMuxBase                ; work         ;
;                |deMuxBase:u[4]|                    ; 2 (2)               ; 0 (0)                     ; 0           ; 0          ; 0            ; 0       ; 0         ; 0    ; 0            ; 0          ; |pulseController|memory4c:u_delays|deMux8:gen_blockMux[0].blockMux|deMux4:l1|deMux:first|deMuxBase:u[4]     ; deMuxBase                ; work         ;
;                |deMuxBase:u[5]|                    ; 2 (2)               ; 0 (0)                     ; 0           ; 0          ; 0            ; 0       ; 0         ; 0    ; 0            ; 0          ; |pulseController|memory4c:u_delays|deMux8:gen_blockMux[0].blockMux|deMux4:l1|deMux:first|deMuxBase:u[5]     ; deMuxBase                ; work         ;
;                |deMuxBase:u[6]|                    ; 2 (2)               ; 0 (0)                     ; 0           ; 0          ; 0            ; 0       ; 0         ; 0    ; 0            ; 0          ; |pulseController|memory4c:u_delays|deMux8:gen_blockMux[0].blockMux|deMux4:l1|deMux:first|deMuxBase:u[6]     ; deMuxBase                ; work         ;
;                |deMuxBase:u[7]|                    ; 4 (4)               ; 0 (0)                     ; 0           ; 0          ; 0            ; 0       ; 0         ; 0    ; 0            ; 0          ; |pulseController|memory4c:u_delays|deMux8:gen_blockMux[0].blockMux|deMux4:l1|deMux:first|deMuxBase:u[7]     ; deMuxBase                ; work         ;
;          |deMux4:l2|                               ; 17 (0)              ; 0 (0)                     ; 0           ; 0          ; 0            ; 0       ; 0         ; 0    ; 0            ; 0          ; |pulseController|memory4c:u_delays|deMux8:gen_blockMux[0].blockMux|deMux4:l2                                ; deMux4                   ; work         ;
;             |deMux:first|                          ; 17 (0)              ; 0 (0)                     ; 0           ; 0          ; 0            ; 0       ; 0         ; 0    ; 0            ; 0          ; |pulseController|memory4c:u_delays|deMux8:gen_blockMux[0].blockMux|deMux4:l2|deMux:first                    ; deMux                    ; work         ;
;                |deMuxBase:u[0]|                    ; 2 (2)               ; 0 (0)                     ; 0           ; 0          ; 0            ; 0       ; 0         ; 0    ; 0            ; 0          ; |pulseController|memory4c:u_delays|deMux8:gen_blockMux[0].blockMux|deMux4:l2|deMux:first|deMuxBase:u[0]     ; deMuxBase                ; work         ;
;                |deMuxBase:u[1]|                    ; 2 (2)               ; 0 (0)                     ; 0           ; 0          ; 0            ; 0       ; 0         ; 0    ; 0            ; 0          ; |pulseController|memory4c:u_delays|deMux8:gen_blockMux[0].blockMux|deMux4:l2|deMux:first|deMuxBase:u[1]     ; deMuxBase                ; work         ;
;                |deMuxBase:u[2]|                    ; 2 (2)               ; 0 (0)                     ; 0           ; 0          ; 0            ; 0       ; 0         ; 0    ; 0            ; 0          ; |pulseController|memory4c:u_delays|deMux8:gen_blockMux[0].blockMux|deMux4:l2|deMux:first|deMuxBase:u[2]     ; deMuxBase                ; work         ;
;                |deMuxBase:u[3]|                    ; 2 (2)               ; 0 (0)                     ; 0           ; 0          ; 0            ; 0       ; 0         ; 0    ; 0            ; 0          ; |pulseController|memory4c:u_delays|deMux8:gen_blockMux[0].blockMux|deMux4:l2|deMux:first|deMuxBase:u[3]     ; deMuxBase                ; work         ;
;                |deMuxBase:u[4]|                    ; 2 (2)               ; 0 (0)                     ; 0           ; 0          ; 0            ; 0       ; 0         ; 0    ; 0            ; 0          ; |pulseController|memory4c:u_delays|deMux8:gen_blockMux[0].blockMux|deMux4:l2|deMux:first|deMuxBase:u[4]     ; deMuxBase                ; work         ;
;                |deMuxBase:u[5]|                    ; 2 (2)               ; 0 (0)                     ; 0           ; 0          ; 0            ; 0       ; 0         ; 0    ; 0            ; 0          ; |pulseController|memory4c:u_delays|deMux8:gen_blockMux[0].blockMux|deMux4:l2|deMux:first|deMuxBase:u[5]     ; deMuxBase                ; work         ;
;                |deMuxBase:u[6]|                    ; 2 (2)               ; 0 (0)                     ; 0           ; 0          ; 0            ; 0       ; 0         ; 0    ; 0            ; 0          ; |pulseController|memory4c:u_delays|deMux8:gen_blockMux[0].blockMux|deMux4:l2|deMux:first|deMuxBase:u[6]     ; deMuxBase                ; work         ;
;                |deMuxBase:u[7]|                    ; 3 (3)               ; 0 (0)                     ; 0           ; 0          ; 0            ; 0       ; 0         ; 0    ; 0            ; 0          ; |pulseController|memory4c:u_delays|deMux8:gen_blockMux[0].blockMux|deMux4:l2|deMux:first|deMuxBase:u[7]     ; deMuxBase                ; work         ;
;       |deMux8:gen_blockMux[1].blockMux|            ; 35 (0)              ; 0 (0)                     ; 0           ; 0          ; 0            ; 0       ; 0         ; 0    ; 0            ; 0          ; |pulseController|memory4c:u_delays|deMux8:gen_blockMux[1].blockMux                                          ; deMux8                   ; work         ;
;          |deMux4:l1|                               ; 16 (0)              ; 0 (0)                     ; 0           ; 0          ; 0            ; 0       ; 0         ; 0    ; 0            ; 0          ; |pulseController|memory4c:u_delays|deMux8:gen_blockMux[1].blockMux|deMux4:l1                                ; deMux4                   ; work         ;
;             |deMux:first|                          ; 16 (0)              ; 0 (0)                     ; 0           ; 0          ; 0            ; 0       ; 0         ; 0    ; 0            ; 0          ; |pulseController|memory4c:u_delays|deMux8:gen_blockMux[1].blockMux|deMux4:l1|deMux:first                    ; deMux                    ; work         ;
;                |deMuxBase:u[0]|                    ; 2 (2)               ; 0 (0)                     ; 0           ; 0          ; 0            ; 0       ; 0         ; 0    ; 0            ; 0          ; |pulseController|memory4c:u_delays|deMux8:gen_blockMux[1].blockMux|deMux4:l1|deMux:first|deMuxBase:u[0]     ; deMuxBase                ; work         ;
;                |deMuxBase:u[1]|                    ; 2 (2)               ; 0 (0)                     ; 0           ; 0          ; 0            ; 0       ; 0         ; 0    ; 0            ; 0          ; |pulseController|memory4c:u_delays|deMux8:gen_blockMux[1].blockMux|deMux4:l1|deMux:first|deMuxBase:u[1]     ; deMuxBase                ; work         ;
;                |deMuxBase:u[2]|                    ; 2 (2)               ; 0 (0)                     ; 0           ; 0          ; 0            ; 0       ; 0         ; 0    ; 0            ; 0          ; |pulseController|memory4c:u_delays|deMux8:gen_blockMux[1].blockMux|deMux4:l1|deMux:first|deMuxBase:u[2]     ; deMuxBase                ; work         ;
;                |deMuxBase:u[3]|                    ; 2 (2)               ; 0 (0)                     ; 0           ; 0          ; 0            ; 0       ; 0         ; 0    ; 0            ; 0          ; |pulseController|memory4c:u_delays|deMux8:gen_blockMux[1].blockMux|deMux4:l1|deMux:first|deMuxBase:u[3]     ; deMuxBase                ; work         ;
;                |deMuxBase:u[4]|                    ; 2 (2)               ; 0 (0)                     ; 0           ; 0          ; 0            ; 0       ; 0         ; 0    ; 0            ; 0          ; |pulseController|memory4c:u_delays|deMux8:gen_blockMux[1].blockMux|deMux4:l1|deMux:first|deMuxBase:u[4]     ; deMuxBase                ; work         ;
;                |deMuxBase:u[5]|                    ; 2 (2)               ; 0 (0)                     ; 0           ; 0          ; 0            ; 0       ; 0         ; 0    ; 0            ; 0          ; |pulseController|memory4c:u_delays|deMux8:gen_blockMux[1].blockMux|deMux4:l1|deMux:first|deMuxBase:u[5]     ; deMuxBase                ; work         ;
;                |deMuxBase:u[6]|                    ; 2 (2)               ; 0 (0)                     ; 0           ; 0          ; 0            ; 0       ; 0         ; 0    ; 0            ; 0          ; |pulseController|memory4c:u_delays|deMux8:gen_blockMux[1].blockMux|deMux4:l1|deMux:first|deMuxBase:u[6]     ; deMuxBase                ; work         ;
;                |deMuxBase:u[7]|                    ; 2 (2)               ; 0 (0)                     ; 0           ; 0          ; 0            ; 0       ; 0         ; 0    ; 0            ; 0          ; |pulseController|memory4c:u_delays|deMux8:gen_blockMux[1].blockMux|deMux4:l1|deMux:first|deMuxBase:u[7]     ; deMuxBase                ; work         ;
;          |deMux4:l2|                               ; 19 (0)              ; 0 (0)                     ; 0           ; 0          ; 0            ; 0       ; 0         ; 0    ; 0            ; 0          ; |pulseController|memory4c:u_delays|deMux8:gen_blockMux[1].blockMux|deMux4:l2                                ; deMux4                   ; work         ;
;             |deMux:first|                          ; 19 (0)              ; 0 (0)                     ; 0           ; 0          ; 0            ; 0       ; 0         ; 0    ; 0            ; 0          ; |pulseController|memory4c:u_delays|deMux8:gen_blockMux[1].blockMux|deMux4:l2|deMux:first                    ; deMux                    ; work         ;
;                |deMuxBase:u[0]|                    ; 2 (2)               ; 0 (0)                     ; 0           ; 0          ; 0            ; 0       ; 0         ; 0    ; 0            ; 0          ; |pulseController|memory4c:u_delays|deMux8:gen_blockMux[1].blockMux|deMux4:l2|deMux:first|deMuxBase:u[0]     ; deMuxBase                ; work         ;
;                |deMuxBase:u[1]|                    ; 2 (2)               ; 0 (0)                     ; 0           ; 0          ; 0            ; 0       ; 0         ; 0    ; 0            ; 0          ; |pulseController|memory4c:u_delays|deMux8:gen_blockMux[1].blockMux|deMux4:l2|deMux:first|deMuxBase:u[1]     ; deMuxBase                ; work         ;
;                |deMuxBase:u[2]|                    ; 2 (2)               ; 0 (0)                     ; 0           ; 0          ; 0            ; 0       ; 0         ; 0    ; 0            ; 0          ; |pulseController|memory4c:u_delays|deMux8:gen_blockMux[1].blockMux|deMux4:l2|deMux:first|deMuxBase:u[2]     ; deMuxBase                ; work         ;
;                |deMuxBase:u[3]|                    ; 2 (2)               ; 0 (0)                     ; 0           ; 0          ; 0            ; 0       ; 0         ; 0    ; 0            ; 0          ; |pulseController|memory4c:u_delays|deMux8:gen_blockMux[1].blockMux|deMux4:l2|deMux:first|deMuxBase:u[3]     ; deMuxBase                ; work         ;
;                |deMuxBase:u[4]|                    ; 2 (2)               ; 0 (0)                     ; 0           ; 0          ; 0            ; 0       ; 0         ; 0    ; 0            ; 0          ; |pulseController|memory4c:u_delays|deMux8:gen_blockMux[1].blockMux|deMux4:l2|deMux:first|deMuxBase:u[4]     ; deMuxBase                ; work         ;
;                |deMuxBase:u[5]|                    ; 2 (2)               ; 0 (0)                     ; 0           ; 0          ; 0            ; 0       ; 0         ; 0    ; 0            ; 0          ; |pulseController|memory4c:u_delays|deMux8:gen_blockMux[1].blockMux|deMux4:l2|deMux:first|deMuxBase:u[5]     ; deMuxBase                ; work         ;
;                |deMuxBase:u[6]|                    ; 2 (2)               ; 0 (0)                     ; 0           ; 0          ; 0            ; 0       ; 0         ; 0    ; 0            ; 0          ; |pulseController|memory4c:u_delays|deMux8:gen_blockMux[1].blockMux|deMux4:l2|deMux:first|deMuxBase:u[6]     ; deMuxBase                ; work         ;
;                |deMuxBase:u[7]|                    ; 5 (5)               ; 0 (0)                     ; 0           ; 0          ; 0            ; 0       ; 0         ; 0    ; 0            ; 0          ; |pulseController|memory4c:u_delays|deMux8:gen_blockMux[1].blockMux|deMux4:l2|deMux:first|deMuxBase:u[7]     ; deMuxBase                ; work         ;
;       |deMux8:gen_blockMux[2].blockMux|            ; 34 (0)              ; 0 (0)                     ; 0           ; 0          ; 0            ; 0       ; 0         ; 0    ; 0            ; 0          ; |pulseController|memory4c:u_delays|deMux8:gen_blockMux[2].blockMux                                          ; deMux8                   ; work         ;
;          |deMux4:l1|                               ; 16 (0)              ; 0 (0)                     ; 0           ; 0          ; 0            ; 0       ; 0         ; 0    ; 0            ; 0          ; |pulseController|memory4c:u_delays|deMux8:gen_blockMux[2].blockMux|deMux4:l1                                ; deMux4                   ; work         ;
;             |deMux:first|                          ; 16 (0)              ; 0 (0)                     ; 0           ; 0          ; 0            ; 0       ; 0         ; 0    ; 0            ; 0          ; |pulseController|memory4c:u_delays|deMux8:gen_blockMux[2].blockMux|deMux4:l1|deMux:first                    ; deMux                    ; work         ;
;                |deMuxBase:u[0]|                    ; 2 (2)               ; 0 (0)                     ; 0           ; 0          ; 0            ; 0       ; 0         ; 0    ; 0            ; 0          ; |pulseController|memory4c:u_delays|deMux8:gen_blockMux[2].blockMux|deMux4:l1|deMux:first|deMuxBase:u[0]     ; deMuxBase                ; work         ;
;                |deMuxBase:u[1]|                    ; 2 (2)               ; 0 (0)                     ; 0           ; 0          ; 0            ; 0       ; 0         ; 0    ; 0            ; 0          ; |pulseController|memory4c:u_delays|deMux8:gen_blockMux[2].blockMux|deMux4:l1|deMux:first|deMuxBase:u[1]     ; deMuxBase                ; work         ;
;                |deMuxBase:u[2]|                    ; 2 (2)               ; 0 (0)                     ; 0           ; 0          ; 0            ; 0       ; 0         ; 0    ; 0            ; 0          ; |pulseController|memory4c:u_delays|deMux8:gen_blockMux[2].blockMux|deMux4:l1|deMux:first|deMuxBase:u[2]     ; deMuxBase                ; work         ;
;                |deMuxBase:u[3]|                    ; 2 (2)               ; 0 (0)                     ; 0           ; 0          ; 0            ; 0       ; 0         ; 0    ; 0            ; 0          ; |pulseController|memory4c:u_delays|deMux8:gen_blockMux[2].blockMux|deMux4:l1|deMux:first|deMuxBase:u[3]     ; deMuxBase                ; work         ;
;                |deMuxBase:u[4]|                    ; 2 (2)               ; 0 (0)                     ; 0           ; 0          ; 0            ; 0       ; 0         ; 0    ; 0            ; 0          ; |pulseController|memory4c:u_delays|deMux8:gen_blockMux[2].blockMux|deMux4:l1|deMux:first|deMuxBase:u[4]     ; deMuxBase                ; work         ;
;                |deMuxBase:u[5]|                    ; 2 (2)               ; 0 (0)                     ; 0           ; 0          ; 0            ; 0       ; 0         ; 0    ; 0            ; 0          ; |pulseController|memory4c:u_delays|deMux8:gen_blockMux[2].blockMux|deMux4:l1|deMux:first|deMuxBase:u[5]     ; deMuxBase                ; work         ;
;                |deMuxBase:u[6]|                    ; 2 (2)               ; 0 (0)                     ; 0           ; 0          ; 0            ; 0       ; 0         ; 0    ; 0            ; 0          ; |pulseController|memory4c:u_delays|deMux8:gen_blockMux[2].blockMux|deMux4:l1|deMux:first|deMuxBase:u[6]     ; deMuxBase                ; work         ;
;                |deMuxBase:u[7]|                    ; 2 (2)               ; 0 (0)                     ; 0           ; 0          ; 0            ; 0       ; 0         ; 0    ; 0            ; 0          ; |pulseController|memory4c:u_delays|deMux8:gen_blockMux[2].blockMux|deMux4:l1|deMux:first|deMuxBase:u[7]     ; deMuxBase                ; work         ;
;          |deMux4:l2|                               ; 18 (0)              ; 0 (0)                     ; 0           ; 0          ; 0            ; 0       ; 0         ; 0    ; 0            ; 0          ; |pulseController|memory4c:u_delays|deMux8:gen_blockMux[2].blockMux|deMux4:l2                                ; deMux4                   ; work         ;
;             |deMux:first|                          ; 18 (0)              ; 0 (0)                     ; 0           ; 0          ; 0            ; 0       ; 0         ; 0    ; 0            ; 0          ; |pulseController|memory4c:u_delays|deMux8:gen_blockMux[2].blockMux|deMux4:l2|deMux:first                    ; deMux                    ; work         ;
;                |deMuxBase:u[0]|                    ; 2 (2)               ; 0 (0)                     ; 0           ; 0          ; 0            ; 0       ; 0         ; 0    ; 0            ; 0          ; |pulseController|memory4c:u_delays|deMux8:gen_blockMux[2].blockMux|deMux4:l2|deMux:first|deMuxBase:u[0]     ; deMuxBase                ; work         ;
;                |deMuxBase:u[1]|                    ; 2 (2)               ; 0 (0)                     ; 0           ; 0          ; 0            ; 0       ; 0         ; 0    ; 0            ; 0          ; |pulseController|memory4c:u_delays|deMux8:gen_blockMux[2].blockMux|deMux4:l2|deMux:first|deMuxBase:u[1]     ; deMuxBase                ; work         ;
;                |deMuxBase:u[2]|                    ; 2 (2)               ; 0 (0)                     ; 0           ; 0          ; 0            ; 0       ; 0         ; 0    ; 0            ; 0          ; |pulseController|memory4c:u_delays|deMux8:gen_blockMux[2].blockMux|deMux4:l2|deMux:first|deMuxBase:u[2]     ; deMuxBase                ; work         ;
;                |deMuxBase:u[3]|                    ; 2 (2)               ; 0 (0)                     ; 0           ; 0          ; 0            ; 0       ; 0         ; 0    ; 0            ; 0          ; |pulseController|memory4c:u_delays|deMux8:gen_blockMux[2].blockMux|deMux4:l2|deMux:first|deMuxBase:u[3]     ; deMuxBase                ; work         ;
;                |deMuxBase:u[4]|                    ; 2 (2)               ; 0 (0)                     ; 0           ; 0          ; 0            ; 0       ; 0         ; 0    ; 0            ; 0          ; |pulseController|memory4c:u_delays|deMux8:gen_blockMux[2].blockMux|deMux4:l2|deMux:first|deMuxBase:u[4]     ; deMuxBase                ; work         ;
;                |deMuxBase:u[5]|                    ; 2 (2)               ; 0 (0)                     ; 0           ; 0          ; 0            ; 0       ; 0         ; 0    ; 0            ; 0          ; |pulseController|memory4c:u_delays|deMux8:gen_blockMux[2].blockMux|deMux4:l2|deMux:first|deMuxBase:u[5]     ; deMuxBase                ; work         ;
;                |deMuxBase:u[6]|                    ; 2 (2)               ; 0 (0)                     ; 0           ; 0          ; 0            ; 0       ; 0         ; 0    ; 0            ; 0          ; |pulseController|memory4c:u_delays|deMux8:gen_blockMux[2].blockMux|deMux4:l2|deMux:first|deMuxBase:u[6]     ; deMuxBase                ; work         ;
;                |deMuxBase:u[7]|                    ; 4 (4)               ; 0 (0)                     ; 0           ; 0          ; 0            ; 0       ; 0         ; 0    ; 0            ; 0          ; |pulseController|memory4c:u_delays|deMux8:gen_blockMux[2].blockMux|deMux4:l2|deMux:first|deMuxBase:u[7]     ; deMuxBase                ; work         ;
;       |deMux8:gen_blockMux[3].blockMux|            ; 33 (0)              ; 0 (0)                     ; 0           ; 0          ; 0            ; 0       ; 0         ; 0    ; 0            ; 0          ; |pulseController|memory4c:u_delays|deMux8:gen_blockMux[3].blockMux                                          ; deMux8                   ; work         ;
;          |deMux4:l1|                               ; 16 (0)              ; 0 (0)                     ; 0           ; 0          ; 0            ; 0       ; 0         ; 0    ; 0            ; 0          ; |pulseController|memory4c:u_delays|deMux8:gen_blockMux[3].blockMux|deMux4:l1                                ; deMux4                   ; work         ;
;             |deMux:first|                          ; 16 (0)              ; 0 (0)                     ; 0           ; 0          ; 0            ; 0       ; 0         ; 0    ; 0            ; 0          ; |pulseController|memory4c:u_delays|deMux8:gen_blockMux[3].blockMux|deMux4:l1|deMux:first                    ; deMux                    ; work         ;
;                |deMuxBase:u[0]|                    ; 2 (2)               ; 0 (0)                     ; 0           ; 0          ; 0            ; 0       ; 0         ; 0    ; 0            ; 0          ; |pulseController|memory4c:u_delays|deMux8:gen_blockMux[3].blockMux|deMux4:l1|deMux:first|deMuxBase:u[0]     ; deMuxBase                ; work         ;
;                |deMuxBase:u[1]|                    ; 2 (2)               ; 0 (0)                     ; 0           ; 0          ; 0            ; 0       ; 0         ; 0    ; 0            ; 0          ; |pulseController|memory4c:u_delays|deMux8:gen_blockMux[3].blockMux|deMux4:l1|deMux:first|deMuxBase:u[1]     ; deMuxBase                ; work         ;
;                |deMuxBase:u[2]|                    ; 2 (2)               ; 0 (0)                     ; 0           ; 0          ; 0            ; 0       ; 0         ; 0    ; 0            ; 0          ; |pulseController|memory4c:u_delays|deMux8:gen_blockMux[3].blockMux|deMux4:l1|deMux:first|deMuxBase:u[2]     ; deMuxBase                ; work         ;
;                |deMuxBase:u[3]|                    ; 2 (2)               ; 0 (0)                     ; 0           ; 0          ; 0            ; 0       ; 0         ; 0    ; 0            ; 0          ; |pulseController|memory4c:u_delays|deMux8:gen_blockMux[3].blockMux|deMux4:l1|deMux:first|deMuxBase:u[3]     ; deMuxBase                ; work         ;
;                |deMuxBase:u[4]|                    ; 2 (2)               ; 0 (0)                     ; 0           ; 0          ; 0            ; 0       ; 0         ; 0    ; 0            ; 0          ; |pulseController|memory4c:u_delays|deMux8:gen_blockMux[3].blockMux|deMux4:l1|deMux:first|deMuxBase:u[4]     ; deMuxBase                ; work         ;
;                |deMuxBase:u[5]|                    ; 2 (2)               ; 0 (0)                     ; 0           ; 0          ; 0            ; 0       ; 0         ; 0    ; 0            ; 0          ; |pulseController|memory4c:u_delays|deMux8:gen_blockMux[3].blockMux|deMux4:l1|deMux:first|deMuxBase:u[5]     ; deMuxBase                ; work         ;
;                |deMuxBase:u[6]|                    ; 2 (2)               ; 0 (0)                     ; 0           ; 0          ; 0            ; 0       ; 0         ; 0    ; 0            ; 0          ; |pulseController|memory4c:u_delays|deMux8:gen_blockMux[3].blockMux|deMux4:l1|deMux:first|deMuxBase:u[6]     ; deMuxBase                ; work         ;
;                |deMuxBase:u[7]|                    ; 2 (2)               ; 0 (0)                     ; 0           ; 0          ; 0            ; 0       ; 0         ; 0    ; 0            ; 0          ; |pulseController|memory4c:u_delays|deMux8:gen_blockMux[3].blockMux|deMux4:l1|deMux:first|deMuxBase:u[7]     ; deMuxBase                ; work         ;
;          |deMux4:l2|                               ; 17 (0)              ; 0 (0)                     ; 0           ; 0          ; 0            ; 0       ; 0         ; 0    ; 0            ; 0          ; |pulseController|memory4c:u_delays|deMux8:gen_blockMux[3].blockMux|deMux4:l2                                ; deMux4                   ; work         ;
;             |deMux:first|                          ; 17 (0)              ; 0 (0)                     ; 0           ; 0          ; 0            ; 0       ; 0         ; 0    ; 0            ; 0          ; |pulseController|memory4c:u_delays|deMux8:gen_blockMux[3].blockMux|deMux4:l2|deMux:first                    ; deMux                    ; work         ;
;                |deMuxBase:u[0]|                    ; 2 (2)               ; 0 (0)                     ; 0           ; 0          ; 0            ; 0       ; 0         ; 0    ; 0            ; 0          ; |pulseController|memory4c:u_delays|deMux8:gen_blockMux[3].blockMux|deMux4:l2|deMux:first|deMuxBase:u[0]     ; deMuxBase                ; work         ;
;                |deMuxBase:u[1]|                    ; 2 (2)               ; 0 (0)                     ; 0           ; 0          ; 0            ; 0       ; 0         ; 0    ; 0            ; 0          ; |pulseController|memory4c:u_delays|deMux8:gen_blockMux[3].blockMux|deMux4:l2|deMux:first|deMuxBase:u[1]     ; deMuxBase                ; work         ;
;                |deMuxBase:u[2]|                    ; 2 (2)               ; 0 (0)                     ; 0           ; 0          ; 0            ; 0       ; 0         ; 0    ; 0            ; 0          ; |pulseController|memory4c:u_delays|deMux8:gen_blockMux[3].blockMux|deMux4:l2|deMux:first|deMuxBase:u[2]     ; deMuxBase                ; work         ;
;                |deMuxBase:u[3]|                    ; 2 (2)               ; 0 (0)                     ; 0           ; 0          ; 0            ; 0       ; 0         ; 0    ; 0            ; 0          ; |pulseController|memory4c:u_delays|deMux8:gen_blockMux[3].blockMux|deMux4:l2|deMux:first|deMuxBase:u[3]     ; deMuxBase                ; work         ;
;                |deMuxBase:u[4]|                    ; 2 (2)               ; 0 (0)                     ; 0           ; 0          ; 0            ; 0       ; 0         ; 0    ; 0            ; 0          ; |pulseController|memory4c:u_delays|deMux8:gen_blockMux[3].blockMux|deMux4:l2|deMux:first|deMuxBase:u[4]     ; deMuxBase                ; work         ;
;                |deMuxBase:u[5]|                    ; 2 (2)               ; 0 (0)                     ; 0           ; 0          ; 0            ; 0       ; 0         ; 0    ; 0            ; 0          ; |pulseController|memory4c:u_delays|deMux8:gen_blockMux[3].blockMux|deMux4:l2|deMux:first|deMuxBase:u[5]     ; deMuxBase                ; work         ;
;                |deMuxBase:u[6]|                    ; 2 (2)               ; 0 (0)                     ; 0           ; 0          ; 0            ; 0       ; 0         ; 0    ; 0            ; 0          ; |pulseController|memory4c:u_delays|deMux8:gen_blockMux[3].blockMux|deMux4:l2|deMux:first|deMuxBase:u[6]     ; deMuxBase                ; work         ;
;                |deMuxBase:u[7]|                    ; 3 (3)               ; 0 (0)                     ; 0           ; 0          ; 0            ; 0       ; 0         ; 0    ; 0            ; 0          ; |pulseController|memory4c:u_delays|deMux8:gen_blockMux[3].blockMux|deMux4:l2|deMux:first|deMuxBase:u[7]     ; deMuxBase                ; work         ;
;       |deMux8:gen_blockRoute[0].blockRoute|        ; 10 (0)              ; 0 (0)                     ; 0           ; 0          ; 0            ; 0       ; 0         ; 0    ; 0            ; 0          ; |pulseController|memory4c:u_delays|deMux8:gen_blockRoute[0].blockRoute                                      ; deMux8                   ; work         ;
;          |deMux4:l1|                               ; 4 (0)               ; 0 (0)                     ; 0           ; 0          ; 0            ; 0       ; 0         ; 0    ; 0            ; 0          ; |pulseController|memory4c:u_delays|deMux8:gen_blockRoute[0].blockRoute|deMux4:l1                            ; deMux4                   ; work         ;
;             |deMux:l1|                             ; 2 (0)               ; 0 (0)                     ; 0           ; 0          ; 0            ; 0       ; 0         ; 0    ; 0            ; 0          ; |pulseController|memory4c:u_delays|deMux8:gen_blockRoute[0].blockRoute|deMux4:l1|deMux:l1                   ; deMux                    ; work         ;
;                |deMuxBase:u[0]|                    ; 2 (2)               ; 0 (0)                     ; 0           ; 0          ; 0            ; 0       ; 0         ; 0    ; 0            ; 0          ; |pulseController|memory4c:u_delays|deMux8:gen_blockRoute[0].blockRoute|deMux4:l1|deMux:l1|deMuxBase:u[0]    ; deMuxBase                ; work         ;
;             |deMux:l2|                             ; 2 (0)               ; 0 (0)                     ; 0           ; 0          ; 0            ; 0       ; 0         ; 0    ; 0            ; 0          ; |pulseController|memory4c:u_delays|deMux8:gen_blockRoute[0].blockRoute|deMux4:l1|deMux:l2                   ; deMux                    ; work         ;
;                |deMuxBase:u[0]|                    ; 2 (2)               ; 0 (0)                     ; 0           ; 0          ; 0            ; 0       ; 0         ; 0    ; 0            ; 0          ; |pulseController|memory4c:u_delays|deMux8:gen_blockRoute[0].blockRoute|deMux4:l1|deMux:l2|deMuxBase:u[0]    ; deMuxBase                ; work         ;
;          |deMux4:l2|                               ; 6 (0)               ; 0 (0)                     ; 0           ; 0          ; 0            ; 0       ; 0         ; 0    ; 0            ; 0          ; |pulseController|memory4c:u_delays|deMux8:gen_blockRoute[0].blockRoute|deMux4:l2                            ; deMux4                   ; work         ;
;             |deMux:first|                          ; 2 (0)               ; 0 (0)                     ; 0           ; 0          ; 0            ; 0       ; 0         ; 0    ; 0            ; 0          ; |pulseController|memory4c:u_delays|deMux8:gen_blockRoute[0].blockRoute|deMux4:l2|deMux:first                ; deMux                    ; work         ;
;                |deMuxBase:u[0]|                    ; 2 (2)               ; 0 (0)                     ; 0           ; 0          ; 0            ; 0       ; 0         ; 0    ; 0            ; 0          ; |pulseController|memory4c:u_delays|deMux8:gen_blockRoute[0].blockRoute|deMux4:l2|deMux:first|deMuxBase:u[0] ; deMuxBase                ; work         ;
;             |deMux:l1|                             ; 2 (0)               ; 0 (0)                     ; 0           ; 0          ; 0            ; 0       ; 0         ; 0    ; 0            ; 0          ; |pulseController|memory4c:u_delays|deMux8:gen_blockRoute[0].blockRoute|deMux4:l2|deMux:l1                   ; deMux                    ; work         ;
;                |deMuxBase:u[0]|                    ; 2 (2)               ; 0 (0)                     ; 0           ; 0          ; 0            ; 0       ; 0         ; 0    ; 0            ; 0          ; |pulseController|memory4c:u_delays|deMux8:gen_blockRoute[0].blockRoute|deMux4:l2|deMux:l1|deMuxBase:u[0]    ; deMuxBase                ; work         ;
;             |deMux:l2|                             ; 2 (0)               ; 0 (0)                     ; 0           ; 0          ; 0            ; 0       ; 0         ; 0    ; 0            ; 0          ; |pulseController|memory4c:u_delays|deMux8:gen_blockRoute[0].blockRoute|deMux4:l2|deMux:l2                   ; deMux                    ; work         ;
;                |deMuxBase:u[0]|                    ; 2 (2)               ; 0 (0)                     ; 0           ; 0          ; 0            ; 0       ; 0         ; 0    ; 0            ; 0          ; |pulseController|memory4c:u_delays|deMux8:gen_blockRoute[0].blockRoute|deMux4:l2|deMux:l2|deMuxBase:u[0]    ; deMuxBase                ; work         ;
;       |deMux8:gen_blockRoute[1].blockRoute|        ; 10 (0)              ; 0 (0)                     ; 0           ; 0          ; 0            ; 0       ; 0         ; 0    ; 0            ; 0          ; |pulseController|memory4c:u_delays|deMux8:gen_blockRoute[1].blockRoute                                      ; deMux8                   ; work         ;
;          |deMux4:l1|                               ; 4 (0)               ; 0 (0)                     ; 0           ; 0          ; 0            ; 0       ; 0         ; 0    ; 0            ; 0          ; |pulseController|memory4c:u_delays|deMux8:gen_blockRoute[1].blockRoute|deMux4:l1                            ; deMux4                   ; work         ;
;             |deMux:l1|                             ; 2 (0)               ; 0 (0)                     ; 0           ; 0          ; 0            ; 0       ; 0         ; 0    ; 0            ; 0          ; |pulseController|memory4c:u_delays|deMux8:gen_blockRoute[1].blockRoute|deMux4:l1|deMux:l1                   ; deMux                    ; work         ;
;                |deMuxBase:u[0]|                    ; 2 (2)               ; 0 (0)                     ; 0           ; 0          ; 0            ; 0       ; 0         ; 0    ; 0            ; 0          ; |pulseController|memory4c:u_delays|deMux8:gen_blockRoute[1].blockRoute|deMux4:l1|deMux:l1|deMuxBase:u[0]    ; deMuxBase                ; work         ;
;             |deMux:l2|                             ; 2 (0)               ; 0 (0)                     ; 0           ; 0          ; 0            ; 0       ; 0         ; 0    ; 0            ; 0          ; |pulseController|memory4c:u_delays|deMux8:gen_blockRoute[1].blockRoute|deMux4:l1|deMux:l2                   ; deMux                    ; work         ;
;                |deMuxBase:u[0]|                    ; 2 (2)               ; 0 (0)                     ; 0           ; 0          ; 0            ; 0       ; 0         ; 0    ; 0            ; 0          ; |pulseController|memory4c:u_delays|deMux8:gen_blockRoute[1].blockRoute|deMux4:l1|deMux:l2|deMuxBase:u[0]    ; deMuxBase                ; work         ;
;          |deMux4:l2|                               ; 6 (0)               ; 0 (0)                     ; 0           ; 0          ; 0            ; 0       ; 0         ; 0    ; 0            ; 0          ; |pulseController|memory4c:u_delays|deMux8:gen_blockRoute[1].blockRoute|deMux4:l2                            ; deMux4                   ; work         ;
;             |deMux:first|                          ; 2 (0)               ; 0 (0)                     ; 0           ; 0          ; 0            ; 0       ; 0         ; 0    ; 0            ; 0          ; |pulseController|memory4c:u_delays|deMux8:gen_blockRoute[1].blockRoute|deMux4:l2|deMux:first                ; deMux                    ; work         ;
;                |deMuxBase:u[0]|                    ; 2 (2)               ; 0 (0)                     ; 0           ; 0          ; 0            ; 0       ; 0         ; 0    ; 0            ; 0          ; |pulseController|memory4c:u_delays|deMux8:gen_blockRoute[1].blockRoute|deMux4:l2|deMux:first|deMuxBase:u[0] ; deMuxBase                ; work         ;
;             |deMux:l1|                             ; 2 (0)               ; 0 (0)                     ; 0           ; 0          ; 0            ; 0       ; 0         ; 0    ; 0            ; 0          ; |pulseController|memory4c:u_delays|deMux8:gen_blockRoute[1].blockRoute|deMux4:l2|deMux:l1                   ; deMux                    ; work         ;
;                |deMuxBase:u[0]|                    ; 2 (2)               ; 0 (0)                     ; 0           ; 0          ; 0            ; 0       ; 0         ; 0    ; 0            ; 0          ; |pulseController|memory4c:u_delays|deMux8:gen_blockRoute[1].blockRoute|deMux4:l2|deMux:l1|deMuxBase:u[0]    ; deMuxBase                ; work         ;
;             |deMux:l2|                             ; 2 (0)               ; 0 (0)                     ; 0           ; 0          ; 0            ; 0       ; 0         ; 0    ; 0            ; 0          ; |pulseController|memory4c:u_delays|deMux8:gen_blockRoute[1].blockRoute|deMux4:l2|deMux:l2                   ; deMux                    ; work         ;
;                |deMuxBase:u[0]|                    ; 2 (2)               ; 0 (0)                     ; 0           ; 0          ; 0            ; 0       ; 0         ; 0    ; 0            ; 0          ; |pulseController|memory4c:u_delays|deMux8:gen_blockRoute[1].blockRoute|deMux4:l2|deMux:l2|deMuxBase:u[0]    ; deMuxBase                ; work         ;
;       |deMux8:gen_blockRoute[2].blockRoute|        ; 8 (0)               ; 0 (0)                     ; 0           ; 0          ; 0            ; 0       ; 0         ; 0    ; 0            ; 0          ; |pulseController|memory4c:u_delays|deMux8:gen_blockRoute[2].blockRoute                                      ; deMux8                   ; work         ;
;          |deMux4:l1|                               ; 4 (0)               ; 0 (0)                     ; 0           ; 0          ; 0            ; 0       ; 0         ; 0    ; 0            ; 0          ; |pulseController|memory4c:u_delays|deMux8:gen_blockRoute[2].blockRoute|deMux4:l1                            ; deMux4                   ; work         ;
;             |deMux:l1|                             ; 2 (0)               ; 0 (0)                     ; 0           ; 0          ; 0            ; 0       ; 0         ; 0    ; 0            ; 0          ; |pulseController|memory4c:u_delays|deMux8:gen_blockRoute[2].blockRoute|deMux4:l1|deMux:l1                   ; deMux                    ; work         ;
;                |deMuxBase:u[0]|                    ; 2 (2)               ; 0 (0)                     ; 0           ; 0          ; 0            ; 0       ; 0         ; 0    ; 0            ; 0          ; |pulseController|memory4c:u_delays|deMux8:gen_blockRoute[2].blockRoute|deMux4:l1|deMux:l1|deMuxBase:u[0]    ; deMuxBase                ; work         ;
;             |deMux:l2|                             ; 2 (0)               ; 0 (0)                     ; 0           ; 0          ; 0            ; 0       ; 0         ; 0    ; 0            ; 0          ; |pulseController|memory4c:u_delays|deMux8:gen_blockRoute[2].blockRoute|deMux4:l1|deMux:l2                   ; deMux                    ; work         ;
;                |deMuxBase:u[0]|                    ; 2 (2)               ; 0 (0)                     ; 0           ; 0          ; 0            ; 0       ; 0         ; 0    ; 0            ; 0          ; |pulseController|memory4c:u_delays|deMux8:gen_blockRoute[2].blockRoute|deMux4:l1|deMux:l2|deMuxBase:u[0]    ; deMuxBase                ; work         ;
;          |deMux4:l2|                               ; 4 (0)               ; 0 (0)                     ; 0           ; 0          ; 0            ; 0       ; 0         ; 0    ; 0            ; 0          ; |pulseController|memory4c:u_delays|deMux8:gen_blockRoute[2].blockRoute|deMux4:l2                            ; deMux4                   ; work         ;
;             |deMux:l1|                             ; 2 (0)               ; 0 (0)                     ; 0           ; 0          ; 0            ; 0       ; 0         ; 0    ; 0            ; 0          ; |pulseController|memory4c:u_delays|deMux8:gen_blockRoute[2].blockRoute|deMux4:l2|deMux:l1                   ; deMux                    ; work         ;
;                |deMuxBase:u[0]|                    ; 2 (2)               ; 0 (0)                     ; 0           ; 0          ; 0            ; 0       ; 0         ; 0    ; 0            ; 0          ; |pulseController|memory4c:u_delays|deMux8:gen_blockRoute[2].blockRoute|deMux4:l2|deMux:l1|deMuxBase:u[0]    ; deMuxBase                ; work         ;
;             |deMux:l2|                             ; 2 (0)               ; 0 (0)                     ; 0           ; 0          ; 0            ; 0       ; 0         ; 0    ; 0            ; 0          ; |pulseController|memory4c:u_delays|deMux8:gen_blockRoute[2].blockRoute|deMux4:l2|deMux:l2                   ; deMux                    ; work         ;
;                |deMuxBase:u[0]|                    ; 2 (2)               ; 0 (0)                     ; 0           ; 0          ; 0            ; 0       ; 0         ; 0    ; 0            ; 0          ; |pulseController|memory4c:u_delays|deMux8:gen_blockRoute[2].blockRoute|deMux4:l2|deMux:l2|deMuxBase:u[0]    ; deMuxBase                ; work         ;
;       |deMux8:gen_blockRoute[3].blockRoute|        ; 9 (0)               ; 0 (0)                     ; 0           ; 0          ; 0            ; 0       ; 0         ; 0    ; 0            ; 0          ; |pulseController|memory4c:u_delays|deMux8:gen_blockRoute[3].blockRoute                                      ; deMux8                   ; work         ;
;          |deMux4:l1|                               ; 4 (0)               ; 0 (0)                     ; 0           ; 0          ; 0            ; 0       ; 0         ; 0    ; 0            ; 0          ; |pulseController|memory4c:u_delays|deMux8:gen_blockRoute[3].blockRoute|deMux4:l1                            ; deMux4                   ; work         ;
;             |deMux:l1|                             ; 2 (0)               ; 0 (0)                     ; 0           ; 0          ; 0            ; 0       ; 0         ; 0    ; 0            ; 0          ; |pulseController|memory4c:u_delays|deMux8:gen_blockRoute[3].blockRoute|deMux4:l1|deMux:l1                   ; deMux                    ; work         ;
;                |deMuxBase:u[0]|                    ; 2 (2)               ; 0 (0)                     ; 0           ; 0          ; 0            ; 0       ; 0         ; 0    ; 0            ; 0          ; |pulseController|memory4c:u_delays|deMux8:gen_blockRoute[3].blockRoute|deMux4:l1|deMux:l1|deMuxBase:u[0]    ; deMuxBase                ; work         ;
;             |deMux:l2|                             ; 2 (0)               ; 0 (0)                     ; 0           ; 0          ; 0            ; 0       ; 0         ; 0    ; 0            ; 0          ; |pulseController|memory4c:u_delays|deMux8:gen_blockRoute[3].blockRoute|deMux4:l1|deMux:l2                   ; deMux                    ; work         ;
;                |deMuxBase:u[0]|                    ; 2 (2)               ; 0 (0)                     ; 0           ; 0          ; 0            ; 0       ; 0         ; 0    ; 0            ; 0          ; |pulseController|memory4c:u_delays|deMux8:gen_blockRoute[3].blockRoute|deMux4:l1|deMux:l2|deMuxBase:u[0]    ; deMuxBase                ; work         ;
;          |deMux4:l2|                               ; 5 (0)               ; 0 (0)                     ; 0           ; 0          ; 0            ; 0       ; 0         ; 0    ; 0            ; 0          ; |pulseController|memory4c:u_delays|deMux8:gen_blockRoute[3].blockRoute|deMux4:l2                            ; deMux4                   ; work         ;
;             |deMux:first|                          ; 1 (0)               ; 0 (0)                     ; 0           ; 0          ; 0            ; 0       ; 0         ; 0    ; 0            ; 0          ; |pulseController|memory4c:u_delays|deMux8:gen_blockRoute[3].blockRoute|deMux4:l2|deMux:first                ; deMux                    ; work         ;
;                |deMuxBase:u[0]|                    ; 1 (1)               ; 0 (0)                     ; 0           ; 0          ; 0            ; 0       ; 0         ; 0    ; 0            ; 0          ; |pulseController|memory4c:u_delays|deMux8:gen_blockRoute[3].blockRoute|deMux4:l2|deMux:first|deMuxBase:u[0] ; deMuxBase                ; work         ;
;             |deMux:l1|                             ; 2 (0)               ; 0 (0)                     ; 0           ; 0          ; 0            ; 0       ; 0         ; 0    ; 0            ; 0          ; |pulseController|memory4c:u_delays|deMux8:gen_blockRoute[3].blockRoute|deMux4:l2|deMux:l1                   ; deMux                    ; work         ;
;                |deMuxBase:u[0]|                    ; 2 (2)               ; 0 (0)                     ; 0           ; 0          ; 0            ; 0       ; 0         ; 0    ; 0            ; 0          ; |pulseController|memory4c:u_delays|deMux8:gen_blockRoute[3].blockRoute|deMux4:l2|deMux:l1|deMuxBase:u[0]    ; deMuxBase                ; work         ;
;             |deMux:l2|                             ; 2 (0)               ; 0 (0)                     ; 0           ; 0          ; 0            ; 0       ; 0         ; 0    ; 0            ; 0          ; |pulseController|memory4c:u_delays|deMux8:gen_blockRoute[3].blockRoute|deMux4:l2|deMux:l2                   ; deMux                    ; work         ;
;                |deMuxBase:u[0]|                    ; 2 (2)               ; 0 (0)                     ; 0           ; 0          ; 0            ; 0       ; 0         ; 0    ; 0            ; 0          ; |pulseController|memory4c:u_delays|deMux8:gen_blockRoute[3].blockRoute|deMux4:l2|deMux:l2|deMuxBase:u[0]    ; deMuxBase                ; work         ;
;       |mux4:memChannelOutput|                      ; 160 (0)             ; 0 (0)                     ; 0           ; 0          ; 0            ; 0       ; 0         ; 0    ; 0            ; 0          ; |pulseController|memory4c:u_delays|mux4:memChannelOutput                                                    ; mux4                     ; work         ;
;          |mux:final|                               ; 160 (0)             ; 0 (0)                     ; 0           ; 0          ; 0            ; 0       ; 0         ; 0    ; 0            ; 0          ; |pulseController|memory4c:u_delays|mux4:memChannelOutput|mux:final                                          ; mux                      ; work         ;
;             |muxBase:mine[0]|                      ; 20 (20)             ; 0 (0)                     ; 0           ; 0          ; 0            ; 0       ; 0         ; 0    ; 0            ; 0          ; |pulseController|memory4c:u_delays|mux4:memChannelOutput|mux:final|muxBase:mine[0]                          ; muxBase                  ; work         ;
;             |muxBase:mine[1]|                      ; 20 (20)             ; 0 (0)                     ; 0           ; 0          ; 0            ; 0       ; 0         ; 0    ; 0            ; 0          ; |pulseController|memory4c:u_delays|mux4:memChannelOutput|mux:final|muxBase:mine[1]                          ; muxBase                  ; work         ;
;             |muxBase:mine[2]|                      ; 20 (20)             ; 0 (0)                     ; 0           ; 0          ; 0            ; 0       ; 0         ; 0    ; 0            ; 0          ; |pulseController|memory4c:u_delays|mux4:memChannelOutput|mux:final|muxBase:mine[2]                          ; muxBase                  ; work         ;
;             |muxBase:mine[3]|                      ; 20 (20)             ; 0 (0)                     ; 0           ; 0          ; 0            ; 0       ; 0         ; 0    ; 0            ; 0          ; |pulseController|memory4c:u_delays|mux4:memChannelOutput|mux:final|muxBase:mine[3]                          ; muxBase                  ; work         ;
;             |muxBase:mine[4]|                      ; 20 (20)             ; 0 (0)                     ; 0           ; 0          ; 0            ; 0       ; 0         ; 0    ; 0            ; 0          ; |pulseController|memory4c:u_delays|mux4:memChannelOutput|mux:final|muxBase:mine[4]                          ; muxBase                  ; work         ;
;             |muxBase:mine[5]|                      ; 20 (20)             ; 0 (0)                     ; 0           ; 0          ; 0            ; 0       ; 0         ; 0    ; 0            ; 0          ; |pulseController|memory4c:u_delays|mux4:memChannelOutput|mux:final|muxBase:mine[5]                          ; muxBase                  ; work         ;
;             |muxBase:mine[6]|                      ; 20 (20)             ; 0 (0)                     ; 0           ; 0          ; 0            ; 0       ; 0         ; 0    ; 0            ; 0          ; |pulseController|memory4c:u_delays|mux4:memChannelOutput|mux:final|muxBase:mine[6]                          ; muxBase                  ; work         ;
;             |muxBase:mine[7]|                      ; 20 (20)             ; 0 (0)                     ; 0           ; 0          ; 0            ; 0       ; 0         ; 0    ; 0            ; 0          ; |pulseController|memory4c:u_delays|mux4:memChannelOutput|mux:final|muxBase:mine[7]                          ; muxBase                  ; work         ;
;       |storage:block[0]|                           ; 0 (0)               ; 8 (8)                     ; 0           ; 0          ; 0            ; 0       ; 0         ; 0    ; 0            ; 0          ; |pulseController|memory4c:u_delays|storage:block[0]                                                         ; storage                  ; work         ;
;       |storage:block[10]|                          ; 0 (0)               ; 8 (8)                     ; 0           ; 0          ; 0            ; 0       ; 0         ; 0    ; 0            ; 0          ; |pulseController|memory4c:u_delays|storage:block[10]                                                        ; storage                  ; work         ;
;       |storage:block[11]|                          ; 0 (0)               ; 8 (8)                     ; 0           ; 0          ; 0            ; 0       ; 0         ; 0    ; 0            ; 0          ; |pulseController|memory4c:u_delays|storage:block[11]                                                        ; storage                  ; work         ;
;       |storage:block[12]|                          ; 0 (0)               ; 8 (8)                     ; 0           ; 0          ; 0            ; 0       ; 0         ; 0    ; 0            ; 0          ; |pulseController|memory4c:u_delays|storage:block[12]                                                        ; storage                  ; work         ;
;       |storage:block[13]|                          ; 0 (0)               ; 8 (8)                     ; 0           ; 0          ; 0            ; 0       ; 0         ; 0    ; 0            ; 0          ; |pulseController|memory4c:u_delays|storage:block[13]                                                        ; storage                  ; work         ;
;       |storage:block[14]|                          ; 0 (0)               ; 8 (8)                     ; 0           ; 0          ; 0            ; 0       ; 0         ; 0    ; 0            ; 0          ; |pulseController|memory4c:u_delays|storage:block[14]                                                        ; storage                  ; work         ;
;       |storage:block[15]|                          ; 0 (0)               ; 8 (8)                     ; 0           ; 0          ; 0            ; 0       ; 0         ; 0    ; 0            ; 0          ; |pulseController|memory4c:u_delays|storage:block[15]                                                        ; storage                  ; work         ;
;       |storage:block[16]|                          ; 0 (0)               ; 8 (8)                     ; 0           ; 0          ; 0            ; 0       ; 0         ; 0    ; 0            ; 0          ; |pulseController|memory4c:u_delays|storage:block[16]                                                        ; storage                  ; work         ;
;       |storage:block[17]|                          ; 0 (0)               ; 8 (8)                     ; 0           ; 0          ; 0            ; 0       ; 0         ; 0    ; 0            ; 0          ; |pulseController|memory4c:u_delays|storage:block[17]                                                        ; storage                  ; work         ;
;       |storage:block[18]|                          ; 0 (0)               ; 8 (8)                     ; 0           ; 0          ; 0            ; 0       ; 0         ; 0    ; 0            ; 0          ; |pulseController|memory4c:u_delays|storage:block[18]                                                        ; storage                  ; work         ;
;       |storage:block[19]|                          ; 0 (0)               ; 8 (8)                     ; 0           ; 0          ; 0            ; 0       ; 0         ; 0    ; 0            ; 0          ; |pulseController|memory4c:u_delays|storage:block[19]                                                        ; storage                  ; work         ;
;       |storage:block[1]|                           ; 0 (0)               ; 8 (8)                     ; 0           ; 0          ; 0            ; 0       ; 0         ; 0    ; 0            ; 0          ; |pulseController|memory4c:u_delays|storage:block[1]                                                         ; storage                  ; work         ;
;       |storage:block[20]|                          ; 0 (0)               ; 8 (8)                     ; 0           ; 0          ; 0            ; 0       ; 0         ; 0    ; 0            ; 0          ; |pulseController|memory4c:u_delays|storage:block[20]                                                        ; storage                  ; work         ;
;       |storage:block[21]|                          ; 0 (0)               ; 8 (8)                     ; 0           ; 0          ; 0            ; 0       ; 0         ; 0    ; 0            ; 0          ; |pulseController|memory4c:u_delays|storage:block[21]                                                        ; storage                  ; work         ;
;       |storage:block[22]|                          ; 0 (0)               ; 8 (8)                     ; 0           ; 0          ; 0            ; 0       ; 0         ; 0    ; 0            ; 0          ; |pulseController|memory4c:u_delays|storage:block[22]                                                        ; storage                  ; work         ;
;       |storage:block[23]|                          ; 0 (0)               ; 8 (8)                     ; 0           ; 0          ; 0            ; 0       ; 0         ; 0    ; 0            ; 0          ; |pulseController|memory4c:u_delays|storage:block[23]                                                        ; storage                  ; work         ;
;       |storage:block[24]|                          ; 0 (0)               ; 8 (8)                     ; 0           ; 0          ; 0            ; 0       ; 0         ; 0    ; 0            ; 0          ; |pulseController|memory4c:u_delays|storage:block[24]                                                        ; storage                  ; work         ;
;       |storage:block[25]|                          ; 0 (0)               ; 8 (8)                     ; 0           ; 0          ; 0            ; 0       ; 0         ; 0    ; 0            ; 0          ; |pulseController|memory4c:u_delays|storage:block[25]                                                        ; storage                  ; work         ;
;       |storage:block[26]|                          ; 0 (0)               ; 8 (8)                     ; 0           ; 0          ; 0            ; 0       ; 0         ; 0    ; 0            ; 0          ; |pulseController|memory4c:u_delays|storage:block[26]                                                        ; storage                  ; work         ;
;       |storage:block[27]|                          ; 0 (0)               ; 8 (8)                     ; 0           ; 0          ; 0            ; 0       ; 0         ; 0    ; 0            ; 0          ; |pulseController|memory4c:u_delays|storage:block[27]                                                        ; storage                  ; work         ;
;       |storage:block[28]|                          ; 0 (0)               ; 8 (8)                     ; 0           ; 0          ; 0            ; 0       ; 0         ; 0    ; 0            ; 0          ; |pulseController|memory4c:u_delays|storage:block[28]                                                        ; storage                  ; work         ;
;       |storage:block[29]|                          ; 0 (0)               ; 8 (8)                     ; 0           ; 0          ; 0            ; 0       ; 0         ; 0    ; 0            ; 0          ; |pulseController|memory4c:u_delays|storage:block[29]                                                        ; storage                  ; work         ;
;       |storage:block[2]|                           ; 0 (0)               ; 8 (8)                     ; 0           ; 0          ; 0            ; 0       ; 0         ; 0    ; 0            ; 0          ; |pulseController|memory4c:u_delays|storage:block[2]                                                         ; storage                  ; work         ;
;       |storage:block[30]|                          ; 0 (0)               ; 8 (8)                     ; 0           ; 0          ; 0            ; 0       ; 0         ; 0    ; 0            ; 0          ; |pulseController|memory4c:u_delays|storage:block[30]                                                        ; storage                  ; work         ;
;       |storage:block[31]|                          ; 0 (0)               ; 8 (8)                     ; 0           ; 0          ; 0            ; 0       ; 0         ; 0    ; 0            ; 0          ; |pulseController|memory4c:u_delays|storage:block[31]                                                        ; storage                  ; work         ;
;       |storage:block[3]|                           ; 0 (0)               ; 8 (8)                     ; 0           ; 0          ; 0            ; 0       ; 0         ; 0    ; 0            ; 0          ; |pulseController|memory4c:u_delays|storage:block[3]                                                         ; storage                  ; work         ;
;       |storage:block[4]|                           ; 0 (0)               ; 8 (8)                     ; 0           ; 0          ; 0            ; 0       ; 0         ; 0    ; 0            ; 0          ; |pulseController|memory4c:u_delays|storage:block[4]                                                         ; storage                  ; work         ;
;       |storage:block[5]|                           ; 0 (0)               ; 8 (8)                     ; 0           ; 0          ; 0            ; 0       ; 0         ; 0    ; 0            ; 0          ; |pulseController|memory4c:u_delays|storage:block[5]                                                         ; storage                  ; work         ;
;       |storage:block[6]|                           ; 0 (0)               ; 8 (8)                     ; 0           ; 0          ; 0            ; 0       ; 0         ; 0    ; 0            ; 0          ; |pulseController|memory4c:u_delays|storage:block[6]                                                         ; storage                  ; work         ;
;       |storage:block[7]|                           ; 0 (0)               ; 8 (8)                     ; 0           ; 0          ; 0            ; 0       ; 0         ; 0    ; 0            ; 0          ; |pulseController|memory4c:u_delays|storage:block[7]                                                         ; storage                  ; work         ;
;       |storage:block[8]|                           ; 0 (0)               ; 8 (8)                     ; 0           ; 0          ; 0            ; 0       ; 0         ; 0    ; 0            ; 0          ; |pulseController|memory4c:u_delays|storage:block[8]                                                         ; storage                  ; work         ;
;       |storage:block[9]|                           ; 0 (0)               ; 8 (8)                     ; 0           ; 0          ; 0            ; 0       ; 0         ; 0    ; 0            ; 0          ; |pulseController|memory4c:u_delays|storage:block[9]                                                         ; storage                  ; work         ;
;    |memory4c:u_widths|                             ; 343 (10)            ; 256 (0)                   ; 0           ; 0          ; 0            ; 0       ; 0         ; 0    ; 0            ; 0          ; |pulseController|memory4c:u_widths                                                                          ; memory4c                 ; work         ;
;       |deMux8:gen_blockMux[0].blockMux|            ; 35 (0)              ; 0 (0)                     ; 0           ; 0          ; 0            ; 0       ; 0         ; 0    ; 0            ; 0          ; |pulseController|memory4c:u_widths|deMux8:gen_blockMux[0].blockMux                                          ; deMux8                   ; work         ;
;          |deMux4:l1|                               ; 18 (0)              ; 0 (0)                     ; 0           ; 0          ; 0            ; 0       ; 0         ; 0    ; 0            ; 0          ; |pulseController|memory4c:u_widths|deMux8:gen_blockMux[0].blockMux|deMux4:l1                                ; deMux4                   ; work         ;
;             |deMux:first|                          ; 18 (0)              ; 0 (0)                     ; 0           ; 0          ; 0            ; 0       ; 0         ; 0    ; 0            ; 0          ; |pulseController|memory4c:u_widths|deMux8:gen_blockMux[0].blockMux|deMux4:l1|deMux:first                    ; deMux                    ; work         ;
;                |deMuxBase:u[0]|                    ; 2 (2)               ; 0 (0)                     ; 0           ; 0          ; 0            ; 0       ; 0         ; 0    ; 0            ; 0          ; |pulseController|memory4c:u_widths|deMux8:gen_blockMux[0].blockMux|deMux4:l1|deMux:first|deMuxBase:u[0]     ; deMuxBase                ; work         ;
;                |deMuxBase:u[1]|                    ; 2 (2)               ; 0 (0)                     ; 0           ; 0          ; 0            ; 0       ; 0         ; 0    ; 0            ; 0          ; |pulseController|memory4c:u_widths|deMux8:gen_blockMux[0].blockMux|deMux4:l1|deMux:first|deMuxBase:u[1]     ; deMuxBase                ; work         ;
;                |deMuxBase:u[2]|                    ; 2 (2)               ; 0 (0)                     ; 0           ; 0          ; 0            ; 0       ; 0         ; 0    ; 0            ; 0          ; |pulseController|memory4c:u_widths|deMux8:gen_blockMux[0].blockMux|deMux4:l1|deMux:first|deMuxBase:u[2]     ; deMuxBase                ; work         ;
;                |deMuxBase:u[3]|                    ; 2 (2)               ; 0 (0)                     ; 0           ; 0          ; 0            ; 0       ; 0         ; 0    ; 0            ; 0          ; |pulseController|memory4c:u_widths|deMux8:gen_blockMux[0].blockMux|deMux4:l1|deMux:first|deMuxBase:u[3]     ; deMuxBase                ; work         ;
;                |deMuxBase:u[4]|                    ; 2 (2)               ; 0 (0)                     ; 0           ; 0          ; 0            ; 0       ; 0         ; 0    ; 0            ; 0          ; |pulseController|memory4c:u_widths|deMux8:gen_blockMux[0].blockMux|deMux4:l1|deMux:first|deMuxBase:u[4]     ; deMuxBase                ; work         ;
;                |deMuxBase:u[5]|                    ; 2 (2)               ; 0 (0)                     ; 0           ; 0          ; 0            ; 0       ; 0         ; 0    ; 0            ; 0          ; |pulseController|memory4c:u_widths|deMux8:gen_blockMux[0].blockMux|deMux4:l1|deMux:first|deMuxBase:u[5]     ; deMuxBase                ; work         ;
;                |deMuxBase:u[6]|                    ; 2 (2)               ; 0 (0)                     ; 0           ; 0          ; 0            ; 0       ; 0         ; 0    ; 0            ; 0          ; |pulseController|memory4c:u_widths|deMux8:gen_blockMux[0].blockMux|deMux4:l1|deMux:first|deMuxBase:u[6]     ; deMuxBase                ; work         ;
;                |deMuxBase:u[7]|                    ; 4 (4)               ; 0 (0)                     ; 0           ; 0          ; 0            ; 0       ; 0         ; 0    ; 0            ; 0          ; |pulseController|memory4c:u_widths|deMux8:gen_blockMux[0].blockMux|deMux4:l1|deMux:first|deMuxBase:u[7]     ; deMuxBase                ; work         ;
;          |deMux4:l2|                               ; 17 (0)              ; 0 (0)                     ; 0           ; 0          ; 0            ; 0       ; 0         ; 0    ; 0            ; 0          ; |pulseController|memory4c:u_widths|deMux8:gen_blockMux[0].blockMux|deMux4:l2                                ; deMux4                   ; work         ;
;             |deMux:first|                          ; 17 (0)              ; 0 (0)                     ; 0           ; 0          ; 0            ; 0       ; 0         ; 0    ; 0            ; 0          ; |pulseController|memory4c:u_widths|deMux8:gen_blockMux[0].blockMux|deMux4:l2|deMux:first                    ; deMux                    ; work         ;
;                |deMuxBase:u[0]|                    ; 2 (2)               ; 0 (0)                     ; 0           ; 0          ; 0            ; 0       ; 0         ; 0    ; 0            ; 0          ; |pulseController|memory4c:u_widths|deMux8:gen_blockMux[0].blockMux|deMux4:l2|deMux:first|deMuxBase:u[0]     ; deMuxBase                ; work         ;
;                |deMuxBase:u[1]|                    ; 2 (2)               ; 0 (0)                     ; 0           ; 0          ; 0            ; 0       ; 0         ; 0    ; 0            ; 0          ; |pulseController|memory4c:u_widths|deMux8:gen_blockMux[0].blockMux|deMux4:l2|deMux:first|deMuxBase:u[1]     ; deMuxBase                ; work         ;
;                |deMuxBase:u[2]|                    ; 2 (2)               ; 0 (0)                     ; 0           ; 0          ; 0            ; 0       ; 0         ; 0    ; 0            ; 0          ; |pulseController|memory4c:u_widths|deMux8:gen_blockMux[0].blockMux|deMux4:l2|deMux:first|deMuxBase:u[2]     ; deMuxBase                ; work         ;
;                |deMuxBase:u[3]|                    ; 2 (2)               ; 0 (0)                     ; 0           ; 0          ; 0            ; 0       ; 0         ; 0    ; 0            ; 0          ; |pulseController|memory4c:u_widths|deMux8:gen_blockMux[0].blockMux|deMux4:l2|deMux:first|deMuxBase:u[3]     ; deMuxBase                ; work         ;
;                |deMuxBase:u[4]|                    ; 2 (2)               ; 0 (0)                     ; 0           ; 0          ; 0            ; 0       ; 0         ; 0    ; 0            ; 0          ; |pulseController|memory4c:u_widths|deMux8:gen_blockMux[0].blockMux|deMux4:l2|deMux:first|deMuxBase:u[4]     ; deMuxBase                ; work         ;
;                |deMuxBase:u[5]|                    ; 2 (2)               ; 0 (0)                     ; 0           ; 0          ; 0            ; 0       ; 0         ; 0    ; 0            ; 0          ; |pulseController|memory4c:u_widths|deMux8:gen_blockMux[0].blockMux|deMux4:l2|deMux:first|deMuxBase:u[5]     ; deMuxBase                ; work         ;
;                |deMuxBase:u[6]|                    ; 2 (2)               ; 0 (0)                     ; 0           ; 0          ; 0            ; 0       ; 0         ; 0    ; 0            ; 0          ; |pulseController|memory4c:u_widths|deMux8:gen_blockMux[0].blockMux|deMux4:l2|deMux:first|deMuxBase:u[6]     ; deMuxBase                ; work         ;
;                |deMuxBase:u[7]|                    ; 3 (3)               ; 0 (0)                     ; 0           ; 0          ; 0            ; 0       ; 0         ; 0    ; 0            ; 0          ; |pulseController|memory4c:u_widths|deMux8:gen_blockMux[0].blockMux|deMux4:l2|deMux:first|deMuxBase:u[7]     ; deMuxBase                ; work         ;
;       |deMux8:gen_blockMux[1].blockMux|            ; 35 (0)              ; 0 (0)                     ; 0           ; 0          ; 0            ; 0       ; 0         ; 0    ; 0            ; 0          ; |pulseController|memory4c:u_widths|deMux8:gen_blockMux[1].blockMux                                          ; deMux8                   ; work         ;
;          |deMux4:l1|                               ; 16 (0)              ; 0 (0)                     ; 0           ; 0          ; 0            ; 0       ; 0         ; 0    ; 0            ; 0          ; |pulseController|memory4c:u_widths|deMux8:gen_blockMux[1].blockMux|deMux4:l1                                ; deMux4                   ; work         ;
;             |deMux:first|                          ; 16 (0)              ; 0 (0)                     ; 0           ; 0          ; 0            ; 0       ; 0         ; 0    ; 0            ; 0          ; |pulseController|memory4c:u_widths|deMux8:gen_blockMux[1].blockMux|deMux4:l1|deMux:first                    ; deMux                    ; work         ;
;                |deMuxBase:u[0]|                    ; 2 (2)               ; 0 (0)                     ; 0           ; 0          ; 0            ; 0       ; 0         ; 0    ; 0            ; 0          ; |pulseController|memory4c:u_widths|deMux8:gen_blockMux[1].blockMux|deMux4:l1|deMux:first|deMuxBase:u[0]     ; deMuxBase                ; work         ;
;                |deMuxBase:u[1]|                    ; 2 (2)               ; 0 (0)                     ; 0           ; 0          ; 0            ; 0       ; 0         ; 0    ; 0            ; 0          ; |pulseController|memory4c:u_widths|deMux8:gen_blockMux[1].blockMux|deMux4:l1|deMux:first|deMuxBase:u[1]     ; deMuxBase                ; work         ;
;                |deMuxBase:u[2]|                    ; 2 (2)               ; 0 (0)                     ; 0           ; 0          ; 0            ; 0       ; 0         ; 0    ; 0            ; 0          ; |pulseController|memory4c:u_widths|deMux8:gen_blockMux[1].blockMux|deMux4:l1|deMux:first|deMuxBase:u[2]     ; deMuxBase                ; work         ;
;                |deMuxBase:u[3]|                    ; 2 (2)               ; 0 (0)                     ; 0           ; 0          ; 0            ; 0       ; 0         ; 0    ; 0            ; 0          ; |pulseController|memory4c:u_widths|deMux8:gen_blockMux[1].blockMux|deMux4:l1|deMux:first|deMuxBase:u[3]     ; deMuxBase                ; work         ;
;                |deMuxBase:u[4]|                    ; 2 (2)               ; 0 (0)                     ; 0           ; 0          ; 0            ; 0       ; 0         ; 0    ; 0            ; 0          ; |pulseController|memory4c:u_widths|deMux8:gen_blockMux[1].blockMux|deMux4:l1|deMux:first|deMuxBase:u[4]     ; deMuxBase                ; work         ;
;                |deMuxBase:u[5]|                    ; 2 (2)               ; 0 (0)                     ; 0           ; 0          ; 0            ; 0       ; 0         ; 0    ; 0            ; 0          ; |pulseController|memory4c:u_widths|deMux8:gen_blockMux[1].blockMux|deMux4:l1|deMux:first|deMuxBase:u[5]     ; deMuxBase                ; work         ;
;                |deMuxBase:u[6]|                    ; 2 (2)               ; 0 (0)                     ; 0           ; 0          ; 0            ; 0       ; 0         ; 0    ; 0            ; 0          ; |pulseController|memory4c:u_widths|deMux8:gen_blockMux[1].blockMux|deMux4:l1|deMux:first|deMuxBase:u[6]     ; deMuxBase                ; work         ;
;                |deMuxBase:u[7]|                    ; 2 (2)               ; 0 (0)                     ; 0           ; 0          ; 0            ; 0       ; 0         ; 0    ; 0            ; 0          ; |pulseController|memory4c:u_widths|deMux8:gen_blockMux[1].blockMux|deMux4:l1|deMux:first|deMuxBase:u[7]     ; deMuxBase                ; work         ;
;          |deMux4:l2|                               ; 19 (0)              ; 0 (0)                     ; 0           ; 0          ; 0            ; 0       ; 0         ; 0    ; 0            ; 0          ; |pulseController|memory4c:u_widths|deMux8:gen_blockMux[1].blockMux|deMux4:l2                                ; deMux4                   ; work         ;
;             |deMux:first|                          ; 19 (0)              ; 0 (0)                     ; 0           ; 0          ; 0            ; 0       ; 0         ; 0    ; 0            ; 0          ; |pulseController|memory4c:u_widths|deMux8:gen_blockMux[1].blockMux|deMux4:l2|deMux:first                    ; deMux                    ; work         ;
;                |deMuxBase:u[0]|                    ; 2 (2)               ; 0 (0)                     ; 0           ; 0          ; 0            ; 0       ; 0         ; 0    ; 0            ; 0          ; |pulseController|memory4c:u_widths|deMux8:gen_blockMux[1].blockMux|deMux4:l2|deMux:first|deMuxBase:u[0]     ; deMuxBase                ; work         ;
;                |deMuxBase:u[1]|                    ; 2 (2)               ; 0 (0)                     ; 0           ; 0          ; 0            ; 0       ; 0         ; 0    ; 0            ; 0          ; |pulseController|memory4c:u_widths|deMux8:gen_blockMux[1].blockMux|deMux4:l2|deMux:first|deMuxBase:u[1]     ; deMuxBase                ; work         ;
;                |deMuxBase:u[2]|                    ; 2 (2)               ; 0 (0)                     ; 0           ; 0          ; 0            ; 0       ; 0         ; 0    ; 0            ; 0          ; |pulseController|memory4c:u_widths|deMux8:gen_blockMux[1].blockMux|deMux4:l2|deMux:first|deMuxBase:u[2]     ; deMuxBase                ; work         ;
;                |deMuxBase:u[3]|                    ; 2 (2)               ; 0 (0)                     ; 0           ; 0          ; 0            ; 0       ; 0         ; 0    ; 0            ; 0          ; |pulseController|memory4c:u_widths|deMux8:gen_blockMux[1].blockMux|deMux4:l2|deMux:first|deMuxBase:u[3]     ; deMuxBase                ; work         ;
;                |deMuxBase:u[4]|                    ; 2 (2)               ; 0 (0)                     ; 0           ; 0          ; 0            ; 0       ; 0         ; 0    ; 0            ; 0          ; |pulseController|memory4c:u_widths|deMux8:gen_blockMux[1].blockMux|deMux4:l2|deMux:first|deMuxBase:u[4]     ; deMuxBase                ; work         ;
;                |deMuxBase:u[5]|                    ; 2 (2)               ; 0 (0)                     ; 0           ; 0          ; 0            ; 0       ; 0         ; 0    ; 0            ; 0          ; |pulseController|memory4c:u_widths|deMux8:gen_blockMux[1].blockMux|deMux4:l2|deMux:first|deMuxBase:u[5]     ; deMuxBase                ; work         ;
;                |deMuxBase:u[6]|                    ; 2 (2)               ; 0 (0)                     ; 0           ; 0          ; 0            ; 0       ; 0         ; 0    ; 0            ; 0          ; |pulseController|memory4c:u_widths|deMux8:gen_blockMux[1].blockMux|deMux4:l2|deMux:first|deMuxBase:u[6]     ; deMuxBase                ; work         ;
;                |deMuxBase:u[7]|                    ; 5 (5)               ; 0 (0)                     ; 0           ; 0          ; 0            ; 0       ; 0         ; 0    ; 0            ; 0          ; |pulseController|memory4c:u_widths|deMux8:gen_blockMux[1].blockMux|deMux4:l2|deMux:first|deMuxBase:u[7]     ; deMuxBase                ; work         ;
;       |deMux8:gen_blockMux[2].blockMux|            ; 34 (0)              ; 0 (0)                     ; 0           ; 0          ; 0            ; 0       ; 0         ; 0    ; 0            ; 0          ; |pulseController|memory4c:u_widths|deMux8:gen_blockMux[2].blockMux                                          ; deMux8                   ; work         ;
;          |deMux4:l1|                               ; 16 (0)              ; 0 (0)                     ; 0           ; 0          ; 0            ; 0       ; 0         ; 0    ; 0            ; 0          ; |pulseController|memory4c:u_widths|deMux8:gen_blockMux[2].blockMux|deMux4:l1                                ; deMux4                   ; work         ;
;             |deMux:first|                          ; 16 (0)              ; 0 (0)                     ; 0           ; 0          ; 0            ; 0       ; 0         ; 0    ; 0            ; 0          ; |pulseController|memory4c:u_widths|deMux8:gen_blockMux[2].blockMux|deMux4:l1|deMux:first                    ; deMux                    ; work         ;
;                |deMuxBase:u[0]|                    ; 2 (2)               ; 0 (0)                     ; 0           ; 0          ; 0            ; 0       ; 0         ; 0    ; 0            ; 0          ; |pulseController|memory4c:u_widths|deMux8:gen_blockMux[2].blockMux|deMux4:l1|deMux:first|deMuxBase:u[0]     ; deMuxBase                ; work         ;
;                |deMuxBase:u[1]|                    ; 2 (2)               ; 0 (0)                     ; 0           ; 0          ; 0            ; 0       ; 0         ; 0    ; 0            ; 0          ; |pulseController|memory4c:u_widths|deMux8:gen_blockMux[2].blockMux|deMux4:l1|deMux:first|deMuxBase:u[1]     ; deMuxBase                ; work         ;
;                |deMuxBase:u[2]|                    ; 2 (2)               ; 0 (0)                     ; 0           ; 0          ; 0            ; 0       ; 0         ; 0    ; 0            ; 0          ; |pulseController|memory4c:u_widths|deMux8:gen_blockMux[2].blockMux|deMux4:l1|deMux:first|deMuxBase:u[2]     ; deMuxBase                ; work         ;
;                |deMuxBase:u[3]|                    ; 2 (2)               ; 0 (0)                     ; 0           ; 0          ; 0            ; 0       ; 0         ; 0    ; 0            ; 0          ; |pulseController|memory4c:u_widths|deMux8:gen_blockMux[2].blockMux|deMux4:l1|deMux:first|deMuxBase:u[3]     ; deMuxBase                ; work         ;
;                |deMuxBase:u[4]|                    ; 2 (2)               ; 0 (0)                     ; 0           ; 0          ; 0            ; 0       ; 0         ; 0    ; 0            ; 0          ; |pulseController|memory4c:u_widths|deMux8:gen_blockMux[2].blockMux|deMux4:l1|deMux:first|deMuxBase:u[4]     ; deMuxBase                ; work         ;
;                |deMuxBase:u[5]|                    ; 2 (2)               ; 0 (0)                     ; 0           ; 0          ; 0            ; 0       ; 0         ; 0    ; 0            ; 0          ; |pulseController|memory4c:u_widths|deMux8:gen_blockMux[2].blockMux|deMux4:l1|deMux:first|deMuxBase:u[5]     ; deMuxBase                ; work         ;
;                |deMuxBase:u[6]|                    ; 2 (2)               ; 0 (0)                     ; 0           ; 0          ; 0            ; 0       ; 0         ; 0    ; 0            ; 0          ; |pulseController|memory4c:u_widths|deMux8:gen_blockMux[2].blockMux|deMux4:l1|deMux:first|deMuxBase:u[6]     ; deMuxBase                ; work         ;
;                |deMuxBase:u[7]|                    ; 2 (2)               ; 0 (0)                     ; 0           ; 0          ; 0            ; 0       ; 0         ; 0    ; 0            ; 0          ; |pulseController|memory4c:u_widths|deMux8:gen_blockMux[2].blockMux|deMux4:l1|deMux:first|deMuxBase:u[7]     ; deMuxBase                ; work         ;
;          |deMux4:l2|                               ; 18 (0)              ; 0 (0)                     ; 0           ; 0          ; 0            ; 0       ; 0         ; 0    ; 0            ; 0          ; |pulseController|memory4c:u_widths|deMux8:gen_blockMux[2].blockMux|deMux4:l2                                ; deMux4                   ; work         ;
;             |deMux:first|                          ; 18 (0)              ; 0 (0)                     ; 0           ; 0          ; 0            ; 0       ; 0         ; 0    ; 0            ; 0          ; |pulseController|memory4c:u_widths|deMux8:gen_blockMux[2].blockMux|deMux4:l2|deMux:first                    ; deMux                    ; work         ;
;                |deMuxBase:u[0]|                    ; 2 (2)               ; 0 (0)                     ; 0           ; 0          ; 0            ; 0       ; 0         ; 0    ; 0            ; 0          ; |pulseController|memory4c:u_widths|deMux8:gen_blockMux[2].blockMux|deMux4:l2|deMux:first|deMuxBase:u[0]     ; deMuxBase                ; work         ;
;                |deMuxBase:u[1]|                    ; 2 (2)               ; 0 (0)                     ; 0           ; 0          ; 0            ; 0       ; 0         ; 0    ; 0            ; 0          ; |pulseController|memory4c:u_widths|deMux8:gen_blockMux[2].blockMux|deMux4:l2|deMux:first|deMuxBase:u[1]     ; deMuxBase                ; work         ;
;                |deMuxBase:u[2]|                    ; 2 (2)               ; 0 (0)                     ; 0           ; 0          ; 0            ; 0       ; 0         ; 0    ; 0            ; 0          ; |pulseController|memory4c:u_widths|deMux8:gen_blockMux[2].blockMux|deMux4:l2|deMux:first|deMuxBase:u[2]     ; deMuxBase                ; work         ;
;                |deMuxBase:u[3]|                    ; 2 (2)               ; 0 (0)                     ; 0           ; 0          ; 0            ; 0       ; 0         ; 0    ; 0            ; 0          ; |pulseController|memory4c:u_widths|deMux8:gen_blockMux[2].blockMux|deMux4:l2|deMux:first|deMuxBase:u[3]     ; deMuxBase                ; work         ;
;                |deMuxBase:u[4]|                    ; 2 (2)               ; 0 (0)                     ; 0           ; 0          ; 0            ; 0       ; 0         ; 0    ; 0            ; 0          ; |pulseController|memory4c:u_widths|deMux8:gen_blockMux[2].blockMux|deMux4:l2|deMux:first|deMuxBase:u[4]     ; deMuxBase                ; work         ;
;                |deMuxBase:u[5]|                    ; 2 (2)               ; 0 (0)                     ; 0           ; 0          ; 0            ; 0       ; 0         ; 0    ; 0            ; 0          ; |pulseController|memory4c:u_widths|deMux8:gen_blockMux[2].blockMux|deMux4:l2|deMux:first|deMuxBase:u[5]     ; deMuxBase                ; work         ;
;                |deMuxBase:u[6]|                    ; 2 (2)               ; 0 (0)                     ; 0           ; 0          ; 0            ; 0       ; 0         ; 0    ; 0            ; 0          ; |pulseController|memory4c:u_widths|deMux8:gen_blockMux[2].blockMux|deMux4:l2|deMux:first|deMuxBase:u[6]     ; deMuxBase                ; work         ;
;                |deMuxBase:u[7]|                    ; 4 (4)               ; 0 (0)                     ; 0           ; 0          ; 0            ; 0       ; 0         ; 0    ; 0            ; 0          ; |pulseController|memory4c:u_widths|deMux8:gen_blockMux[2].blockMux|deMux4:l2|deMux:first|deMuxBase:u[7]     ; deMuxBase                ; work         ;
;       |deMux8:gen_blockMux[3].blockMux|            ; 33 (0)              ; 0 (0)                     ; 0           ; 0          ; 0            ; 0       ; 0         ; 0    ; 0            ; 0          ; |pulseController|memory4c:u_widths|deMux8:gen_blockMux[3].blockMux                                          ; deMux8                   ; work         ;
;          |deMux4:l1|                               ; 16 (0)              ; 0 (0)                     ; 0           ; 0          ; 0            ; 0       ; 0         ; 0    ; 0            ; 0          ; |pulseController|memory4c:u_widths|deMux8:gen_blockMux[3].blockMux|deMux4:l1                                ; deMux4                   ; work         ;
;             |deMux:first|                          ; 16 (0)              ; 0 (0)                     ; 0           ; 0          ; 0            ; 0       ; 0         ; 0    ; 0            ; 0          ; |pulseController|memory4c:u_widths|deMux8:gen_blockMux[3].blockMux|deMux4:l1|deMux:first                    ; deMux                    ; work         ;
;                |deMuxBase:u[0]|                    ; 2 (2)               ; 0 (0)                     ; 0           ; 0          ; 0            ; 0       ; 0         ; 0    ; 0            ; 0          ; |pulseController|memory4c:u_widths|deMux8:gen_blockMux[3].blockMux|deMux4:l1|deMux:first|deMuxBase:u[0]     ; deMuxBase                ; work         ;
;                |deMuxBase:u[1]|                    ; 2 (2)               ; 0 (0)                     ; 0           ; 0          ; 0            ; 0       ; 0         ; 0    ; 0            ; 0          ; |pulseController|memory4c:u_widths|deMux8:gen_blockMux[3].blockMux|deMux4:l1|deMux:first|deMuxBase:u[1]     ; deMuxBase                ; work         ;
;                |deMuxBase:u[2]|                    ; 2 (2)               ; 0 (0)                     ; 0           ; 0          ; 0            ; 0       ; 0         ; 0    ; 0            ; 0          ; |pulseController|memory4c:u_widths|deMux8:gen_blockMux[3].blockMux|deMux4:l1|deMux:first|deMuxBase:u[2]     ; deMuxBase                ; work         ;
;                |deMuxBase:u[3]|                    ; 2 (2)               ; 0 (0)                     ; 0           ; 0          ; 0            ; 0       ; 0         ; 0    ; 0            ; 0          ; |pulseController|memory4c:u_widths|deMux8:gen_blockMux[3].blockMux|deMux4:l1|deMux:first|deMuxBase:u[3]     ; deMuxBase                ; work         ;
;                |deMuxBase:u[4]|                    ; 2 (2)               ; 0 (0)                     ; 0           ; 0          ; 0            ; 0       ; 0         ; 0    ; 0            ; 0          ; |pulseController|memory4c:u_widths|deMux8:gen_blockMux[3].blockMux|deMux4:l1|deMux:first|deMuxBase:u[4]     ; deMuxBase                ; work         ;
;                |deMuxBase:u[5]|                    ; 2 (2)               ; 0 (0)                     ; 0           ; 0          ; 0            ; 0       ; 0         ; 0    ; 0            ; 0          ; |pulseController|memory4c:u_widths|deMux8:gen_blockMux[3].blockMux|deMux4:l1|deMux:first|deMuxBase:u[5]     ; deMuxBase                ; work         ;
;                |deMuxBase:u[6]|                    ; 2 (2)               ; 0 (0)                     ; 0           ; 0          ; 0            ; 0       ; 0         ; 0    ; 0            ; 0          ; |pulseController|memory4c:u_widths|deMux8:gen_blockMux[3].blockMux|deMux4:l1|deMux:first|deMuxBase:u[6]     ; deMuxBase                ; work         ;
;                |deMuxBase:u[7]|                    ; 2 (2)               ; 0 (0)                     ; 0           ; 0          ; 0            ; 0       ; 0         ; 0    ; 0            ; 0          ; |pulseController|memory4c:u_widths|deMux8:gen_blockMux[3].blockMux|deMux4:l1|deMux:first|deMuxBase:u[7]     ; deMuxBase                ; work         ;
;          |deMux4:l2|                               ; 17 (0)              ; 0 (0)                     ; 0           ; 0          ; 0            ; 0       ; 0         ; 0    ; 0            ; 0          ; |pulseController|memory4c:u_widths|deMux8:gen_blockMux[3].blockMux|deMux4:l2                                ; deMux4                   ; work         ;
;             |deMux:first|                          ; 17 (0)              ; 0 (0)                     ; 0           ; 0          ; 0            ; 0       ; 0         ; 0    ; 0            ; 0          ; |pulseController|memory4c:u_widths|deMux8:gen_blockMux[3].blockMux|deMux4:l2|deMux:first                    ; deMux                    ; work         ;
;                |deMuxBase:u[0]|                    ; 2 (2)               ; 0 (0)                     ; 0           ; 0          ; 0            ; 0       ; 0         ; 0    ; 0            ; 0          ; |pulseController|memory4c:u_widths|deMux8:gen_blockMux[3].blockMux|deMux4:l2|deMux:first|deMuxBase:u[0]     ; deMuxBase                ; work         ;
;                |deMuxBase:u[1]|                    ; 2 (2)               ; 0 (0)                     ; 0           ; 0          ; 0            ; 0       ; 0         ; 0    ; 0            ; 0          ; |pulseController|memory4c:u_widths|deMux8:gen_blockMux[3].blockMux|deMux4:l2|deMux:first|deMuxBase:u[1]     ; deMuxBase                ; work         ;
;                |deMuxBase:u[2]|                    ; 2 (2)               ; 0 (0)                     ; 0           ; 0          ; 0            ; 0       ; 0         ; 0    ; 0            ; 0          ; |pulseController|memory4c:u_widths|deMux8:gen_blockMux[3].blockMux|deMux4:l2|deMux:first|deMuxBase:u[2]     ; deMuxBase                ; work         ;
;                |deMuxBase:u[3]|                    ; 2 (2)               ; 0 (0)                     ; 0           ; 0          ; 0            ; 0       ; 0         ; 0    ; 0            ; 0          ; |pulseController|memory4c:u_widths|deMux8:gen_blockMux[3].blockMux|deMux4:l2|deMux:first|deMuxBase:u[3]     ; deMuxBase                ; work         ;
;                |deMuxBase:u[4]|                    ; 2 (2)               ; 0 (0)                     ; 0           ; 0          ; 0            ; 0       ; 0         ; 0    ; 0            ; 0          ; |pulseController|memory4c:u_widths|deMux8:gen_blockMux[3].blockMux|deMux4:l2|deMux:first|deMuxBase:u[4]     ; deMuxBase                ; work         ;
;                |deMuxBase:u[5]|                    ; 2 (2)               ; 0 (0)                     ; 0           ; 0          ; 0            ; 0       ; 0         ; 0    ; 0            ; 0          ; |pulseController|memory4c:u_widths|deMux8:gen_blockMux[3].blockMux|deMux4:l2|deMux:first|deMuxBase:u[5]     ; deMuxBase                ; work         ;
;                |deMuxBase:u[6]|                    ; 2 (2)               ; 0 (0)                     ; 0           ; 0          ; 0            ; 0       ; 0         ; 0    ; 0            ; 0          ; |pulseController|memory4c:u_widths|deMux8:gen_blockMux[3].blockMux|deMux4:l2|deMux:first|deMuxBase:u[6]     ; deMuxBase                ; work         ;
;                |deMuxBase:u[7]|                    ; 3 (3)               ; 0 (0)                     ; 0           ; 0          ; 0            ; 0       ; 0         ; 0    ; 0            ; 0          ; |pulseController|memory4c:u_widths|deMux8:gen_blockMux[3].blockMux|deMux4:l2|deMux:first|deMuxBase:u[7]     ; deMuxBase                ; work         ;
;       |deMux8:gen_blockRoute[0].blockRoute|        ; 9 (0)               ; 0 (0)                     ; 0           ; 0          ; 0            ; 0       ; 0         ; 0    ; 0            ; 0          ; |pulseController|memory4c:u_widths|deMux8:gen_blockRoute[0].blockRoute                                      ; deMux8                   ; work         ;
;          |deMux4:l1|                               ; 4 (0)               ; 0 (0)                     ; 0           ; 0          ; 0            ; 0       ; 0         ; 0    ; 0            ; 0          ; |pulseController|memory4c:u_widths|deMux8:gen_blockRoute[0].blockRoute|deMux4:l1                            ; deMux4                   ; work         ;
;             |deMux:l1|                             ; 2 (0)               ; 0 (0)                     ; 0           ; 0          ; 0            ; 0       ; 0         ; 0    ; 0            ; 0          ; |pulseController|memory4c:u_widths|deMux8:gen_blockRoute[0].blockRoute|deMux4:l1|deMux:l1                   ; deMux                    ; work         ;
;                |deMuxBase:u[0]|                    ; 2 (2)               ; 0 (0)                     ; 0           ; 0          ; 0            ; 0       ; 0         ; 0    ; 0            ; 0          ; |pulseController|memory4c:u_widths|deMux8:gen_blockRoute[0].blockRoute|deMux4:l1|deMux:l1|deMuxBase:u[0]    ; deMuxBase                ; work         ;
;             |deMux:l2|                             ; 2 (0)               ; 0 (0)                     ; 0           ; 0          ; 0            ; 0       ; 0         ; 0    ; 0            ; 0          ; |pulseController|memory4c:u_widths|deMux8:gen_blockRoute[0].blockRoute|deMux4:l1|deMux:l2                   ; deMux                    ; work         ;
;                |deMuxBase:u[0]|                    ; 2 (2)               ; 0 (0)                     ; 0           ; 0          ; 0            ; 0       ; 0         ; 0    ; 0            ; 0          ; |pulseController|memory4c:u_widths|deMux8:gen_blockRoute[0].blockRoute|deMux4:l1|deMux:l2|deMuxBase:u[0]    ; deMuxBase                ; work         ;
;          |deMux4:l2|                               ; 5 (0)               ; 0 (0)                     ; 0           ; 0          ; 0            ; 0       ; 0         ; 0    ; 0            ; 0          ; |pulseController|memory4c:u_widths|deMux8:gen_blockRoute[0].blockRoute|deMux4:l2                            ; deMux4                   ; work         ;
;             |deMux:first|                          ; 1 (0)               ; 0 (0)                     ; 0           ; 0          ; 0            ; 0       ; 0         ; 0    ; 0            ; 0          ; |pulseController|memory4c:u_widths|deMux8:gen_blockRoute[0].blockRoute|deMux4:l2|deMux:first                ; deMux                    ; work         ;
;                |deMuxBase:u[0]|                    ; 1 (1)               ; 0 (0)                     ; 0           ; 0          ; 0            ; 0       ; 0         ; 0    ; 0            ; 0          ; |pulseController|memory4c:u_widths|deMux8:gen_blockRoute[0].blockRoute|deMux4:l2|deMux:first|deMuxBase:u[0] ; deMuxBase                ; work         ;
;             |deMux:l1|                             ; 2 (0)               ; 0 (0)                     ; 0           ; 0          ; 0            ; 0       ; 0         ; 0    ; 0            ; 0          ; |pulseController|memory4c:u_widths|deMux8:gen_blockRoute[0].blockRoute|deMux4:l2|deMux:l1                   ; deMux                    ; work         ;
;                |deMuxBase:u[0]|                    ; 2 (2)               ; 0 (0)                     ; 0           ; 0          ; 0            ; 0       ; 0         ; 0    ; 0            ; 0          ; |pulseController|memory4c:u_widths|deMux8:gen_blockRoute[0].blockRoute|deMux4:l2|deMux:l1|deMuxBase:u[0]    ; deMuxBase                ; work         ;
;             |deMux:l2|                             ; 2 (0)               ; 0 (0)                     ; 0           ; 0          ; 0            ; 0       ; 0         ; 0    ; 0            ; 0          ; |pulseController|memory4c:u_widths|deMux8:gen_blockRoute[0].blockRoute|deMux4:l2|deMux:l2                   ; deMux                    ; work         ;
;                |deMuxBase:u[0]|                    ; 2 (2)               ; 0 (0)                     ; 0           ; 0          ; 0            ; 0       ; 0         ; 0    ; 0            ; 0          ; |pulseController|memory4c:u_widths|deMux8:gen_blockRoute[0].blockRoute|deMux4:l2|deMux:l2|deMuxBase:u[0]    ; deMuxBase                ; work         ;
;       |deMux8:gen_blockRoute[1].blockRoute|        ; 10 (0)              ; 0 (0)                     ; 0           ; 0          ; 0            ; 0       ; 0         ; 0    ; 0            ; 0          ; |pulseController|memory4c:u_widths|deMux8:gen_blockRoute[1].blockRoute                                      ; deMux8                   ; work         ;
;          |deMux4:l1|                               ; 4 (0)               ; 0 (0)                     ; 0           ; 0          ; 0            ; 0       ; 0         ; 0    ; 0            ; 0          ; |pulseController|memory4c:u_widths|deMux8:gen_blockRoute[1].blockRoute|deMux4:l1                            ; deMux4                   ; work         ;
;             |deMux:l1|                             ; 2 (0)               ; 0 (0)                     ; 0           ; 0          ; 0            ; 0       ; 0         ; 0    ; 0            ; 0          ; |pulseController|memory4c:u_widths|deMux8:gen_blockRoute[1].blockRoute|deMux4:l1|deMux:l1                   ; deMux                    ; work         ;
;                |deMuxBase:u[0]|                    ; 2 (2)               ; 0 (0)                     ; 0           ; 0          ; 0            ; 0       ; 0         ; 0    ; 0            ; 0          ; |pulseController|memory4c:u_widths|deMux8:gen_blockRoute[1].blockRoute|deMux4:l1|deMux:l1|deMuxBase:u[0]    ; deMuxBase                ; work         ;
;             |deMux:l2|                             ; 2 (0)               ; 0 (0)                     ; 0           ; 0          ; 0            ; 0       ; 0         ; 0    ; 0            ; 0          ; |pulseController|memory4c:u_widths|deMux8:gen_blockRoute[1].blockRoute|deMux4:l1|deMux:l2                   ; deMux                    ; work         ;
;                |deMuxBase:u[0]|                    ; 2 (2)               ; 0 (0)                     ; 0           ; 0          ; 0            ; 0       ; 0         ; 0    ; 0            ; 0          ; |pulseController|memory4c:u_widths|deMux8:gen_blockRoute[1].blockRoute|deMux4:l1|deMux:l2|deMuxBase:u[0]    ; deMuxBase                ; work         ;
;          |deMux4:l2|                               ; 6 (0)               ; 0 (0)                     ; 0           ; 0          ; 0            ; 0       ; 0         ; 0    ; 0            ; 0          ; |pulseController|memory4c:u_widths|deMux8:gen_blockRoute[1].blockRoute|deMux4:l2                            ; deMux4                   ; work         ;
;             |deMux:first|                          ; 2 (0)               ; 0 (0)                     ; 0           ; 0          ; 0            ; 0       ; 0         ; 0    ; 0            ; 0          ; |pulseController|memory4c:u_widths|deMux8:gen_blockRoute[1].blockRoute|deMux4:l2|deMux:first                ; deMux                    ; work         ;
;                |deMuxBase:u[0]|                    ; 2 (2)               ; 0 (0)                     ; 0           ; 0          ; 0            ; 0       ; 0         ; 0    ; 0            ; 0          ; |pulseController|memory4c:u_widths|deMux8:gen_blockRoute[1].blockRoute|deMux4:l2|deMux:first|deMuxBase:u[0] ; deMuxBase                ; work         ;
;             |deMux:l1|                             ; 2 (0)               ; 0 (0)                     ; 0           ; 0          ; 0            ; 0       ; 0         ; 0    ; 0            ; 0          ; |pulseController|memory4c:u_widths|deMux8:gen_blockRoute[1].blockRoute|deMux4:l2|deMux:l1                   ; deMux                    ; work         ;
;                |deMuxBase:u[0]|                    ; 2 (2)               ; 0 (0)                     ; 0           ; 0          ; 0            ; 0       ; 0         ; 0    ; 0            ; 0          ; |pulseController|memory4c:u_widths|deMux8:gen_blockRoute[1].blockRoute|deMux4:l2|deMux:l1|deMuxBase:u[0]    ; deMuxBase                ; work         ;
;             |deMux:l2|                             ; 2 (0)               ; 0 (0)                     ; 0           ; 0          ; 0            ; 0       ; 0         ; 0    ; 0            ; 0          ; |pulseController|memory4c:u_widths|deMux8:gen_blockRoute[1].blockRoute|deMux4:l2|deMux:l2                   ; deMux                    ; work         ;
;                |deMuxBase:u[0]|                    ; 2 (2)               ; 0 (0)                     ; 0           ; 0          ; 0            ; 0       ; 0         ; 0    ; 0            ; 0          ; |pulseController|memory4c:u_widths|deMux8:gen_blockRoute[1].blockRoute|deMux4:l2|deMux:l2|deMuxBase:u[0]    ; deMuxBase                ; work         ;
;       |deMux8:gen_blockRoute[2].blockRoute|        ; 8 (0)               ; 0 (0)                     ; 0           ; 0          ; 0            ; 0       ; 0         ; 0    ; 0            ; 0          ; |pulseController|memory4c:u_widths|deMux8:gen_blockRoute[2].blockRoute                                      ; deMux8                   ; work         ;
;          |deMux4:l1|                               ; 4 (0)               ; 0 (0)                     ; 0           ; 0          ; 0            ; 0       ; 0         ; 0    ; 0            ; 0          ; |pulseController|memory4c:u_widths|deMux8:gen_blockRoute[2].blockRoute|deMux4:l1                            ; deMux4                   ; work         ;
;             |deMux:l1|                             ; 2 (0)               ; 0 (0)                     ; 0           ; 0          ; 0            ; 0       ; 0         ; 0    ; 0            ; 0          ; |pulseController|memory4c:u_widths|deMux8:gen_blockRoute[2].blockRoute|deMux4:l1|deMux:l1                   ; deMux                    ; work         ;
;                |deMuxBase:u[0]|                    ; 2 (2)               ; 0 (0)                     ; 0           ; 0          ; 0            ; 0       ; 0         ; 0    ; 0            ; 0          ; |pulseController|memory4c:u_widths|deMux8:gen_blockRoute[2].blockRoute|deMux4:l1|deMux:l1|deMuxBase:u[0]    ; deMuxBase                ; work         ;
;             |deMux:l2|                             ; 2 (0)               ; 0 (0)                     ; 0           ; 0          ; 0            ; 0       ; 0         ; 0    ; 0            ; 0          ; |pulseController|memory4c:u_widths|deMux8:gen_blockRoute[2].blockRoute|deMux4:l1|deMux:l2                   ; deMux                    ; work         ;
;                |deMuxBase:u[0]|                    ; 2 (2)               ; 0 (0)                     ; 0           ; 0          ; 0            ; 0       ; 0         ; 0    ; 0            ; 0          ; |pulseController|memory4c:u_widths|deMux8:gen_blockRoute[2].blockRoute|deMux4:l1|deMux:l2|deMuxBase:u[0]    ; deMuxBase                ; work         ;
;          |deMux4:l2|                               ; 4 (0)               ; 0 (0)                     ; 0           ; 0          ; 0            ; 0       ; 0         ; 0    ; 0            ; 0          ; |pulseController|memory4c:u_widths|deMux8:gen_blockRoute[2].blockRoute|deMux4:l2                            ; deMux4                   ; work         ;
;             |deMux:l1|                             ; 2 (0)               ; 0 (0)                     ; 0           ; 0          ; 0            ; 0       ; 0         ; 0    ; 0            ; 0          ; |pulseController|memory4c:u_widths|deMux8:gen_blockRoute[2].blockRoute|deMux4:l2|deMux:l1                   ; deMux                    ; work         ;
;                |deMuxBase:u[0]|                    ; 2 (2)               ; 0 (0)                     ; 0           ; 0          ; 0            ; 0       ; 0         ; 0    ; 0            ; 0          ; |pulseController|memory4c:u_widths|deMux8:gen_blockRoute[2].blockRoute|deMux4:l2|deMux:l1|deMuxBase:u[0]    ; deMuxBase                ; work         ;
;             |deMux:l2|                             ; 2 (0)               ; 0 (0)                     ; 0           ; 0          ; 0            ; 0       ; 0         ; 0    ; 0            ; 0          ; |pulseController|memory4c:u_widths|deMux8:gen_blockRoute[2].blockRoute|deMux4:l2|deMux:l2                   ; deMux                    ; work         ;
;                |deMuxBase:u[0]|                    ; 2 (2)               ; 0 (0)                     ; 0           ; 0          ; 0            ; 0       ; 0         ; 0    ; 0            ; 0          ; |pulseController|memory4c:u_widths|deMux8:gen_blockRoute[2].blockRoute|deMux4:l2|deMux:l2|deMuxBase:u[0]    ; deMuxBase                ; work         ;
;       |deMux8:gen_blockRoute[3].blockRoute|        ; 9 (0)               ; 0 (0)                     ; 0           ; 0          ; 0            ; 0       ; 0         ; 0    ; 0            ; 0          ; |pulseController|memory4c:u_widths|deMux8:gen_blockRoute[3].blockRoute                                      ; deMux8                   ; work         ;
;          |deMux4:l1|                               ; 4 (0)               ; 0 (0)                     ; 0           ; 0          ; 0            ; 0       ; 0         ; 0    ; 0            ; 0          ; |pulseController|memory4c:u_widths|deMux8:gen_blockRoute[3].blockRoute|deMux4:l1                            ; deMux4                   ; work         ;
;             |deMux:l1|                             ; 2 (0)               ; 0 (0)                     ; 0           ; 0          ; 0            ; 0       ; 0         ; 0    ; 0            ; 0          ; |pulseController|memory4c:u_widths|deMux8:gen_blockRoute[3].blockRoute|deMux4:l1|deMux:l1                   ; deMux                    ; work         ;
;                |deMuxBase:u[0]|                    ; 2 (2)               ; 0 (0)                     ; 0           ; 0          ; 0            ; 0       ; 0         ; 0    ; 0            ; 0          ; |pulseController|memory4c:u_widths|deMux8:gen_blockRoute[3].blockRoute|deMux4:l1|deMux:l1|deMuxBase:u[0]    ; deMuxBase                ; work         ;
;             |deMux:l2|                             ; 2 (0)               ; 0 (0)                     ; 0           ; 0          ; 0            ; 0       ; 0         ; 0    ; 0            ; 0          ; |pulseController|memory4c:u_widths|deMux8:gen_blockRoute[3].blockRoute|deMux4:l1|deMux:l2                   ; deMux                    ; work         ;
;                |deMuxBase:u[0]|                    ; 2 (2)               ; 0 (0)                     ; 0           ; 0          ; 0            ; 0       ; 0         ; 0    ; 0            ; 0          ; |pulseController|memory4c:u_widths|deMux8:gen_blockRoute[3].blockRoute|deMux4:l1|deMux:l2|deMuxBase:u[0]    ; deMuxBase                ; work         ;
;          |deMux4:l2|                               ; 5 (0)               ; 0 (0)                     ; 0           ; 0          ; 0            ; 0       ; 0         ; 0    ; 0            ; 0          ; |pulseController|memory4c:u_widths|deMux8:gen_blockRoute[3].blockRoute|deMux4:l2                            ; deMux4                   ; work         ;
;             |deMux:first|                          ; 1 (0)               ; 0 (0)                     ; 0           ; 0          ; 0            ; 0       ; 0         ; 0    ; 0            ; 0          ; |pulseController|memory4c:u_widths|deMux8:gen_blockRoute[3].blockRoute|deMux4:l2|deMux:first                ; deMux                    ; work         ;
;                |deMuxBase:u[0]|                    ; 1 (1)               ; 0 (0)                     ; 0           ; 0          ; 0            ; 0       ; 0         ; 0    ; 0            ; 0          ; |pulseController|memory4c:u_widths|deMux8:gen_blockRoute[3].blockRoute|deMux4:l2|deMux:first|deMuxBase:u[0] ; deMuxBase                ; work         ;
;             |deMux:l1|                             ; 2 (0)               ; 0 (0)                     ; 0           ; 0          ; 0            ; 0       ; 0         ; 0    ; 0            ; 0          ; |pulseController|memory4c:u_widths|deMux8:gen_blockRoute[3].blockRoute|deMux4:l2|deMux:l1                   ; deMux                    ; work         ;
;                |deMuxBase:u[0]|                    ; 2 (2)               ; 0 (0)                     ; 0           ; 0          ; 0            ; 0       ; 0         ; 0    ; 0            ; 0          ; |pulseController|memory4c:u_widths|deMux8:gen_blockRoute[3].blockRoute|deMux4:l2|deMux:l1|deMuxBase:u[0]    ; deMuxBase                ; work         ;
;             |deMux:l2|                             ; 2 (0)               ; 0 (0)                     ; 0           ; 0          ; 0            ; 0       ; 0         ; 0    ; 0            ; 0          ; |pulseController|memory4c:u_widths|deMux8:gen_blockRoute[3].blockRoute|deMux4:l2|deMux:l2                   ; deMux                    ; work         ;
;                |deMuxBase:u[0]|                    ; 2 (2)               ; 0 (0)                     ; 0           ; 0          ; 0            ; 0       ; 0         ; 0    ; 0            ; 0          ; |pulseController|memory4c:u_widths|deMux8:gen_blockRoute[3].blockRoute|deMux4:l2|deMux:l2|deMuxBase:u[0]    ; deMuxBase                ; work         ;
;       |mux4:memChannelOutput|                      ; 160 (0)             ; 0 (0)                     ; 0           ; 0          ; 0            ; 0       ; 0         ; 0    ; 0            ; 0          ; |pulseController|memory4c:u_widths|mux4:memChannelOutput                                                    ; mux4                     ; work         ;
;          |mux:final|                               ; 160 (0)             ; 0 (0)                     ; 0           ; 0          ; 0            ; 0       ; 0         ; 0    ; 0            ; 0          ; |pulseController|memory4c:u_widths|mux4:memChannelOutput|mux:final                                          ; mux                      ; work         ;
;             |muxBase:mine[0]|                      ; 20 (20)             ; 0 (0)                     ; 0           ; 0          ; 0            ; 0       ; 0         ; 0    ; 0            ; 0          ; |pulseController|memory4c:u_widths|mux4:memChannelOutput|mux:final|muxBase:mine[0]                          ; muxBase                  ; work         ;
;             |muxBase:mine[1]|                      ; 20 (20)             ; 0 (0)                     ; 0           ; 0          ; 0            ; 0       ; 0         ; 0    ; 0            ; 0          ; |pulseController|memory4c:u_widths|mux4:memChannelOutput|mux:final|muxBase:mine[1]                          ; muxBase                  ; work         ;
;             |muxBase:mine[2]|                      ; 20 (20)             ; 0 (0)                     ; 0           ; 0          ; 0            ; 0       ; 0         ; 0    ; 0            ; 0          ; |pulseController|memory4c:u_widths|mux4:memChannelOutput|mux:final|muxBase:mine[2]                          ; muxBase                  ; work         ;
;             |muxBase:mine[3]|                      ; 20 (20)             ; 0 (0)                     ; 0           ; 0          ; 0            ; 0       ; 0         ; 0    ; 0            ; 0          ; |pulseController|memory4c:u_widths|mux4:memChannelOutput|mux:final|muxBase:mine[3]                          ; muxBase                  ; work         ;
;             |muxBase:mine[4]|                      ; 20 (20)             ; 0 (0)                     ; 0           ; 0          ; 0            ; 0       ; 0         ; 0    ; 0            ; 0          ; |pulseController|memory4c:u_widths|mux4:memChannelOutput|mux:final|muxBase:mine[4]                          ; muxBase                  ; work         ;
;             |muxBase:mine[5]|                      ; 20 (20)             ; 0 (0)                     ; 0           ; 0          ; 0            ; 0       ; 0         ; 0    ; 0            ; 0          ; |pulseController|memory4c:u_widths|mux4:memChannelOutput|mux:final|muxBase:mine[5]                          ; muxBase                  ; work         ;
;             |muxBase:mine[6]|                      ; 20 (20)             ; 0 (0)                     ; 0           ; 0          ; 0            ; 0       ; 0         ; 0    ; 0            ; 0          ; |pulseController|memory4c:u_widths|mux4:memChannelOutput|mux:final|muxBase:mine[6]                          ; muxBase                  ; work         ;
;             |muxBase:mine[7]|                      ; 20 (20)             ; 0 (0)                     ; 0           ; 0          ; 0            ; 0       ; 0         ; 0    ; 0            ; 0          ; |pulseController|memory4c:u_widths|mux4:memChannelOutput|mux:final|muxBase:mine[7]                          ; muxBase                  ; work         ;
;       |storage:block[0]|                           ; 0 (0)               ; 8 (8)                     ; 0           ; 0          ; 0            ; 0       ; 0         ; 0    ; 0            ; 0          ; |pulseController|memory4c:u_widths|storage:block[0]                                                         ; storage                  ; work         ;
;       |storage:block[10]|                          ; 0 (0)               ; 8 (8)                     ; 0           ; 0          ; 0            ; 0       ; 0         ; 0    ; 0            ; 0          ; |pulseController|memory4c:u_widths|storage:block[10]                                                        ; storage                  ; work         ;
;       |storage:block[11]|                          ; 0 (0)               ; 8 (8)                     ; 0           ; 0          ; 0            ; 0       ; 0         ; 0    ; 0            ; 0          ; |pulseController|memory4c:u_widths|storage:block[11]                                                        ; storage                  ; work         ;
;       |storage:block[12]|                          ; 0 (0)               ; 8 (8)                     ; 0           ; 0          ; 0            ; 0       ; 0         ; 0    ; 0            ; 0          ; |pulseController|memory4c:u_widths|storage:block[12]                                                        ; storage                  ; work         ;
;       |storage:block[13]|                          ; 0 (0)               ; 8 (8)                     ; 0           ; 0          ; 0            ; 0       ; 0         ; 0    ; 0            ; 0          ; |pulseController|memory4c:u_widths|storage:block[13]                                                        ; storage                  ; work         ;
;       |storage:block[14]|                          ; 0 (0)               ; 8 (8)                     ; 0           ; 0          ; 0            ; 0       ; 0         ; 0    ; 0            ; 0          ; |pulseController|memory4c:u_widths|storage:block[14]                                                        ; storage                  ; work         ;
;       |storage:block[15]|                          ; 0 (0)               ; 8 (8)                     ; 0           ; 0          ; 0            ; 0       ; 0         ; 0    ; 0            ; 0          ; |pulseController|memory4c:u_widths|storage:block[15]                                                        ; storage                  ; work         ;
;       |storage:block[16]|                          ; 0 (0)               ; 8 (8)                     ; 0           ; 0          ; 0            ; 0       ; 0         ; 0    ; 0            ; 0          ; |pulseController|memory4c:u_widths|storage:block[16]                                                        ; storage                  ; work         ;
;       |storage:block[17]|                          ; 0 (0)               ; 8 (8)                     ; 0           ; 0          ; 0            ; 0       ; 0         ; 0    ; 0            ; 0          ; |pulseController|memory4c:u_widths|storage:block[17]                                                        ; storage                  ; work         ;
;       |storage:block[18]|                          ; 0 (0)               ; 8 (8)                     ; 0           ; 0          ; 0            ; 0       ; 0         ; 0    ; 0            ; 0          ; |pulseController|memory4c:u_widths|storage:block[18]                                                        ; storage                  ; work         ;
;       |storage:block[19]|                          ; 0 (0)               ; 8 (8)                     ; 0           ; 0          ; 0            ; 0       ; 0         ; 0    ; 0            ; 0          ; |pulseController|memory4c:u_widths|storage:block[19]                                                        ; storage                  ; work         ;
;       |storage:block[1]|                           ; 0 (0)               ; 8 (8)                     ; 0           ; 0          ; 0            ; 0       ; 0         ; 0    ; 0            ; 0          ; |pulseController|memory4c:u_widths|storage:block[1]                                                         ; storage                  ; work         ;
;       |storage:block[20]|                          ; 0 (0)               ; 8 (8)                     ; 0           ; 0          ; 0            ; 0       ; 0         ; 0    ; 0            ; 0          ; |pulseController|memory4c:u_widths|storage:block[20]                                                        ; storage                  ; work         ;
;       |storage:block[21]|                          ; 0 (0)               ; 8 (8)                     ; 0           ; 0          ; 0            ; 0       ; 0         ; 0    ; 0            ; 0          ; |pulseController|memory4c:u_widths|storage:block[21]                                                        ; storage                  ; work         ;
;       |storage:block[22]|                          ; 0 (0)               ; 8 (8)                     ; 0           ; 0          ; 0            ; 0       ; 0         ; 0    ; 0            ; 0          ; |pulseController|memory4c:u_widths|storage:block[22]                                                        ; storage                  ; work         ;
;       |storage:block[23]|                          ; 0 (0)               ; 8 (8)                     ; 0           ; 0          ; 0            ; 0       ; 0         ; 0    ; 0            ; 0          ; |pulseController|memory4c:u_widths|storage:block[23]                                                        ; storage                  ; work         ;
;       |storage:block[24]|                          ; 0 (0)               ; 8 (8)                     ; 0           ; 0          ; 0            ; 0       ; 0         ; 0    ; 0            ; 0          ; |pulseController|memory4c:u_widths|storage:block[24]                                                        ; storage                  ; work         ;
;       |storage:block[25]|                          ; 0 (0)               ; 8 (8)                     ; 0           ; 0          ; 0            ; 0       ; 0         ; 0    ; 0            ; 0          ; |pulseController|memory4c:u_widths|storage:block[25]                                                        ; storage                  ; work         ;
;       |storage:block[26]|                          ; 0 (0)               ; 8 (8)                     ; 0           ; 0          ; 0            ; 0       ; 0         ; 0    ; 0            ; 0          ; |pulseController|memory4c:u_widths|storage:block[26]                                                        ; storage                  ; work         ;
;       |storage:block[27]|                          ; 0 (0)               ; 8 (8)                     ; 0           ; 0          ; 0            ; 0       ; 0         ; 0    ; 0            ; 0          ; |pulseController|memory4c:u_widths|storage:block[27]                                                        ; storage                  ; work         ;
;       |storage:block[28]|                          ; 0 (0)               ; 8 (8)                     ; 0           ; 0          ; 0            ; 0       ; 0         ; 0    ; 0            ; 0          ; |pulseController|memory4c:u_widths|storage:block[28]                                                        ; storage                  ; work         ;
;       |storage:block[29]|                          ; 0 (0)               ; 8 (8)                     ; 0           ; 0          ; 0            ; 0       ; 0         ; 0    ; 0            ; 0          ; |pulseController|memory4c:u_widths|storage:block[29]                                                        ; storage                  ; work         ;
;       |storage:block[2]|                           ; 0 (0)               ; 8 (8)                     ; 0           ; 0          ; 0            ; 0       ; 0         ; 0    ; 0            ; 0          ; |pulseController|memory4c:u_widths|storage:block[2]                                                         ; storage                  ; work         ;
;       |storage:block[30]|                          ; 0 (0)               ; 8 (8)                     ; 0           ; 0          ; 0            ; 0       ; 0         ; 0    ; 0            ; 0          ; |pulseController|memory4c:u_widths|storage:block[30]                                                        ; storage                  ; work         ;
;       |storage:block[31]|                          ; 0 (0)               ; 8 (8)                     ; 0           ; 0          ; 0            ; 0       ; 0         ; 0    ; 0            ; 0          ; |pulseController|memory4c:u_widths|storage:block[31]                                                        ; storage                  ; work         ;
;       |storage:block[3]|                           ; 0 (0)               ; 8 (8)                     ; 0           ; 0          ; 0            ; 0       ; 0         ; 0    ; 0            ; 0          ; |pulseController|memory4c:u_widths|storage:block[3]                                                         ; storage                  ; work         ;
;       |storage:block[4]|                           ; 0 (0)               ; 8 (8)                     ; 0           ; 0          ; 0            ; 0       ; 0         ; 0    ; 0            ; 0          ; |pulseController|memory4c:u_widths|storage:block[4]                                                         ; storage                  ; work         ;
;       |storage:block[5]|                           ; 0 (0)               ; 8 (8)                     ; 0           ; 0          ; 0            ; 0       ; 0         ; 0    ; 0            ; 0          ; |pulseController|memory4c:u_widths|storage:block[5]                                                         ; storage                  ; work         ;
;       |storage:block[6]|                           ; 0 (0)               ; 8 (8)                     ; 0           ; 0          ; 0            ; 0       ; 0         ; 0    ; 0            ; 0          ; |pulseController|memory4c:u_widths|storage:block[6]                                                         ; storage                  ; work         ;
;       |storage:block[7]|                           ; 0 (0)               ; 8 (8)                     ; 0           ; 0          ; 0            ; 0       ; 0         ; 0    ; 0            ; 0          ; |pulseController|memory4c:u_widths|storage:block[7]                                                         ; storage                  ; work         ;
;       |storage:block[8]|                           ; 0 (0)               ; 8 (8)                     ; 0           ; 0          ; 0            ; 0       ; 0         ; 0    ; 0            ; 0          ; |pulseController|memory4c:u_widths|storage:block[8]                                                         ; storage                  ; work         ;
;       |storage:block[9]|                           ; 0 (0)               ; 8 (8)                     ; 0           ; 0          ; 0            ; 0       ; 0         ; 0    ; 0            ; 0          ; |pulseController|memory4c:u_widths|storage:block[9]                                                         ; storage                  ; work         ;
;    |pulseHandler:u_pc|                             ; 972 (972)           ; 1078 (1078)               ; 0           ; 0          ; 0            ; 0       ; 0         ; 0    ; 0            ; 0          ; |pulseController|pulseHandler:u_pc                                                                          ; pulseHandler             ; work         ;
;    |uart:u_uart|                                   ; 88 (88)             ; 79 (79)                   ; 0           ; 0          ; 0            ; 0       ; 0         ; 0    ; 0            ; 0          ; |pulseController|uart:u_uart                                                                                ; uart                     ; work         ;
;    |usb_cmd_gateway:u_cmd|                         ; 86 (86)             ; 85 (85)                   ; 0           ; 0          ; 0            ; 0       ; 0         ; 0    ; 0            ; 0          ; |pulseController|usb_cmd_gateway:u_cmd                                                                      ; usb_cmd_gateway          ; work         ;
+----------------------------------------------------+---------------------+---------------------------+-------------+------------+--------------+---------+-----------+------+--------------+------------+-------------------------------------------------------------------------------------------------------------+--------------------------+--------------+
Note: For table entries with two numbers listed, the numbers in parentheses indicate the number of resources of the given type used by the specific entity alone. The numbers listed outside of parentheses indicate the total resources of the given type used by the specific entity and all of its sub-entities in the hierarchy.


+--------------------------------------------------------------------------------------------------------------------------------+
; Analysis & Synthesis IP Cores Summary                                                                                          ;
+--------+--------------+---------+--------------+--------------+------------------------------------------+---------------------+
; Vendor ; IP Core Name ; Version ; Release Date ; License Type ; Entity Instance                          ; IP Include File     ;
+--------+--------------+---------+--------------+--------------+------------------------------------------+---------------------+
; Altera ; ALTPLL       ; 22.1    ; N/A          ; N/A          ; |pulseController|clk_pll_10_to_50:wiz_1  ; clk_pll_10_to_50.v  ;
; Altera ; ALTPLL       ; 22.1    ; N/A          ; N/A          ; |pulseController|clk_pll_50_to_200:wiz_2 ; clk_pll_50_to_200.v ;
+--------+--------------+---------+--------------+--------------+------------------------------------------+---------------------+


Encoding Type:  One-Hot
+--------------------------------------------------------------------------------------------------------------------------+
; State Machine - |pulseController|pulseHandler:u_pc|state                                                                 ;
+-------------------+-------------+---------------+------------------+-------------------+------------------+--------------+
; Name              ; state.S_RUN ; state.S_ARMED ; state.S_LOAD_CAP ; state.S_LOAD_WAIT ; state.S_LOAD_SET ; state.S_IDLE ;
+-------------------+-------------+---------------+------------------+-------------------+------------------+--------------+
; state.S_IDLE      ; 0           ; 0             ; 0                ; 0                 ; 0                ; 0            ;
; state.S_LOAD_SET  ; 0           ; 0             ; 0                ; 0                 ; 1                ; 1            ;
; state.S_LOAD_WAIT ; 0           ; 0             ; 0                ; 1                 ; 0                ; 1            ;
; state.S_LOAD_CAP  ; 0           ; 0             ; 1                ; 0                 ; 0                ; 1            ;
; state.S_ARMED     ; 0           ; 1             ; 0                ; 0                 ; 0                ; 1            ;
; state.S_RUN       ; 1           ; 0             ; 0                ; 0                 ; 0                ; 1            ;
+-------------------+-------------+---------------+------------------+-------------------+------------------+--------------+


Encoding Type:  One-Hot
+----------------------------------------------------------------------------------------------------------+
; State Machine - |pulseController|usb_cmd_gateway:u_cmd|state                                             ;
+---------------+--------------+--------------+--------------+-------------+---------------+---------------+
; Name          ; state.S_CRC1 ; state.S_CRC0 ; state.S_BODY ; state.S_LEN ; state.S_SYNC1 ; state.S_SYNC0 ;
+---------------+--------------+--------------+--------------+-------------+---------------+---------------+
; state.S_SYNC0 ; 0            ; 0            ; 0            ; 0           ; 0             ; 0             ;
; state.S_SYNC1 ; 0            ; 0            ; 0            ; 0           ; 1             ; 1             ;
; state.S_LEN   ; 0            ; 0            ; 0            ; 1           ; 0             ; 1             ;
; state.S_BODY  ; 0            ; 0            ; 1            ; 0           ; 0             ; 1             ;
; state.S_CRC0  ; 0            ; 1            ; 0            ; 0           ; 0             ; 1             ;
; state.S_CRC1  ; 1            ; 0            ; 0            ; 0           ; 0             ; 1             ;
+---------------+--------------+--------------+--------------+-------------+---------------+---------------+


+--------------------------------------------------------------------------------------------------------------------------------------------------------+
; Registers Removed During Synthesis                                                                                                                     ;
+-------------------------------------------------------------------------------------------------------+------------------------------------------------+
; Register name                                                                                         ; Reason for Removal                             ;
+-------------------------------------------------------------------------------------------------------+------------------------------------------------+
; clk_pll_50_to_200:wiz_2|altpll:altpll_component|clk_pll_50_to_200_altpll:auto_generated|pll_lock_sync ; Stuck at VCC due to stuck port data_in         ;
; usb_cmd_gateway:u_cmd|ack_data[3,5..7]                                                                ; Stuck at GND due to stuck port data_in         ;
; usb_cmd_gateway:u_cmd|ack_data[2]                                                                     ; Stuck at VCC due to stuck port data_in         ;
; usb_cmd_gateway:u_cmd|resp_data[2]                                                                    ; Stuck at VCC due to stuck port data_in         ;
; usb_cmd_gateway:u_cmd|resp_data[3,5..7]                                                               ; Stuck at GND due to stuck port data_in         ;
; usb_cmd_gateway:u_cmd|resp_data[4]                                                                    ; Merged with usb_cmd_gateway:u_cmd|resp_data[0] ;
; usb_cmd_gateway:u_cmd|ack_data[4]                                                                     ; Merged with usb_cmd_gateway:u_cmd|ack_data[0]  ;
; usb_cmd_gateway:u_cmd|ack_data[0]                                                                     ; Merged with usb_cmd_gateway:u_cmd|ack_data[1]  ;
; usb_cmd_gateway:u_cmd|resp_data[1]                                                                    ; Merged with usb_cmd_gateway:u_cmd|resp_data[0] ;
; uart:u_uart|tx_shift[9]                                                                               ; Stuck at VCC due to stuck port data_in         ;
; pulseHandler:u_pc|state~4                                                                             ; Lost fanout                                    ;
; pulseHandler:u_pc|state~5                                                                             ; Lost fanout                                    ;
; pulseHandler:u_pc|state~6                                                                             ; Lost fanout                                    ;
; usb_cmd_gateway:u_cmd|state~8                                                                         ; Lost fanout                                    ;
; usb_cmd_gateway:u_cmd|state~9                                                                         ; Lost fanout                                    ;
; usb_cmd_gateway:u_cmd|state~10                                                                        ; Lost fanout                                    ;
; txq_rptr[5]                                                                                           ; Lost fanout                                    ;
; txq_wptr[5]                                                                                           ; Lost fanout                                    ;
; Total Number of Removed Registers = 24                                                                ;                                                ;
+-------------------------------------------------------------------------------------------------------+------------------------------------------------+


+--------------------------------------------------------------------------------------------------------+
; Removed Registers Triggering Further Register Optimizations                                            ;
+-----------------------------------+---------------------------+----------------------------------------+
; Register name                     ; Reason for Removal        ; Registers Removed due to This Register ;
+-----------------------------------+---------------------------+----------------------------------------+
; usb_cmd_gateway:u_cmd|ack_data[7] ; Stuck at GND              ; usb_cmd_gateway:u_cmd|resp_data[7]     ;
;                                   ; due to stuck port data_in ;                                        ;
; usb_cmd_gateway:u_cmd|ack_data[6] ; Stuck at GND              ; usb_cmd_gateway:u_cmd|resp_data[6]     ;
;                                   ; due to stuck port data_in ;                                        ;
; usb_cmd_gateway:u_cmd|ack_data[5] ; Stuck at GND              ; usb_cmd_gateway:u_cmd|resp_data[5]     ;
;                                   ; due to stuck port data_in ;                                        ;
; usb_cmd_gateway:u_cmd|ack_data[3] ; Stuck at GND              ; usb_cmd_gateway:u_cmd|resp_data[3]     ;
;                                   ; due to stuck port data_in ;                                        ;
; usb_cmd_gateway:u_cmd|ack_data[2] ; Stuck at VCC              ; usb_cmd_gateway:u_cmd|resp_data[2]     ;
;                                   ; due to stuck port data_in ;                                        ;
+-----------------------------------+---------------------------+----------------------------------------+


+------------------------------------------------------+
; General Register Statistics                          ;
+----------------------------------------------+-------+
; Statistic                                    ; Value ;
+----------------------------------------------+-------+
; Total registers                              ; 2196  ;
; Number of registers using Synchronous Clear  ; 30    ;
; Number of registers using Synchronous Load   ; 588   ;
; Number of registers using Asynchronous Clear ; 1177  ;
; Number of registers using Asynchronous Load  ; 0     ;
; Number of registers using Clock Enable       ; 2065  ;
; Number of registers using Preset             ; 0     ;
+----------------------------------------------+-------+


+---------------------------------------------------+
; Inverted Register Statistics                      ;
+-----------------------------------------+---------+
; Inverted Register                       ; Fan out ;
+-----------------------------------------+---------+
; uart:u_uart|tx_shift[0]                 ; 2       ;
; uart:u_uart|tx_shift[1]                 ; 1       ;
; pulseHandler:u_pc|trig_rearm            ; 2       ;
; uart:u_uart|tx_shift[2]                 ; 1       ;
; uart:u_uart|tx_shift[3]                 ; 1       ;
; uart:u_uart|start_det[0]                ; 6       ;
; uart:u_uart|start_det[1]                ; 5       ;
; uart:u_uart|rx_sync2                    ; 2       ;
; uart:u_uart|tx_shift[4]                 ; 1       ;
; uart:u_uart|rx_sync1                    ; 1       ;
; uart:u_uart|tx_shift[5]                 ; 1       ;
; uart:u_uart|tx_shift[6]                 ; 1       ;
; uart:u_uart|tx_shift[7]                 ; 1       ;
; uart:u_uart|tx_shift[8]                 ; 1       ;
; Total number of inverted registers = 14 ;         ;
+-----------------------------------------+---------+


+--------------------------------------------------------------------------------------------------------------------------------------------------------------------------------------------------------+
; Multiplexer Restructuring Statistics (Restructuring Performed)                                                                                                                                         ;
+--------------------+-----------+---------------+----------------------+------------------------+------------+------------------------------------------------------------------------------------------+
; Multiplexer Inputs ; Bus Width ; Baseline Area ; Area if Restructured ; Saving if Restructured ; Registered ; Example Multiplexer Output                                                               ;
+--------------------+-----------+---------------+----------------------+------------------------+------------+------------------------------------------------------------------------------------------+
; 3:1                ; 4 bits    ; 8 LEs         ; 4 LEs                ; 4 LEs                  ; Yes        ; |pulseController|uart:u_uart|tx_bit[2]                                                   ;
; 3:1                ; 14 bits   ; 28 LEs        ; 14 LEs               ; 14 LEs                 ; Yes        ; |pulseController|tx_data_r[0]                                                            ;
; 3:1                ; 4 bits    ; 8 LEs         ; 4 LEs                ; 4 LEs                  ; Yes        ; |pulseController|uart:u_uart|rx_bit[1]                                                   ;
; 3:1                ; 10 bits   ; 20 LEs        ; 10 LEs               ; 10 LEs                 ; Yes        ; |pulseController|usb_cmd_gateway:u_cmd|ack_delay_cnt[7]                                  ;
; 3:1                ; 5 bits    ; 10 LEs        ; 5 LEs                ; 5 LEs                  ; Yes        ; |pulseController|txq_mem[0][6]                                                           ;
; 3:1                ; 3 bits    ; 6 LEs         ; 3 LEs                ; 3 LEs                  ; Yes        ; |pulseController|txq_mem[0][0]                                                           ;
; 3:1                ; 5 bits    ; 10 LEs        ; 5 LEs                ; 5 LEs                  ; Yes        ; |pulseController|txq_mem[1][5]                                                           ;
; 3:1                ; 3 bits    ; 6 LEs         ; 3 LEs                ; 3 LEs                  ; Yes        ; |pulseController|txq_mem[1][0]                                                           ;
; 3:1                ; 5 bits    ; 10 LEs        ; 5 LEs                ; 5 LEs                  ; Yes        ; |pulseController|txq_mem[2][2]                                                           ;
; 3:1                ; 3 bits    ; 6 LEs         ; 3 LEs                ; 3 LEs                  ; Yes        ; |pulseController|txq_mem[2][4]                                                           ;
; 3:1                ; 5 bits    ; 10 LEs        ; 5 LEs                ; 5 LEs                  ; Yes        ; |pulseController|txq_mem[3][2]                                                           ;
; 3:1                ; 3 bits    ; 6 LEs         ; 3 LEs                ; 3 LEs                  ; Yes        ; |pulseController|txq_mem[3][4]                                                           ;
; 3:1                ; 5 bits    ; 10 LEs        ; 5 LEs                ; 5 LEs                  ; Yes        ; |pulseController|txq_mem[4][5]                                                           ;
; 3:1                ; 3 bits    ; 6 LEs         ; 3 LEs                ; 3 LEs                  ; Yes        ; |pulseController|txq_mem[4][4]                                                           ;
; 3:1                ; 5 bits    ; 10 LEs        ; 5 LEs                ; 5 LEs                  ; Yes        ; |pulseController|txq_mem[5][3]                                                           ;
; 3:1                ; 3 bits    ; 6 LEs         ; 3 LEs                ; 3 LEs                  ; Yes        ; |pulseController|txq_mem[5][1]                                                           ;
; 3:1                ; 5 bits    ; 10 LEs        ; 5 LEs                ; 5 LEs                  ; Yes        ; |pulseController|txq_mem[6][6]                                                           ;
; 3:1                ; 3 bits    ; 6 LEs         ; 3 LEs                ; 3 LEs                  ; Yes        ; |pulseController|txq_mem[6][4]                                                           ;
; 3:1                ; 5 bits    ; 10 LEs        ; 5 LEs                ; 5 LEs                  ; Yes        ; |pulseController|txq_mem[7][5]                                                           ;
; 3:1                ; 3 bits    ; 6 LEs         ; 3 LEs                ; 3 LEs                  ; Yes        ; |pulseController|txq_mem[7][0]                                                           ;
; 3:1                ; 5 bits    ; 10 LEs        ; 5 LEs                ; 5 LEs                  ; Yes        ; |pulseController|txq_mem[8][7]                                                           ;
; 3:1                ; 3 bits    ; 6 LEs         ; 3 LEs                ; 3 LEs                  ; Yes        ; |pulseController|txq_mem[8][4]                                                           ;
; 3:1                ; 5 bits    ; 10 LEs        ; 5 LEs                ; 5 LEs                  ; Yes        ; |pulseController|txq_mem[9][7]                                                           ;
; 3:1                ; 3 bits    ; 6 LEs         ; 3 LEs                ; 3 LEs                  ; Yes        ; |pulseController|txq_mem[9][1]                                                           ;
; 3:1                ; 5 bits    ; 10 LEs        ; 5 LEs                ; 5 LEs                  ; Yes        ; |pulseController|txq_mem[10][5]                                                          ;
; 3:1                ; 3 bits    ; 6 LEs         ; 3 LEs                ; 3 LEs                  ; Yes        ; |pulseController|txq_mem[10][0]                                                          ;
; 3:1                ; 5 bits    ; 10 LEs        ; 5 LEs                ; 5 LEs                  ; Yes        ; |pulseController|txq_mem[11][5]                                                          ;
; 3:1                ; 3 bits    ; 6 LEs         ; 3 LEs                ; 3 LEs                  ; Yes        ; |pulseController|txq_mem[11][1]                                                          ;
; 3:1                ; 5 bits    ; 10 LEs        ; 5 LEs                ; 5 LEs                  ; Yes        ; |pulseController|txq_mem[12][2]                                                          ;
; 3:1                ; 3 bits    ; 6 LEs         ; 3 LEs                ; 3 LEs                  ; Yes        ; |pulseController|txq_mem[12][0]                                                          ;
; 3:1                ; 5 bits    ; 10 LEs        ; 5 LEs                ; 5 LEs                  ; Yes        ; |pulseController|txq_mem[13][2]                                                          ;
; 3:1                ; 3 bits    ; 6 LEs         ; 3 LEs                ; 3 LEs                  ; Yes        ; |pulseController|txq_mem[13][4]                                                          ;
; 3:1                ; 5 bits    ; 10 LEs        ; 5 LEs                ; 5 LEs                  ; Yes        ; |pulseController|txq_mem[14][3]                                                          ;
; 3:1                ; 3 bits    ; 6 LEs         ; 3 LEs                ; 3 LEs                  ; Yes        ; |pulseController|txq_mem[14][0]                                                          ;
; 3:1                ; 5 bits    ; 10 LEs        ; 5 LEs                ; 5 LEs                  ; Yes        ; |pulseController|txq_mem[15][5]                                                          ;
; 3:1                ; 3 bits    ; 6 LEs         ; 3 LEs                ; 3 LEs                  ; Yes        ; |pulseController|txq_mem[15][4]                                                          ;
; 3:1                ; 5 bits    ; 10 LEs        ; 5 LEs                ; 5 LEs                  ; Yes        ; |pulseController|txq_mem[16][6]                                                          ;
; 3:1                ; 3 bits    ; 6 LEs         ; 3 LEs                ; 3 LEs                  ; Yes        ; |pulseController|txq_mem[16][4]                                                          ;
; 3:1                ; 5 bits    ; 10 LEs        ; 5 LEs                ; 5 LEs                  ; Yes        ; |pulseController|txq_mem[17][5]                                                          ;
; 3:1                ; 3 bits    ; 6 LEs         ; 3 LEs                ; 3 LEs                  ; Yes        ; |pulseController|txq_mem[17][4]                                                          ;
; 3:1                ; 5 bits    ; 10 LEs        ; 5 LEs                ; 5 LEs                  ; Yes        ; |pulseController|txq_mem[18][7]                                                          ;
; 3:1                ; 3 bits    ; 6 LEs         ; 3 LEs                ; 3 LEs                  ; Yes        ; |pulseController|txq_mem[18][4]                                                          ;
; 3:1                ; 5 bits    ; 10 LEs        ; 5 LEs                ; 5 LEs                  ; Yes        ; |pulseController|txq_mem[19][6]                                                          ;
; 3:1                ; 3 bits    ; 6 LEs         ; 3 LEs                ; 3 LEs                  ; Yes        ; |pulseController|txq_mem[19][4]                                                          ;
; 3:1                ; 5 bits    ; 10 LEs        ; 5 LEs                ; 5 LEs                  ; Yes        ; |pulseController|txq_mem[20][7]                                                          ;
; 3:1                ; 3 bits    ; 6 LEs         ; 3 LEs                ; 3 LEs                  ; Yes        ; |pulseController|txq_mem[20][1]                                                          ;
; 3:1                ; 5 bits    ; 10 LEs        ; 5 LEs                ; 5 LEs                  ; Yes        ; |pulseController|txq_mem[21][3]                                                          ;
; 3:1                ; 3 bits    ; 6 LEs         ; 3 LEs                ; 3 LEs                  ; Yes        ; |pulseController|txq_mem[21][4]                                                          ;
; 3:1                ; 5 bits    ; 10 LEs        ; 5 LEs                ; 5 LEs                  ; Yes        ; |pulseController|txq_mem[22][2]                                                          ;
; 3:1                ; 3 bits    ; 6 LEs         ; 3 LEs                ; 3 LEs                  ; Yes        ; |pulseController|txq_mem[22][4]                                                          ;
; 3:1                ; 5 bits    ; 10 LEs        ; 5 LEs                ; 5 LEs                  ; Yes        ; |pulseController|txq_mem[23][6]                                                          ;
; 3:1                ; 3 bits    ; 6 LEs         ; 3 LEs                ; 3 LEs                  ; Yes        ; |pulseController|txq_mem[23][1]                                                          ;
; 3:1                ; 5 bits    ; 10 LEs        ; 5 LEs                ; 5 LEs                  ; Yes        ; |pulseController|txq_mem[24][2]                                                          ;
; 3:1                ; 3 bits    ; 6 LEs         ; 3 LEs                ; 3 LEs                  ; Yes        ; |pulseController|txq_mem[24][4]                                                          ;
; 3:1                ; 5 bits    ; 10 LEs        ; 5 LEs                ; 5 LEs                  ; Yes        ; |pulseController|txq_mem[25][5]                                                          ;
; 3:1                ; 3 bits    ; 6 LEs         ; 3 LEs                ; 3 LEs                  ; Yes        ; |pulseController|txq_mem[25][4]                                                          ;
; 3:1                ; 5 bits    ; 10 LEs        ; 5 LEs                ; 5 LEs                  ; Yes        ; |pulseController|txq_mem[26][6]                                                          ;
; 3:1                ; 3 bits    ; 6 LEs         ; 3 LEs                ; 3 LEs                  ; Yes        ; |pulseController|txq_mem[26][4]                                                          ;
; 3:1                ; 5 bits    ; 10 LEs        ; 5 LEs                ; 5 LEs                  ; Yes        ; |pulseController|txq_mem[27][6]                                                          ;
; 3:1                ; 3 bits    ; 6 LEs         ; 3 LEs                ; 3 LEs                  ; Yes        ; |pulseController|txq_mem[27][4]                                                          ;
; 3:1                ; 5 bits    ; 10 LEs        ; 5 LEs                ; 5 LEs                  ; Yes        ; |pulseController|txq_mem[28][3]                                                          ;
; 3:1                ; 3 bits    ; 6 LEs         ; 3 LEs                ; 3 LEs                  ; Yes        ; |pulseController|txq_mem[28][4]                                                          ;
; 3:1                ; 5 bits    ; 10 LEs        ; 5 LEs                ; 5 LEs                  ; Yes        ; |pulseController|txq_mem[29][2]                                                          ;
; 3:1                ; 3 bits    ; 6 LEs         ; 3 LEs                ; 3 LEs                  ; Yes        ; |pulseController|txq_mem[29][1]                                                          ;
; 3:1                ; 5 bits    ; 10 LEs        ; 5 LEs                ; 5 LEs                  ; Yes        ; |pulseController|txq_mem[30][2]                                                          ;
; 3:1                ; 3 bits    ; 6 LEs         ; 3 LEs                ; 3 LEs                  ; Yes        ; |pulseController|txq_mem[30][1]                                                          ;
; 3:1                ; 5 bits    ; 10 LEs        ; 5 LEs                ; 5 LEs                  ; Yes        ; |pulseController|txq_mem[31][2]                                                          ;
; 3:1                ; 3 bits    ; 6 LEs         ; 3 LEs                ; 3 LEs                  ; Yes        ; |pulseController|txq_mem[31][0]                                                          ;
; 3:1                ; 6 bits    ; 12 LEs        ; 6 LEs                ; 6 LEs                  ; Yes        ; |pulseController|txq_wptr[5]                                                             ;
; 3:1                ; 8 bits    ; 16 LEs        ; 8 LEs                ; 8 LEs                  ; Yes        ; |pulseController|rb_q0_data[0]                                                           ;
; 3:1                ; 8 bits    ; 16 LEs        ; 8 LEs                ; 8 LEs                  ; Yes        ; |pulseController|rb_byte_r[0]                                                            ;
; 3:1                ; 4 bits    ; 8 LEs         ; 4 LEs                ; 4 LEs                  ; Yes        ; |pulseController|pulse_timer[3]                                                          ;
; 3:1                ; 4 bits    ; 8 LEs         ; 4 LEs                ; 4 LEs                  ; Yes        ; |pulseController|start_stretch[3]                                                        ;
; 3:1                ; 4 bits    ; 8 LEs         ; 4 LEs                ; 4 LEs                  ; Yes        ; |pulseController|stop_stretch[3]                                                         ;
; 3:1                ; 16 bits   ; 32 LEs        ; 16 LEs               ; 16 LEs                 ; Yes        ; |pulseController|detect[12]                                                              ;
; 4:1                ; 16 bits   ; 32 LEs        ; 16 LEs               ; 16 LEs                 ; Yes        ; |pulseController|uart:u_uart|tx_cnt[7]                                                   ;
; 4:1                ; 16 bits   ; 32 LEs        ; 16 LEs               ; 16 LEs                 ; Yes        ; |pulseController|uart:u_uart|rx_cnt[11]                                                  ;
; 4:1                ; 7 bits    ; 14 LEs        ; 7 LEs                ; 7 LEs                  ; Yes        ; |pulseController|txq_count[5]                                                            ;
; 4:1                ; 6 bits    ; 12 LEs        ; 12 LEs               ; 0 LEs                  ; Yes        ; |pulseController|uart:u_uart|os_index[5]                                                 ;
; 4:1                ; 19 bits   ; 38 LEs        ; 19 LEs               ; 19 LEs                 ; Yes        ; |pulseController|usb_cmd_gateway:u_cmd|index[7]                                          ;
; 5:1                ; 4 bits    ; 12 LEs        ; 8 LEs                ; 4 LEs                  ; Yes        ; |pulseController|pulseHandler:u_pc|channel[0]                                            ;
; 5:1                ; 64 bits   ; 192 LEs       ; 64 LEs               ; 128 LEs                ; Yes        ; |pulseController|pulseHandler:u_pc|width_cnt[0][13]                                      ;
; 5:1                ; 64 bits   ; 192 LEs       ; 64 LEs               ; 128 LEs                ; Yes        ; |pulseController|pulseHandler:u_pc|delay_cnt[0][9]                                       ;
; 5:1                ; 64 bits   ; 192 LEs       ; 64 LEs               ; 128 LEs                ; Yes        ; |pulseController|pulseHandler:u_pc|width_cnt[1][34]                                      ;
; 5:1                ; 64 bits   ; 192 LEs       ; 64 LEs               ; 128 LEs                ; Yes        ; |pulseController|pulseHandler:u_pc|delay_cnt[1][27]                                      ;
; 5:1                ; 64 bits   ; 192 LEs       ; 64 LEs               ; 128 LEs                ; Yes        ; |pulseController|pulseHandler:u_pc|width_cnt[2][3]                                       ;
; 5:1                ; 64 bits   ; 192 LEs       ; 64 LEs               ; 128 LEs                ; Yes        ; |pulseController|pulseHandler:u_pc|delay_cnt[2][12]                                      ;
; 5:1                ; 64 bits   ; 192 LEs       ; 64 LEs               ; 128 LEs                ; Yes        ; |pulseController|pulseHandler:u_pc|width_cnt[3][26]                                      ;
; 5:1                ; 64 bits   ; 192 LEs       ; 64 LEs               ; 128 LEs                ; Yes        ; |pulseController|pulseHandler:u_pc|delay_cnt[3][55]                                      ;
; 5:1                ; 2 bits    ; 6 LEs         ; 4 LEs                ; 2 LEs                  ; Yes        ; |pulseController|usb_cmd_gateway:u_cmd|crc[15]                                           ;
; 8:1                ; 2 bits    ; 10 LEs        ; 4 LEs                ; 6 LEs                  ; Yes        ; |pulseController|pulseHandler:u_pc|phase[0][0]                                           ;
; 8:1                ; 2 bits    ; 10 LEs        ; 4 LEs                ; 6 LEs                  ; Yes        ; |pulseController|pulseHandler:u_pc|phase[1][0]                                           ;
; 8:1                ; 2 bits    ; 10 LEs        ; 4 LEs                ; 6 LEs                  ; Yes        ; |pulseController|pulseHandler:u_pc|phase[2][0]                                           ;
; 8:1                ; 2 bits    ; 10 LEs        ; 4 LEs                ; 6 LEs                  ; Yes        ; |pulseController|pulseHandler:u_pc|phase[3][0]                                           ;
; 4:1                ; 8 bits    ; 16 LEs        ; 16 LEs               ; 0 LEs                  ; Yes        ; |pulseController|uart:u_uart|tx_shift[7]                                                 ;
; 3:1                ; 2 bits    ; 4 LEs         ; 4 LEs                ; 0 LEs                  ; No         ; |pulseController|pulseHandler:u_pc|ch_iter                                               ;
; 3:1                ; 5 bits    ; 10 LEs        ; 10 LEs               ; 0 LEs                  ; No         ; |pulseController|comb                                                                    ;
; 3:1                ; 5 bits    ; 10 LEs        ; 10 LEs               ; 0 LEs                  ; No         ; |pulseController|comb                                                                    ;
; 32:1               ; 8 bits    ; 168 LEs       ; 168 LEs              ; 0 LEs                  ; No         ; |pulseController|Mux7                                                                    ;
; 32:1               ; 8 bits    ; 168 LEs       ; 168 LEs              ; 0 LEs                  ; No         ; |pulseController|memory4c:u_delays|mux4:memChannelOutput|mux:final|muxBase:mine[6]|my_or ;
; 32:1               ; 8 bits    ; 168 LEs       ; 168 LEs              ; 0 LEs                  ; No         ; |pulseController|memory4c:u_widths|mux4:memChannelOutput|mux:final|muxBase:mine[0]|my_or ;
+--------------------+-----------+---------------+----------------------+------------------------+------------+------------------------------------------------------------------------------------------+


+---------------------------------------------------------------------------------------------+
; Parameter Settings for User Entity Instance: clk_pll_10_to_50:wiz_1|altpll:altpll_component ;
+-------------------------------+------------------------------------+------------------------+
; Parameter Name                ; Value                              ; Type                   ;
+-------------------------------+------------------------------------+------------------------+
; OPERATION_MODE                ; NORMAL                             ; Untyped                ;
; PLL_TYPE                      ; AUTO                               ; Untyped                ;
; LPM_HINT                      ; CBX_MODULE_PREFIX=clk_pll_10_to_50 ; Untyped                ;
; QUALIFY_CONF_DONE             ; OFF                                ; Untyped                ;
; COMPENSATE_CLOCK              ; CLK0                               ; Untyped                ;
; SCAN_CHAIN                    ; LONG                               ; Untyped                ;
; PRIMARY_CLOCK                 ; INCLK0                             ; Untyped                ;
; INCLK0_INPUT_FREQUENCY        ; 100000                             ; Signed Integer         ;
; INCLK1_INPUT_FREQUENCY        ; 0                                  ; Untyped                ;
; GATE_LOCK_SIGNAL              ; NO                                 ; Untyped                ;
; GATE_LOCK_COUNTER             ; 0                                  ; Untyped                ;
; LOCK_HIGH                     ; 1                                  ; Untyped                ;
; LOCK_LOW                      ; 1                                  ; Untyped                ;
; VALID_LOCK_MULTIPLIER         ; 1                                  ; Untyped                ;
; INVALID_LOCK_MULTIPLIER       ; 5                                  ; Untyped                ;
; SWITCH_OVER_ON_LOSSCLK        ; OFF                                ; Untyped                ;
; SWITCH_OVER_ON_GATED_LOCK     ; OFF                                ; Untyped                ;
; ENABLE_SWITCH_OVER_COUNTER    ; OFF                                ; Untyped                ;
; SKIP_VCO                      ; OFF                                ; Untyped                ;
; SWITCH_OVER_COUNTER           ; 0                                  ; Untyped                ;
; SWITCH_OVER_TYPE              ; AUTO                               ; Untyped                ;
; FEEDBACK_SOURCE               ; EXTCLK0                            ; Untyped                ;
; BANDWIDTH                     ; 0                                  ; Untyped                ;
; BANDWIDTH_TYPE                ; AUTO                               ; Untyped                ;
; SPREAD_FREQUENCY              ; 0                                  ; Untyped                ;
; DOWN_SPREAD                   ; 0                                  ; Untyped                ;
; SELF_RESET_ON_GATED_LOSS_LOCK ; OFF                                ; Untyped                ;
; SELF_RESET_ON_LOSS_LOCK       ; OFF                                ; Untyped                ;
; CLK9_MULTIPLY_BY              ; 0                                  ; Untyped                ;
; CLK8_MULTIPLY_BY              ; 0                                  ; Untyped                ;
; CLK7_MULTIPLY_BY              ; 0                                  ; Untyped                ;
; CLK6_MULTIPLY_BY              ; 0                                  ; Untyped                ;
; CLK5_MULTIPLY_BY              ; 1                                  ; Untyped                ;
; CLK4_MULTIPLY_BY              ; 1                                  ; Untyped                ;
; CLK3_MULTIPLY_BY              ; 1                                  ; Untyped                ;
; CLK2_MULTIPLY_BY              ; 1                                  ; Untyped                ;
; CLK1_MULTIPLY_BY              ; 1                                  ; Untyped                ;
; CLK0_MULTIPLY_BY              ; 5                                  ; Signed Integer         ;
; CLK9_DIVIDE_BY                ; 0                                  ; Untyped                ;
; CLK8_DIVIDE_BY                ; 0                                  ; Untyped                ;
; CLK7_DIVIDE_BY                ; 0                                  ; Untyped                ;
; CLK6_DIVIDE_BY                ; 0                                  ; Untyped                ;
; CLK5_DIVIDE_BY                ; 1                                  ; Untyped                ;
; CLK4_DIVIDE_BY                ; 1                                  ; Untyped                ;
; CLK3_DIVIDE_BY                ; 1                                  ; Untyped                ;
; CLK2_DIVIDE_BY                ; 1                                  ; Untyped                ;
; CLK1_DIVIDE_BY                ; 1                                  ; Untyped                ;
; CLK0_DIVIDE_BY                ; 1                                  ; Signed Integer         ;
; CLK9_PHASE_SHIFT              ; 0                                  ; Untyped                ;
; CLK8_PHASE_SHIFT              ; 0                                  ; Untyped                ;
; CLK7_PHASE_SHIFT              ; 0                                  ; Untyped                ;
; CLK6_PHASE_SHIFT              ; 0                                  ; Untyped                ;
; CLK5_PHASE_SHIFT              ; 0                                  ; Untyped                ;
; CLK4_PHASE_SHIFT              ; 0                                  ; Untyped                ;
; CLK3_PHASE_SHIFT              ; 0                                  ; Untyped                ;
; CLK2_PHASE_SHIFT              ; 0                                  ; Untyped                ;
; CLK1_PHASE_SHIFT              ; 0                                  ; Untyped                ;
; CLK0_PHASE_SHIFT              ; 0                                  ; Untyped                ;
; CLK5_TIME_DELAY               ; 0                                  ; Untyped                ;
; CLK4_TIME_DELAY               ; 0                                  ; Untyped                ;
; CLK3_TIME_DELAY               ; 0                                  ; Untyped                ;
; CLK2_TIME_DELAY               ; 0                                  ; Untyped                ;
; CLK1_TIME_DELAY               ; 0                                  ; Untyped                ;
; CLK0_TIME_DELAY               ; 0                                  ; Untyped                ;
; CLK9_DUTY_CYCLE               ; 50                                 ; Untyped                ;
; CLK8_DUTY_CYCLE               ; 50                                 ; Untyped                ;
; CLK7_DUTY_CYCLE               ; 50                                 ; Untyped                ;
; CLK6_DUTY_CYCLE               ; 50                                 ; Untyped                ;
; CLK5_DUTY_CYCLE               ; 50                                 ; Untyped                ;
; CLK4_DUTY_CYCLE               ; 50                                 ; Untyped                ;
; CLK3_DUTY_CYCLE               ; 50                                 ; Untyped                ;
; CLK2_DUTY_CYCLE               ; 50                                 ; Untyped                ;
; CLK1_DUTY_CYCLE               ; 50                                 ; Untyped                ;
; CLK0_DUTY_CYCLE               ; 50                                 ; Signed Integer         ;
; CLK9_USE_EVEN_COUNTER_MODE    ; OFF                                ; Untyped                ;
; CLK8_USE_EVEN_COUNTER_MODE    ; OFF                                ; Untyped                ;
; CLK7_USE_EVEN_COUNTER_MODE    ; OFF                                ; Untyped                ;
; CLK6_USE_EVEN_COUNTER_MODE    ; OFF                                ; Untyped                ;
; CLK5_USE_EVEN_COUNTER_MODE    ; OFF                                ; Untyped                ;
; CLK4_USE_EVEN_COUNTER_MODE    ; OFF                                ; Untyped                ;
; CLK3_USE_EVEN_COUNTER_MODE    ; OFF                                ; Untyped                ;
; CLK2_USE_EVEN_COUNTER_MODE    ; OFF                                ; Untyped                ;
; CLK1_USE_EVEN_COUNTER_MODE    ; OFF                                ; Untyped                ;
; CLK0_USE_EVEN_COUNTER_MODE    ; OFF                                ; Untyped                ;
; CLK9_USE_EVEN_COUNTER_VALUE   ; OFF                                ; Untyped                ;
; CLK8_USE_EVEN_COUNTER_VALUE   ; OFF                                ; Untyped                ;
; CLK7_USE_EVEN_COUNTER_VALUE   ; OFF                                ; Untyped                ;
; CLK6_USE_EVEN_COUNTER_VALUE   ; OFF                                ; Untyped                ;
; CLK5_USE_EVEN_COUNTER_VALUE   ; OFF                                ; Untyped                ;
; CLK4_USE_EVEN_COUNTER_VALUE   ; OFF                                ; Untyped                ;
; CLK3_USE_EVEN_COUNTER_VALUE   ; OFF                                ; Untyped                ;
; CLK2_USE_EVEN_COUNTER_VALUE   ; OFF                                ; Untyped                ;
; CLK1_USE_EVEN_COUNTER_VALUE   ; OFF                                ; Untyped                ;
; CLK0_USE_EVEN_COUNTER_VALUE   ; OFF                                ; Untyped                ;
; LOCK_WINDOW_UI                ;  0.05                              ; Untyped                ;
; LOCK_WINDOW_UI_BITS           ; UNUSED                             ; Untyped                ;
; VCO_RANGE_DETECTOR_LOW_BITS   ; UNUSED                             ; Untyped                ;
; VCO_RANGE_DETECTOR_HIGH_BITS  ; UNUSED                             ; Untyped                ;
; DPA_MULTIPLY_BY               ; 0                                  ; Untyped                ;
; DPA_DIVIDE_BY                 ; 1                                  ; Untyped                ;
; DPA_DIVIDER                   ; 0                                  ; Untyped                ;
; EXTCLK3_MULTIPLY_BY           ; 1                                  ; Untyped                ;
; EXTCLK2_MULTIPLY_BY           ; 1                                  ; Untyped                ;
; EXTCLK1_MULTIPLY_BY           ; 1                                  ; Untyped                ;
; EXTCLK0_MULTIPLY_BY           ; 1                                  ; Untyped                ;
; EXTCLK3_DIVIDE_BY             ; 1                                  ; Untyped                ;
; EXTCLK2_DIVIDE_BY             ; 1                                  ; Untyped                ;
; EXTCLK1_DIVIDE_BY             ; 1                                  ; Untyped                ;
; EXTCLK0_DIVIDE_BY             ; 1                                  ; Untyped                ;
; EXTCLK3_PHASE_SHIFT           ; 0                                  ; Untyped                ;
; EXTCLK2_PHASE_SHIFT           ; 0                                  ; Untyped                ;
; EXTCLK1_PHASE_SHIFT           ; 0                                  ; Untyped                ;
; EXTCLK0_PHASE_SHIFT           ; 0                                  ; Untyped                ;
; EXTCLK3_TIME_DELAY            ; 0                                  ; Untyped                ;
; EXTCLK2_TIME_DELAY            ; 0                                  ; Untyped                ;
; EXTCLK1_TIME_DELAY            ; 0                                  ; Untyped                ;
; EXTCLK0_TIME_DELAY            ; 0                                  ; Untyped                ;
; EXTCLK3_DUTY_CYCLE            ; 50                                 ; Untyped                ;
; EXTCLK2_DUTY_CYCLE            ; 50                                 ; Untyped                ;
; EXTCLK1_DUTY_CYCLE            ; 50                                 ; Untyped                ;
; EXTCLK0_DUTY_CYCLE            ; 50                                 ; Untyped                ;
; VCO_MULTIPLY_BY               ; 0                                  ; Untyped                ;
; VCO_DIVIDE_BY                 ; 0                                  ; Untyped                ;
; SCLKOUT0_PHASE_SHIFT          ; 0                                  ; Untyped                ;
; SCLKOUT1_PHASE_SHIFT          ; 0                                  ; Untyped                ;
; VCO_MIN                       ; 0                                  ; Untyped                ;
; VCO_MAX                       ; 0                                  ; Untyped                ;
; VCO_CENTER                    ; 0                                  ; Untyped                ;
; PFD_MIN                       ; 0                                  ; Untyped                ;
; PFD_MAX                       ; 0                                  ; Untyped                ;
; M_INITIAL                     ; 0                                  ; Untyped                ;
; M                             ; 0                                  ; Untyped                ;
; N                             ; 1                                  ; Untyped                ;
; M2                            ; 1                                  ; Untyped                ;
; N2                            ; 1                                  ; Untyped                ;
; SS                            ; 1                                  ; Untyped                ;
; C0_HIGH                       ; 0                                  ; Untyped                ;
; C1_HIGH                       ; 0                                  ; Untyped                ;
; C2_HIGH                       ; 0                                  ; Untyped                ;
; C3_HIGH                       ; 0                                  ; Untyped                ;
; C4_HIGH                       ; 0                                  ; Untyped                ;
; C5_HIGH                       ; 0                                  ; Untyped                ;
; C6_HIGH                       ; 0                                  ; Untyped                ;
; C7_HIGH                       ; 0                                  ; Untyped                ;
; C8_HIGH                       ; 0                                  ; Untyped                ;
; C9_HIGH                       ; 0                                  ; Untyped                ;
; C0_LOW                        ; 0                                  ; Untyped                ;
; C1_LOW                        ; 0                                  ; Untyped                ;
; C2_LOW                        ; 0                                  ; Untyped                ;
; C3_LOW                        ; 0                                  ; Untyped                ;
; C4_LOW                        ; 0                                  ; Untyped                ;
; C5_LOW                        ; 0                                  ; Untyped                ;
; C6_LOW                        ; 0                                  ; Untyped                ;
; C7_LOW                        ; 0                                  ; Untyped                ;
; C8_LOW                        ; 0                                  ; Untyped                ;
; C9_LOW                        ; 0                                  ; Untyped                ;
; C0_INITIAL                    ; 0                                  ; Untyped                ;
; C1_INITIAL                    ; 0                                  ; Untyped                ;
; C2_INITIAL                    ; 0                                  ; Untyped                ;
; C3_INITIAL                    ; 0                                  ; Untyped                ;
; C4_INITIAL                    ; 0                                  ; Untyped                ;
; C5_INITIAL                    ; 0                                  ; Untyped                ;
; C6_INITIAL                    ; 0                                  ; Untyped                ;
; C7_INITIAL                    ; 0                                  ; Untyped                ;
; C8_INITIAL                    ; 0                                  ; Untyped                ;
; C9_INITIAL                    ; 0                                  ; Untyped                ;
; C0_MODE                       ; BYPASS                             ; Untyped                ;
; C1_MODE                       ; BYPASS                             ; Untyped                ;
; C2_MODE                       ; BYPASS                             ; Untyped                ;
; C3_MODE                       ; BYPASS                             ; Untyped                ;
; C4_MODE                       ; BYPASS                             ; Untyped                ;
; C5_MODE                       ; BYPASS                             ; Untyped                ;
; C6_MODE                       ; BYPASS                             ; Untyped                ;
; C7_MODE                       ; BYPASS                             ; Untyped                ;
; C8_MODE                       ; BYPASS                             ; Untyped                ;
; C9_MODE                       ; BYPASS                             ; Untyped                ;
; C0_PH                         ; 0                                  ; Untyped                ;
; C1_PH                         ; 0                                  ; Untyped                ;
; C2_PH                         ; 0                                  ; Untyped                ;
; C3_PH                         ; 0                                  ; Untyped                ;
; C4_PH                         ; 0                                  ; Untyped                ;
; C5_PH                         ; 0                                  ; Untyped                ;
; C6_PH                         ; 0                                  ; Untyped                ;
; C7_PH                         ; 0                                  ; Untyped                ;
; C8_PH                         ; 0                                  ; Untyped                ;
; C9_PH                         ; 0                                  ; Untyped                ;
; L0_HIGH                       ; 1                                  ; Untyped                ;
; L1_HIGH                       ; 1                                  ; Untyped                ;
; G0_HIGH                       ; 1                                  ; Untyped                ;
; G1_HIGH                       ; 1                                  ; Untyped                ;
; G2_HIGH                       ; 1                                  ; Untyped                ;
; G3_HIGH                       ; 1                                  ; Untyped                ;
; E0_HIGH                       ; 1                                  ; Untyped                ;
; E1_HIGH                       ; 1                                  ; Untyped                ;
; E2_HIGH                       ; 1                                  ; Untyped                ;
; E3_HIGH                       ; 1                                  ; Untyped                ;
; L0_LOW                        ; 1                                  ; Untyped                ;
; L1_LOW                        ; 1                                  ; Untyped                ;
; G0_LOW                        ; 1                                  ; Untyped                ;
; G1_LOW                        ; 1                                  ; Untyped                ;
; G2_LOW                        ; 1                                  ; Untyped                ;
; G3_LOW                        ; 1                                  ; Untyped                ;
; E0_LOW                        ; 1                                  ; Untyped                ;
; E1_LOW                        ; 1                                  ; Untyped                ;
; E2_LOW                        ; 1                                  ; Untyped                ;
; E3_LOW                        ; 1                                  ; Untyped                ;
; L0_INITIAL                    ; 1                                  ; Untyped                ;
; L1_INITIAL                    ; 1                                  ; Untyped                ;
; G0_INITIAL                    ; 1                                  ; Untyped                ;
; G1_INITIAL                    ; 1                                  ; Untyped                ;
; G2_INITIAL                    ; 1                                  ; Untyped                ;
; G3_INITIAL                    ; 1                                  ; Untyped                ;
; E0_INITIAL                    ; 1                                  ; Untyped                ;
; E1_INITIAL                    ; 1                                  ; Untyped                ;
; E2_INITIAL                    ; 1                                  ; Untyped                ;
; E3_INITIAL                    ; 1                                  ; Untyped                ;
; L0_MODE                       ; BYPASS                             ; Untyped                ;
; L1_MODE                       ; BYPASS                             ; Untyped                ;
; G0_MODE                       ; BYPASS                             ; Untyped                ;
; G1_MODE                       ; BYPASS                             ; Untyped                ;
; G2_MODE                       ; BYPASS                             ; Untyped                ;
; G3_MODE                       ; BYPASS                             ; Untyped                ;
; E0_MODE                       ; BYPASS                             ; Untyped                ;
; E1_MODE                       ; BYPASS                             ; Untyped                ;
; E2_MODE                       ; BYPASS                             ; Untyped                ;
; E3_MODE                       ; BYPASS                             ; Untyped                ;
; L0_PH                         ; 0                                  ; Untyped                ;
; L1_PH                         ; 0                                  ; Untyped                ;
; G0_PH                         ; 0                                  ; Untyped                ;
; G1_PH                         ; 0                                  ; Untyped                ;
; G2_PH                         ; 0                                  ; Untyped                ;
; G3_PH                         ; 0                                  ; Untyped                ;
; E0_PH                         ; 0                                  ; Untyped                ;
; E1_PH                         ; 0                                  ; Untyped                ;
; E2_PH                         ; 0                                  ; Untyped                ;
; E3_PH                         ; 0                                  ; Untyped                ;
; M_PH                          ; 0                                  ; Untyped                ;
; C1_USE_CASC_IN                ; OFF                                ; Untyped                ;
; C2_USE_CASC_IN                ; OFF                                ; Untyped                ;
; C3_USE_CASC_IN                ; OFF                                ; Untyped                ;
; C4_USE_CASC_IN                ; OFF                                ; Untyped                ;
; C5_USE_CASC_IN                ; OFF                                ; Untyped                ;
; C6_USE_CASC_IN                ; OFF                                ; Untyped                ;
; C7_USE_CASC_IN                ; OFF                                ; Untyped                ;
; C8_USE_CASC_IN                ; OFF                                ; Untyped                ;
; C9_USE_CASC_IN                ; OFF                                ; Untyped                ;
; CLK0_COUNTER                  ; G0                                 ; Untyped                ;
; CLK1_COUNTER                  ; G0                                 ; Untyped                ;
; CLK2_COUNTER                  ; G0                                 ; Untyped                ;
; CLK3_COUNTER                  ; G0                                 ; Untyped                ;
; CLK4_COUNTER                  ; G0                                 ; Untyped                ;
; CLK5_COUNTER                  ; G0                                 ; Untyped                ;
; CLK6_COUNTER                  ; E0                                 ; Untyped                ;
; CLK7_COUNTER                  ; E1                                 ; Untyped                ;
; CLK8_COUNTER                  ; E2                                 ; Untyped                ;
; CLK9_COUNTER                  ; E3                                 ; Untyped                ;
; L0_TIME_DELAY                 ; 0                                  ; Untyped                ;
; L1_TIME_DELAY                 ; 0                                  ; Untyped                ;
; G0_TIME_DELAY                 ; 0                                  ; Untyped                ;
; G1_TIME_DELAY                 ; 0                                  ; Untyped                ;
; G2_TIME_DELAY                 ; 0                                  ; Untyped                ;
; G3_TIME_DELAY                 ; 0                                  ; Untyped                ;
; E0_TIME_DELAY                 ; 0                                  ; Untyped                ;
; E1_TIME_DELAY                 ; 0                                  ; Untyped                ;
; E2_TIME_DELAY                 ; 0                                  ; Untyped                ;
; E3_TIME_DELAY                 ; 0                                  ; Untyped                ;
; M_TIME_DELAY                  ; 0                                  ; Untyped                ;
; N_TIME_DELAY                  ; 0                                  ; Untyped                ;
; EXTCLK3_COUNTER               ; E3                                 ; Untyped                ;
; EXTCLK2_COUNTER               ; E2                                 ; Untyped                ;
; EXTCLK1_COUNTER               ; E1                                 ; Untyped                ;
; EXTCLK0_COUNTER               ; E0                                 ; Untyped                ;
; ENABLE0_COUNTER               ; L0                                 ; Untyped                ;
; ENABLE1_COUNTER               ; L0                                 ; Untyped                ;
; CHARGE_PUMP_CURRENT           ; 2                                  ; Untyped                ;
; LOOP_FILTER_R                 ;  1.000000                          ; Untyped                ;
; LOOP_FILTER_C                 ; 5                                  ; Untyped                ;
; CHARGE_PUMP_CURRENT_BITS      ; 9999                               ; Untyped                ;
; LOOP_FILTER_R_BITS            ; 9999                               ; Untyped                ;
; LOOP_FILTER_C_BITS            ; 9999                               ; Untyped                ;
; VCO_POST_SCALE                ; 0                                  ; Untyped                ;
; CLK2_OUTPUT_FREQUENCY         ; 0                                  ; Untyped                ;
; CLK1_OUTPUT_FREQUENCY         ; 0                                  ; Untyped                ;
; CLK0_OUTPUT_FREQUENCY         ; 0                                  ; Untyped                ;
; INTENDED_DEVICE_FAMILY        ; MAX 10                             ; Untyped                ;
; PORT_CLKENA0                  ; PORT_UNUSED                        ; Untyped                ;
; PORT_CLKENA1                  ; PORT_UNUSED                        ; Untyped                ;
; PORT_CLKENA2                  ; PORT_UNUSED                        ; Untyped                ;
; PORT_CLKENA3                  ; PORT_UNUSED                        ; Untyped                ;
; PORT_CLKENA4                  ; PORT_UNUSED                        ; Untyped                ;
; PORT_CLKENA5                  ; PORT_UNUSED                        ; Untyped                ;
; PORT_EXTCLKENA0               ; PORT_CONNECTIVITY                  ; Untyped                ;
; PORT_EXTCLKENA1               ; PORT_CONNECTIVITY                  ; Untyped                ;
; PORT_EXTCLKENA2               ; PORT_CONNECTIVITY                  ; Untyped                ;
; PORT_EXTCLKENA3               ; PORT_CONNECTIVITY                  ; Untyped                ;
; PORT_EXTCLK0                  ; PORT_UNUSED                        ; Untyped                ;
; PORT_EXTCLK1                  ; PORT_UNUSED                        ; Untyped                ;
; PORT_EXTCLK2                  ; PORT_UNUSED                        ; Untyped                ;
; PORT_EXTCLK3                  ; PORT_UNUSED                        ; Untyped                ;
; PORT_CLKBAD0                  ; PORT_UNUSED                        ; Untyped                ;
; PORT_CLKBAD1                  ; PORT_UNUSED                        ; Untyped                ;
; PORT_CLK0                     ; PORT_USED                          ; Untyped                ;
; PORT_CLK1                     ; PORT_UNUSED                        ; Untyped                ;
; PORT_CLK2                     ; PORT_UNUSED                        ; Untyped                ;
; PORT_CLK3                     ; PORT_UNUSED                        ; Untyped                ;
; PORT_CLK4                     ; PORT_UNUSED                        ; Untyped                ;
; PORT_CLK5                     ; PORT_UNUSED                        ; Untyped                ;
; PORT_CLK6                     ; PORT_UNUSED                        ; Untyped                ;
; PORT_CLK7                     ; PORT_UNUSED                        ; Untyped                ;
; PORT_CLK8                     ; PORT_UNUSED                        ; Untyped                ;
; PORT_CLK9                     ; PORT_UNUSED                        ; Untyped                ;
; PORT_SCANDATA                 ; PORT_UNUSED                        ; Untyped                ;
; PORT_SCANDATAOUT              ; PORT_UNUSED                        ; Untyped                ;
; PORT_SCANDONE                 ; PORT_UNUSED                        ; Untyped                ;
; PORT_SCLKOUT1                 ; PORT_CONNECTIVITY                  ; Untyped                ;
; PORT_SCLKOUT0                 ; PORT_CONNECTIVITY                  ; Untyped                ;
; PORT_ACTIVECLOCK              ; PORT_UNUSED                        ; Untyped                ;
; PORT_CLKLOSS                  ; PORT_UNUSED                        ; Untyped                ;
; PORT_INCLK1                   ; PORT_UNUSED                        ; Untyped                ;
; PORT_INCLK0                   ; PORT_USED                          ; Untyped                ;
; PORT_FBIN                     ; PORT_UNUSED                        ; Untyped                ;
; PORT_PLLENA                   ; PORT_UNUSED                        ; Untyped                ;
; PORT_CLKSWITCH                ; PORT_UNUSED                        ; Untyped                ;
; PORT_ARESET                   ; PORT_USED                          ; Untyped                ;
; PORT_PFDENA                   ; PORT_UNUSED                        ; Untyped                ;
; PORT_SCANCLK                  ; PORT_UNUSED                        ; Untyped                ;
; PORT_SCANACLR                 ; PORT_UNUSED                        ; Untyped                ;
; PORT_SCANREAD                 ; PORT_UNUSED                        ; Untyped                ;
; PORT_SCANWRITE                ; PORT_UNUSED                        ; Untyped                ;
; PORT_ENABLE0                  ; PORT_CONNECTIVITY                  ; Untyped                ;
; PORT_ENABLE1                  ; PORT_CONNECTIVITY                  ; Untyped                ;
; PORT_LOCKED                   ; PORT_USED                          ; Untyped                ;
; PORT_CONFIGUPDATE             ; PORT_UNUSED                        ; Untyped                ;
; PORT_FBOUT                    ; PORT_CONNECTIVITY                  ; Untyped                ;
; PORT_PHASEDONE                ; PORT_UNUSED                        ; Untyped                ;
; PORT_PHASESTEP                ; PORT_UNUSED                        ; Untyped                ;
; PORT_PHASEUPDOWN              ; PORT_UNUSED                        ; Untyped                ;
; PORT_SCANCLKENA               ; PORT_UNUSED                        ; Untyped                ;
; PORT_PHASECOUNTERSELECT       ; PORT_UNUSED                        ; Untyped                ;
; PORT_VCOOVERRANGE             ; PORT_CONNECTIVITY                  ; Untyped                ;
; PORT_VCOUNDERRANGE            ; PORT_CONNECTIVITY                  ; Untyped                ;
; M_TEST_SOURCE                 ; 5                                  ; Untyped                ;
; C0_TEST_SOURCE                ; 5                                  ; Untyped                ;
; C1_TEST_SOURCE                ; 5                                  ; Untyped                ;
; C2_TEST_SOURCE                ; 5                                  ; Untyped                ;
; C3_TEST_SOURCE                ; 5                                  ; Untyped                ;
; C4_TEST_SOURCE                ; 5                                  ; Untyped                ;
; C5_TEST_SOURCE                ; 5                                  ; Untyped                ;
; C6_TEST_SOURCE                ; 5                                  ; Untyped                ;
; C7_TEST_SOURCE                ; 5                                  ; Untyped                ;
; C8_TEST_SOURCE                ; 5                                  ; Untyped                ;
; C9_TEST_SOURCE                ; 5                                  ; Untyped                ;
; CBXI_PARAMETER                ; clk_pll_10_to_50_altpll            ; Untyped                ;
; VCO_FREQUENCY_CONTROL         ; AUTO                               ; Untyped                ;
; VCO_PHASE_SHIFT_STEP          ; 0                                  ; Untyped                ;
; WIDTH_CLOCK                   ; 5                                  ; Signed Integer         ;
; WIDTH_PHASECOUNTERSELECT      ; 4                                  ; Untyped                ;
; USING_FBMIMICBIDIR_PORT       ; OFF                                ; Untyped                ;
; DEVICE_FAMILY                 ; MAX 10                             ; Untyped                ;
; SCAN_CHAIN_MIF_FILE           ; UNUSED                             ; Untyped                ;
; SIM_GATE_LOCK_DEVICE_BEHAVIOR ; OFF                                ; Untyped                ;
; AUTO_CARRY_CHAINS             ; ON                                 ; AUTO_CARRY             ;
; IGNORE_CARRY_BUFFERS          ; OFF                                ; IGNORE_CARRY           ;
; AUTO_CASCADE_CHAINS           ; ON                                 ; AUTO_CASCADE           ;
; IGNORE_CASCADE_BUFFERS        ; OFF                                ; IGNORE_CASCADE         ;
+-------------------------------+------------------------------------+------------------------+
Note: In order to hide this table in the UI and the text report file, please set the "Show Parameter Settings in Synthesis Report" option in "Analysis and Synthesis Settings -> More Settings" to "Off".


+----------------------------------------------------------------------------------------------+
; Parameter Settings for User Entity Instance: clk_pll_50_to_200:wiz_2|altpll:altpll_component ;
+-------------------------------+-------------------------------------+------------------------+
; Parameter Name                ; Value                               ; Type                   ;
+-------------------------------+-------------------------------------+------------------------+
; OPERATION_MODE                ; NORMAL                              ; Untyped                ;
; PLL_TYPE                      ; AUTO                                ; Untyped                ;
; LPM_HINT                      ; CBX_MODULE_PREFIX=clk_pll_50_to_200 ; Untyped                ;
; QUALIFY_CONF_DONE             ; OFF                                 ; Untyped                ;
; COMPENSATE_CLOCK              ; CLK0                                ; Untyped                ;
; SCAN_CHAIN                    ; LONG                                ; Untyped                ;
; PRIMARY_CLOCK                 ; inclk0                              ; Untyped                ;
; INCLK0_INPUT_FREQUENCY        ; 20000                               ; Signed Integer         ;
; INCLK1_INPUT_FREQUENCY        ; 20000                               ; Signed Integer         ;
; GATE_LOCK_SIGNAL              ; NO                                  ; Untyped                ;
; GATE_LOCK_COUNTER             ; 0                                   ; Untyped                ;
; LOCK_HIGH                     ; 1                                   ; Untyped                ;
; LOCK_LOW                      ; 1                                   ; Untyped                ;
; VALID_LOCK_MULTIPLIER         ; 1                                   ; Untyped                ;
; INVALID_LOCK_MULTIPLIER       ; 5                                   ; Untyped                ;
; SWITCH_OVER_ON_LOSSCLK        ; OFF                                 ; Untyped                ;
; SWITCH_OVER_ON_GATED_LOCK     ; OFF                                 ; Untyped                ;
; ENABLE_SWITCH_OVER_COUNTER    ; OFF                                 ; Untyped                ;
; SKIP_VCO                      ; OFF                                 ; Untyped                ;
; SWITCH_OVER_COUNTER           ; 0                                   ; Untyped                ;
; SWITCH_OVER_TYPE              ; MANUAL                              ; Untyped                ;
; FEEDBACK_SOURCE               ; EXTCLK0                             ; Untyped                ;
; BANDWIDTH                     ; 0                                   ; Untyped                ;
; BANDWIDTH_TYPE                ; AUTO                                ; Untyped                ;
; SPREAD_FREQUENCY              ; 0                                   ; Untyped                ;
; DOWN_SPREAD                   ; 0                                   ; Untyped                ;
; SELF_RESET_ON_GATED_LOSS_LOCK ; OFF                                 ; Untyped                ;
; SELF_RESET_ON_LOSS_LOCK       ; OFF                                 ; Untyped                ;
; CLK9_MULTIPLY_BY              ; 0                                   ; Untyped                ;
; CLK8_MULTIPLY_BY              ; 0                                   ; Untyped                ;
; CLK7_MULTIPLY_BY              ; 0                                   ; Untyped                ;
; CLK6_MULTIPLY_BY              ; 0                                   ; Untyped                ;
; CLK5_MULTIPLY_BY              ; 1                                   ; Untyped                ;
; CLK4_MULTIPLY_BY              ; 1                                   ; Untyped                ;
; CLK3_MULTIPLY_BY              ; 1                                   ; Untyped                ;
; CLK2_MULTIPLY_BY              ; 1                                   ; Untyped                ;
; CLK1_MULTIPLY_BY              ; 4                                   ; Signed Integer         ;
; CLK0_MULTIPLY_BY              ; 2                                   ; Signed Integer         ;
; CLK9_DIVIDE_BY                ; 0                                   ; Untyped                ;
; CLK8_DIVIDE_BY                ; 0                                   ; Untyped                ;
; CLK7_DIVIDE_BY                ; 0                                   ; Untyped                ;
; CLK6_DIVIDE_BY                ; 0                                   ; Untyped                ;
; CLK5_DIVIDE_BY                ; 1                                   ; Untyped                ;
; CLK4_DIVIDE_BY                ; 1                                   ; Untyped                ;
; CLK3_DIVIDE_BY                ; 1                                   ; Untyped                ;
; CLK2_DIVIDE_BY                ; 1                                   ; Untyped                ;
; CLK1_DIVIDE_BY                ; 1                                   ; Signed Integer         ;
; CLK0_DIVIDE_BY                ; 1                                   ; Signed Integer         ;
; CLK9_PHASE_SHIFT              ; 0                                   ; Untyped                ;
; CLK8_PHASE_SHIFT              ; 0                                   ; Untyped                ;
; CLK7_PHASE_SHIFT              ; 0                                   ; Untyped                ;
; CLK6_PHASE_SHIFT              ; 0                                   ; Untyped                ;
; CLK5_PHASE_SHIFT              ; 0                                   ; Untyped                ;
; CLK4_PHASE_SHIFT              ; 0                                   ; Untyped                ;
; CLK3_PHASE_SHIFT              ; 0                                   ; Untyped                ;
; CLK2_PHASE_SHIFT              ; 0                                   ; Untyped                ;
; CLK1_PHASE_SHIFT              ; 0                                   ; Untyped                ;
; CLK0_PHASE_SHIFT              ; 0                                   ; Untyped                ;
; CLK5_TIME_DELAY               ; 0                                   ; Untyped                ;
; CLK4_TIME_DELAY               ; 0                                   ; Untyped                ;
; CLK3_TIME_DELAY               ; 0                                   ; Untyped                ;
; CLK2_TIME_DELAY               ; 0                                   ; Untyped                ;
; CLK1_TIME_DELAY               ; 0                                   ; Untyped                ;
; CLK0_TIME_DELAY               ; 0                                   ; Untyped                ;
; CLK9_DUTY_CYCLE               ; 50                                  ; Untyped                ;
; CLK8_DUTY_CYCLE               ; 50                                  ; Untyped                ;
; CLK7_DUTY_CYCLE               ; 50                                  ; Untyped                ;
; CLK6_DUTY_CYCLE               ; 50                                  ; Untyped                ;
; CLK5_DUTY_CYCLE               ; 50                                  ; Untyped                ;
; CLK4_DUTY_CYCLE               ; 50                                  ; Untyped                ;
; CLK3_DUTY_CYCLE               ; 50                                  ; Untyped                ;
; CLK2_DUTY_CYCLE               ; 50                                  ; Untyped                ;
; CLK1_DUTY_CYCLE               ; 50                                  ; Signed Integer         ;
; CLK0_DUTY_CYCLE               ; 50                                  ; Signed Integer         ;
; CLK9_USE_EVEN_COUNTER_MODE    ; OFF                                 ; Untyped                ;
; CLK8_USE_EVEN_COUNTER_MODE    ; OFF                                 ; Untyped                ;
; CLK7_USE_EVEN_COUNTER_MODE    ; OFF                                 ; Untyped                ;
; CLK6_USE_EVEN_COUNTER_MODE    ; OFF                                 ; Untyped                ;
; CLK5_USE_EVEN_COUNTER_MODE    ; OFF                                 ; Untyped                ;
; CLK4_USE_EVEN_COUNTER_MODE    ; OFF                                 ; Untyped                ;
; CLK3_USE_EVEN_COUNTER_MODE    ; OFF                                 ; Untyped                ;
; CLK2_USE_EVEN_COUNTER_MODE    ; OFF                                 ; Untyped                ;
; CLK1_USE_EVEN_COUNTER_MODE    ; OFF                                 ; Untyped                ;
; CLK0_USE_EVEN_COUNTER_MODE    ; OFF                                 ; Untyped                ;
; CLK9_USE_EVEN_COUNTER_VALUE   ; OFF                                 ; Untyped                ;
; CLK8_USE_EVEN_COUNTER_VALUE   ; OFF                                 ; Untyped                ;
; CLK7_USE_EVEN_COUNTER_VALUE   ; OFF                                 ; Untyped                ;
; CLK6_USE_EVEN_COUNTER_VALUE   ; OFF                                 ; Untyped                ;
; CLK5_USE_EVEN_COUNTER_VALUE   ; OFF                                 ; Untyped                ;
; CLK4_USE_EVEN_COUNTER_VALUE   ; OFF                                 ; Untyped                ;
; CLK3_USE_EVEN_COUNTER_VALUE   ; OFF                                 ; Untyped                ;
; CLK2_USE_EVEN_COUNTER_VALUE   ; OFF                                 ; Untyped                ;
; CLK1_USE_EVEN_COUNTER_VALUE   ; OFF                                 ; Untyped                ;
; CLK0_USE_EVEN_COUNTER_VALUE   ; OFF                                 ; Untyped                ;
; LOCK_WINDOW_UI                ;  0.05                               ; Untyped                ;
; LOCK_WINDOW_UI_BITS           ; UNUSED                              ; Untyped                ;
; VCO_RANGE_DETECTOR_LOW_BITS   ; UNUSED                              ; Untyped                ;
; VCO_RANGE_DETECTOR_HIGH_BITS  ; UNUSED                              ; Untyped                ;
; DPA_MULTIPLY_BY               ; 0                                   ; Untyped                ;
; DPA_DIVIDE_BY                 ; 1                                   ; Untyped                ;
; DPA_DIVIDER                   ; 0                                   ; Untyped                ;
; EXTCLK3_MULTIPLY_BY           ; 1                                   ; Untyped                ;
; EXTCLK2_MULTIPLY_BY           ; 1                                   ; Untyped                ;
; EXTCLK1_MULTIPLY_BY           ; 1                                   ; Untyped                ;
; EXTCLK0_MULTIPLY_BY           ; 1                                   ; Untyped                ;
; EXTCLK3_DIVIDE_BY             ; 1                                   ; Untyped                ;
; EXTCLK2_DIVIDE_BY             ; 1                                   ; Untyped                ;
; EXTCLK1_DIVIDE_BY             ; 1                                   ; Untyped                ;
; EXTCLK0_DIVIDE_BY             ; 1                                   ; Untyped                ;
; EXTCLK3_PHASE_SHIFT           ; 0                                   ; Untyped                ;
; EXTCLK2_PHASE_SHIFT           ; 0                                   ; Untyped                ;
; EXTCLK1_PHASE_SHIFT           ; 0                                   ; Untyped                ;
; EXTCLK0_PHASE_SHIFT           ; 0                                   ; Untyped                ;
; EXTCLK3_TIME_DELAY            ; 0                                   ; Untyped                ;
; EXTCLK2_TIME_DELAY            ; 0                                   ; Untyped                ;
; EXTCLK1_TIME_DELAY            ; 0                                   ; Untyped                ;
; EXTCLK0_TIME_DELAY            ; 0                                   ; Untyped                ;
; EXTCLK3_DUTY_CYCLE            ; 50                                  ; Untyped                ;
; EXTCLK2_DUTY_CYCLE            ; 50                                  ; Untyped                ;
; EXTCLK1_DUTY_CYCLE            ; 50                                  ; Untyped                ;
; EXTCLK0_DUTY_CYCLE            ; 50                                  ; Untyped                ;
; VCO_MULTIPLY_BY               ; 0                                   ; Untyped                ;
; VCO_DIVIDE_BY                 ; 0                                   ; Untyped                ;
; SCLKOUT0_PHASE_SHIFT          ; 0                                   ; Untyped                ;
; SCLKOUT1_PHASE_SHIFT          ; 0                                   ; Untyped                ;
; VCO_MIN                       ; 0                                   ; Untyped                ;
; VCO_MAX                       ; 0                                   ; Untyped                ;
; VCO_CENTER                    ; 0                                   ; Untyped                ;
; PFD_MIN                       ; 0                                   ; Untyped                ;
; PFD_MAX                       ; 0                                   ; Untyped                ;
; M_INITIAL                     ; 0                                   ; Untyped                ;
; M                             ; 0                                   ; Untyped                ;
; N                             ; 1                                   ; Untyped                ;
; M2                            ; 1                                   ; Untyped                ;
; N2                            ; 1                                   ; Untyped                ;
; SS                            ; 1                                   ; Untyped                ;
; C0_HIGH                       ; 0                                   ; Untyped                ;
; C1_HIGH                       ; 0                                   ; Untyped                ;
; C2_HIGH                       ; 0                                   ; Untyped                ;
; C3_HIGH                       ; 0                                   ; Untyped                ;
; C4_HIGH                       ; 0                                   ; Untyped                ;
; C5_HIGH                       ; 0                                   ; Untyped                ;
; C6_HIGH                       ; 0                                   ; Untyped                ;
; C7_HIGH                       ; 0                                   ; Untyped                ;
; C8_HIGH                       ; 0                                   ; Untyped                ;
; C9_HIGH                       ; 0                                   ; Untyped                ;
; C0_LOW                        ; 0                                   ; Untyped                ;
; C1_LOW                        ; 0                                   ; Untyped                ;
; C2_LOW                        ; 0                                   ; Untyped                ;
; C3_LOW                        ; 0                                   ; Untyped                ;
; C4_LOW                        ; 0                                   ; Untyped                ;
; C5_LOW                        ; 0                                   ; Untyped                ;
; C6_LOW                        ; 0                                   ; Untyped                ;
; C7_LOW                        ; 0                                   ; Untyped                ;
; C8_LOW                        ; 0                                   ; Untyped                ;
; C9_LOW                        ; 0                                   ; Untyped                ;
; C0_INITIAL                    ; 0                                   ; Untyped                ;
; C1_INITIAL                    ; 0                                   ; Untyped                ;
; C2_INITIAL                    ; 0                                   ; Untyped                ;
; C3_INITIAL                    ; 0                                   ; Untyped                ;
; C4_INITIAL                    ; 0                                   ; Untyped                ;
; C5_INITIAL                    ; 0                                   ; Untyped                ;
; C6_INITIAL                    ; 0                                   ; Untyped                ;
; C7_INITIAL                    ; 0                                   ; Untyped                ;
; C8_INITIAL                    ; 0                                   ; Untyped                ;
; C9_INITIAL                    ; 0                                   ; Untyped                ;
; C0_MODE                       ; BYPASS                              ; Untyped                ;
; C1_MODE                       ; BYPASS                              ; Untyped                ;
; C2_MODE                       ; BYPASS                              ; Untyped                ;
; C3_MODE                       ; BYPASS                              ; Untyped                ;
; C4_MODE                       ; BYPASS                              ; Untyped                ;
; C5_MODE                       ; BYPASS                              ; Untyped                ;
; C6_MODE                       ; BYPASS                              ; Untyped                ;
; C7_MODE                       ; BYPASS                              ; Untyped                ;
; C8_MODE                       ; BYPASS                              ; Untyped                ;
; C9_MODE                       ; BYPASS                              ; Untyped                ;
; C0_PH                         ; 0                                   ; Untyped                ;
; C1_PH                         ; 0                                   ; Untyped                ;
; C2_PH                         ; 0                                   ; Untyped                ;
; C3_PH                         ; 0                                   ; Untyped                ;
; C4_PH                         ; 0                                   ; Untyped                ;
; C5_PH                         ; 0                                   ; Untyped                ;
; C6_PH                         ; 0                                   ; Untyped                ;
; C7_PH                         ; 0                                   ; Untyped                ;
; C8_PH                         ; 0                                   ; Untyped                ;
; C9_PH                         ; 0                                   ; Untyped                ;
; L0_HIGH                       ; 1                                   ; Untyped                ;
; L1_HIGH                       ; 1                                   ; Untyped                ;
; G0_HIGH                       ; 1                                   ; Untyped                ;
; G1_HIGH                       ; 1                                   ; Untyped                ;
; G2_HIGH                       ; 1                                   ; Untyped                ;
; G3_HIGH                       ; 1                                   ; Untyped                ;
; E0_HIGH                       ; 1                                   ; Untyped                ;
; E1_HIGH                       ; 1                                   ; Untyped                ;
; E2_HIGH                       ; 1                                   ; Untyped                ;
; E3_HIGH                       ; 1                                   ; Untyped                ;
; L0_LOW                        ; 1                                   ; Untyped                ;
; L1_LOW                        ; 1                                   ; Untyped                ;
; G0_LOW                        ; 1                                   ; Untyped                ;
; G1_LOW                        ; 1                                   ; Untyped                ;
; G2_LOW                        ; 1                                   ; Untyped                ;
; G3_LOW                        ; 1                                   ; Untyped                ;
; E0_LOW                        ; 1                                   ; Untyped                ;
; E1_LOW                        ; 1                                   ; Untyped                ;
; E2_LOW                        ; 1                                   ; Untyped                ;
; E3_LOW                        ; 1                                   ; Untyped                ;
; L0_INITIAL                    ; 1                                   ; Untyped                ;
; L1_INITIAL                    ; 1                                   ; Untyped                ;
; G0_INITIAL                    ; 1                                   ; Untyped                ;
; G1_INITIAL                    ; 1                                   ; Untyped                ;
; G2_INITIAL                    ; 1                                   ; Untyped                ;
; G3_INITIAL                    ; 1                                   ; Untyped                ;
; E0_INITIAL                    ; 1                                   ; Untyped                ;
; E1_INITIAL                    ; 1                                   ; Untyped                ;
; E2_INITIAL                    ; 1                                   ; Untyped                ;
; E3_INITIAL                    ; 1                                   ; Untyped                ;
; L0_MODE                       ; BYPASS                              ; Untyped                ;
; L1_MODE                       ; BYPASS                              ; Untyped                ;
; G0_MODE                       ; BYPASS                              ; Untyped                ;
; G1_MODE                       ; BYPASS                              ; Untyped                ;
; G2_MODE                       ; BYPASS                              ; Untyped                ;
; G3_MODE                       ; BYPASS                              ; Untyped                ;
; E0_MODE                       ; BYPASS                              ; Untyped                ;
; E1_MODE                       ; BYPASS                              ; Untyped                ;
; E2_MODE                       ; BYPASS                              ; Untyped                ;
; E3_MODE                       ; BYPASS                              ; Untyped                ;
; L0_PH                         ; 0                                   ; Untyped                ;
; L1_PH                         ; 0                                   ; Untyped                ;
; G0_PH                         ; 0                                   ; Untyped                ;
; G1_PH                         ; 0                                   ; Untyped                ;
; G2_PH                         ; 0                                   ; Untyped                ;
; G3_PH                         ; 0                                   ; Untyped                ;
; E0_PH                         ; 0                                   ; Untyped                ;
; E1_PH                         ; 0                                   ; Untyped                ;
; E2_PH                         ; 0                                   ; Untyped                ;
; E3_PH                         ; 0                                   ; Untyped                ;
; M_PH                          ; 0                                   ; Untyped                ;
; C1_USE_CASC_IN                ; OFF                                 ; Untyped                ;
; C2_USE_CASC_IN                ; OFF                                 ; Untyped                ;
; C3_USE_CASC_IN                ; OFF                                 ; Untyped                ;
; C4_USE_CASC_IN                ; OFF                                 ; Untyped                ;
; C5_USE_CASC_IN                ; OFF                                 ; Untyped                ;
; C6_USE_CASC_IN                ; OFF                                 ; Untyped                ;
; C7_USE_CASC_IN                ; OFF                                 ; Untyped                ;
; C8_USE_CASC_IN                ; OFF                                 ; Untyped                ;
; C9_USE_CASC_IN                ; OFF                                 ; Untyped                ;
; CLK0_COUNTER                  ; G0                                  ; Untyped                ;
; CLK1_COUNTER                  ; G0                                  ; Untyped                ;
; CLK2_COUNTER                  ; G0                                  ; Untyped                ;
; CLK3_COUNTER                  ; G0                                  ; Untyped                ;
; CLK4_COUNTER                  ; G0                                  ; Untyped                ;
; CLK5_COUNTER                  ; G0                                  ; Untyped                ;
; CLK6_COUNTER                  ; E0                                  ; Untyped                ;
; CLK7_COUNTER                  ; E1                                  ; Untyped                ;
; CLK8_COUNTER                  ; E2                                  ; Untyped                ;
; CLK9_COUNTER                  ; E3                                  ; Untyped                ;
; L0_TIME_DELAY                 ; 0                                   ; Untyped                ;
; L1_TIME_DELAY                 ; 0                                   ; Untyped                ;
; G0_TIME_DELAY                 ; 0                                   ; Untyped                ;
; G1_TIME_DELAY                 ; 0                                   ; Untyped                ;
; G2_TIME_DELAY                 ; 0                                   ; Untyped                ;
; G3_TIME_DELAY                 ; 0                                   ; Untyped                ;
; E0_TIME_DELAY                 ; 0                                   ; Untyped                ;
; E1_TIME_DELAY                 ; 0                                   ; Untyped                ;
; E2_TIME_DELAY                 ; 0                                   ; Untyped                ;
; E3_TIME_DELAY                 ; 0                                   ; Untyped                ;
; M_TIME_DELAY                  ; 0                                   ; Untyped                ;
; N_TIME_DELAY                  ; 0                                   ; Untyped                ;
; EXTCLK3_COUNTER               ; E3                                  ; Untyped                ;
; EXTCLK2_COUNTER               ; E2                                  ; Untyped                ;
; EXTCLK1_COUNTER               ; E1                                  ; Untyped                ;
; EXTCLK0_COUNTER               ; E0                                  ; Untyped                ;
; ENABLE0_COUNTER               ; L0                                  ; Untyped                ;
; ENABLE1_COUNTER               ; L0                                  ; Untyped                ;
; CHARGE_PUMP_CURRENT           ; 2                                   ; Untyped                ;
; LOOP_FILTER_R                 ;  1.000000                           ; Untyped                ;
; LOOP_FILTER_C                 ; 5                                   ; Untyped                ;
; CHARGE_PUMP_CURRENT_BITS      ; 9999                                ; Untyped                ;
; LOOP_FILTER_R_BITS            ; 9999                                ; Untyped                ;
; LOOP_FILTER_C_BITS            ; 9999                                ; Untyped                ;
; VCO_POST_SCALE                ; 0                                   ; Untyped                ;
; CLK2_OUTPUT_FREQUENCY         ; 0                                   ; Untyped                ;
; CLK1_OUTPUT_FREQUENCY         ; 0                                   ; Untyped                ;
; CLK0_OUTPUT_FREQUENCY         ; 0                                   ; Untyped                ;
; INTENDED_DEVICE_FAMILY        ; MAX 10                              ; Untyped                ;
; PORT_CLKENA0                  ; PORT_UNUSED                         ; Untyped                ;
; PORT_CLKENA1                  ; PORT_UNUSED                         ; Untyped                ;
; PORT_CLKENA2                  ; PORT_UNUSED                         ; Untyped                ;
; PORT_CLKENA3                  ; PORT_UNUSED                         ; Untyped                ;
; PORT_CLKENA4                  ; PORT_UNUSED                         ; Untyped                ;
; PORT_CLKENA5                  ; PORT_UNUSED                         ; Untyped                ;
; PORT_EXTCLKENA0               ; PORT_CONNECTIVITY                   ; Untyped                ;
; PORT_EXTCLKENA1               ; PORT_CONNECTIVITY                   ; Untyped                ;
; PORT_EXTCLKENA2               ; PORT_CONNECTIVITY                   ; Untyped                ;
; PORT_EXTCLKENA3               ; PORT_CONNECTIVITY                   ; Untyped                ;
; PORT_EXTCLK0                  ; PORT_UNUSED                         ; Untyped                ;
; PORT_EXTCLK1                  ; PORT_UNUSED                         ; Untyped                ;
; PORT_EXTCLK2                  ; PORT_UNUSED                         ; Untyped                ;
; PORT_EXTCLK3                  ; PORT_UNUSED                         ; Untyped                ;
; PORT_CLKBAD0                  ; PORT_UNUSED                         ; Untyped                ;
; PORT_CLKBAD1                  ; PORT_UNUSED                         ; Untyped                ;
; PORT_CLK0                     ; PORT_USED                           ; Untyped                ;
; PORT_CLK1                     ; PORT_USED                           ; Untyped                ;
; PORT_CLK2                     ; PORT_UNUSED                         ; Untyped                ;
; PORT_CLK3                     ; PORT_UNUSED                         ; Untyped                ;
; PORT_CLK4                     ; PORT_UNUSED                         ; Untyped                ;
; PORT_CLK5                     ; PORT_UNUSED                         ; Untyped                ;
; PORT_CLK6                     ; PORT_UNUSED                         ; Untyped                ;
; PORT_CLK7                     ; PORT_UNUSED                         ; Untyped                ;
; PORT_CLK8                     ; PORT_UNUSED                         ; Untyped                ;
; PORT_CLK9                     ; PORT_UNUSED                         ; Untyped                ;
; PORT_SCANDATA                 ; PORT_UNUSED                         ; Untyped                ;
; PORT_SCANDATAOUT              ; PORT_UNUSED                         ; Untyped                ;
; PORT_SCANDONE                 ; PORT_UNUSED                         ; Untyped                ;
; PORT_SCLKOUT1                 ; PORT_CONNECTIVITY                   ; Untyped                ;
; PORT_SCLKOUT0                 ; PORT_CONNECTIVITY                   ; Untyped                ;
; PORT_ACTIVECLOCK              ; PORT_UNUSED                         ; Untyped                ;
; PORT_CLKLOSS                  ; PORT_UNUSED                         ; Untyped                ;
; PORT_INCLK1                   ; PORT_USED                           ; Untyped                ;
; PORT_INCLK0                   ; PORT_USED                           ; Untyped                ;
; PORT_FBIN                     ; PORT_UNUSED                         ; Untyped                ;
; PORT_PLLENA                   ; PORT_UNUSED                         ; Untyped                ;
; PORT_CLKSWITCH                ; PORT_USED                           ; Untyped                ;
; PORT_ARESET                   ; PORT_USED                           ; Untyped                ;
; PORT_PFDENA                   ; PORT_UNUSED                         ; Untyped                ;
; PORT_SCANCLK                  ; PORT_UNUSED                         ; Untyped                ;
; PORT_SCANACLR                 ; PORT_UNUSED                         ; Untyped                ;
; PORT_SCANREAD                 ; PORT_UNUSED                         ; Untyped                ;
; PORT_SCANWRITE                ; PORT_UNUSED                         ; Untyped                ;
; PORT_ENABLE0                  ; PORT_CONNECTIVITY                   ; Untyped                ;
; PORT_ENABLE1                  ; PORT_CONNECTIVITY                   ; Untyped                ;
; PORT_LOCKED                   ; PORT_USED                           ; Untyped                ;
; PORT_CONFIGUPDATE             ; PORT_UNUSED                         ; Untyped                ;
; PORT_FBOUT                    ; PORT_CONNECTIVITY                   ; Untyped                ;
; PORT_PHASEDONE                ; PORT_UNUSED                         ; Untyped                ;
; PORT_PHASESTEP                ; PORT_UNUSED                         ; Untyped                ;
; PORT_PHASEUPDOWN              ; PORT_UNUSED                         ; Untyped                ;
; PORT_SCANCLKENA               ; PORT_UNUSED                         ; Untyped                ;
; PORT_PHASECOUNTERSELECT       ; PORT_UNUSED                         ; Untyped                ;
; PORT_VCOOVERRANGE             ; PORT_CONNECTIVITY                   ; Untyped                ;
; PORT_VCOUNDERRANGE            ; PORT_CONNECTIVITY                   ; Untyped                ;
; M_TEST_SOURCE                 ; 5                                   ; Untyped                ;
; C0_TEST_SOURCE                ; 5                                   ; Untyped                ;
; C1_TEST_SOURCE                ; 5                                   ; Untyped                ;
; C2_TEST_SOURCE                ; 5                                   ; Untyped                ;
; C3_TEST_SOURCE                ; 5                                   ; Untyped                ;
; C4_TEST_SOURCE                ; 5                                   ; Untyped                ;
; C5_TEST_SOURCE                ; 5                                   ; Untyped                ;
; C6_TEST_SOURCE                ; 5                                   ; Untyped                ;
; C7_TEST_SOURCE                ; 5                                   ; Untyped                ;
; C8_TEST_SOURCE                ; 5                                   ; Untyped                ;
; C9_TEST_SOURCE                ; 5                                   ; Untyped                ;
; CBXI_PARAMETER                ; clk_pll_50_to_200_altpll            ; Untyped                ;
; VCO_FREQUENCY_CONTROL         ; AUTO                                ; Untyped                ;
; VCO_PHASE_SHIFT_STEP          ; 0                                   ; Untyped                ;
; WIDTH_CLOCK                   ; 5                                   ; Signed Integer         ;
; WIDTH_PHASECOUNTERSELECT      ; 4                                   ; Untyped                ;
; USING_FBMIMICBIDIR_PORT       ; OFF                                 ; Untyped                ;
; DEVICE_FAMILY                 ; MAX 10                              ; Untyped                ;
; SCAN_CHAIN_MIF_FILE           ; UNUSED                              ; Untyped                ;
; SIM_GATE_LOCK_DEVICE_BEHAVIOR ; OFF                                 ; Untyped                ;
; AUTO_CARRY_CHAINS             ; ON                                  ; AUTO_CARRY             ;
; IGNORE_CARRY_BUFFERS          ; OFF                                 ; IGNORE_CARRY           ;
; AUTO_CASCADE_CHAINS           ; ON                                  ; AUTO_CASCADE           ;
; IGNORE_CASCADE_BUFFERS        ; OFF                                 ; IGNORE_CASCADE         ;
+-------------------------------+-------------------------------------+------------------------+
Note: In order to hide this table in the UI and the text report file, please set the "Show Parameter Settings in Synthesis Report" option in "Analysis and Synthesis Settings -> More Settings" to "Off".


+----------------------------------------------------------+
; Parameter Settings for User Entity Instance: uart:u_uart ;
+----------------+-----------+-----------------------------+
; Parameter Name ; Value     ; Type                        ;
+----------------+-----------+-----------------------------+
; CLK_HZ         ; 100000000 ; Signed Integer              ;
; BAUD           ; 115200    ; Signed Integer              ;
+----------------+-----------+-----------------------------+
Note: In order to hide this table in the UI and the text report file, please set the "Show Parameter Settings in Synthesis Report" option in "Analysis and Synthesis Settings -> More Settings" to "Off".


+---------------------------------------------------------------------------------+
; Parameter Settings for User Entity Instance: memory4c:u_delays|storage:block[0] ;
+----------------+-------+--------------------------------------------------------+
; Parameter Name ; Value ; Type                                                   ;
+----------------+-------+--------------------------------------------------------+
; SIZE           ; 8     ; Signed Integer                                         ;
+----------------+-------+--------------------------------------------------------+
Note: In order to hide this table in the UI and the text report file, please set the "Show Parameter Settings in Synthesis Report" option in "Analysis and Synthesis Settings -> More Settings" to "Off".


+---------------------------------------------------------------------------------+
; Parameter Settings for User Entity Instance: memory4c:u_delays|storage:block[1] ;
+----------------+-------+--------------------------------------------------------+
; Parameter Name ; Value ; Type                                                   ;
+----------------+-------+--------------------------------------------------------+
; SIZE           ; 8     ; Signed Integer                                         ;
+----------------+-------+--------------------------------------------------------+
Note: In order to hide this table in the UI and the text report file, please set the "Show Parameter Settings in Synthesis Report" option in "Analysis and Synthesis Settings -> More Settings" to "Off".


+---------------------------------------------------------------------------------+
; Parameter Settings for User Entity Instance: memory4c:u_delays|storage:block[2] ;
+----------------+-------+--------------------------------------------------------+
; Parameter Name ; Value ; Type                                                   ;
+----------------+-------+--------------------------------------------------------+
; SIZE           ; 8     ; Signed Integer                                         ;
+----------------+-------+--------------------------------------------------------+
Note: In order to hide this table in the UI and the text report file, please set the "Show Parameter Settings in Synthesis Report" option in "Analysis and Synthesis Settings -> More Settings" to "Off".


+---------------------------------------------------------------------------------+
; Parameter Settings for User Entity Instance: memory4c:u_delays|storage:block[3] ;
+----------------+-------+--------------------------------------------------------+
; Parameter Name ; Value ; Type                                                   ;
+----------------+-------+--------------------------------------------------------+
; SIZE           ; 8     ; Signed Integer                                         ;
+----------------+-------+--------------------------------------------------------+
Note: In order to hide this table in the UI and the text report file, please set the "Show Parameter Settings in Synthesis Report" option in "Analysis and Synthesis Settings -> More Settings" to "Off".


+---------------------------------------------------------------------------------+
; Parameter Settings for User Entity Instance: memory4c:u_delays|storage:block[4] ;
+----------------+-------+--------------------------------------------------------+
; Parameter Name ; Value ; Type                                                   ;
+----------------+-------+--------------------------------------------------------+
; SIZE           ; 8     ; Signed Integer                                         ;
+----------------+-------+--------------------------------------------------------+
Note: In order to hide this table in the UI and the text report file, please set the "Show Parameter Settings in Synthesis Report" option in "Analysis and Synthesis Settings -> More Settings" to "Off".


+---------------------------------------------------------------------------------+
; Parameter Settings for User Entity Instance: memory4c:u_delays|storage:block[5] ;
+----------------+-------+--------------------------------------------------------+
; Parameter Name ; Value ; Type                                                   ;
+----------------+-------+--------------------------------------------------------+
; SIZE           ; 8     ; Signed Integer                                         ;
+----------------+-------+--------------------------------------------------------+
Note: In order to hide this table in the UI and the text report file, please set the "Show Parameter Settings in Synthesis Report" option in "Analysis and Synthesis Settings -> More Settings" to "Off".


+---------------------------------------------------------------------------------+
; Parameter Settings for User Entity Instance: memory4c:u_delays|storage:block[6] ;
+----------------+-------+--------------------------------------------------------+
; Parameter Name ; Value ; Type                                                   ;
+----------------+-------+--------------------------------------------------------+
; SIZE           ; 8     ; Signed Integer                                         ;
+----------------+-------+--------------------------------------------------------+
Note: In order to hide this table in the UI and the text report file, please set the "Show Parameter Settings in Synthesis Report" option in "Analysis and Synthesis Settings -> More Settings" to "Off".


+---------------------------------------------------------------------------------+
; Parameter Settings for User Entity Instance: memory4c:u_delays|storage:block[7] ;
+----------------+-------+--------------------------------------------------------+
; Parameter Name ; Value ; Type                                                   ;
+----------------+-------+--------------------------------------------------------+
; SIZE           ; 8     ; Signed Integer                                         ;
+----------------+-------+--------------------------------------------------------+
Note: In order to hide this table in the UI and the text report file, please set the "Show Parameter Settings in Synthesis Report" option in "Analysis and Synthesis Settings -> More Settings" to "Off".


+---------------------------------------------------------------------------------+
; Parameter Settings for User Entity Instance: memory4c:u_delays|storage:block[8] ;
+----------------+-------+--------------------------------------------------------+
; Parameter Name ; Value ; Type                                                   ;
+----------------+-------+--------------------------------------------------------+
; SIZE           ; 8     ; Signed Integer                                         ;
+----------------+-------+--------------------------------------------------------+
Note: In order to hide this table in the UI and the text report file, please set the "Show Parameter Settings in Synthesis Report" option in "Analysis and Synthesis Settings -> More Settings" to "Off".


+---------------------------------------------------------------------------------+
; Parameter Settings for User Entity Instance: memory4c:u_delays|storage:block[9] ;
+----------------+-------+--------------------------------------------------------+
; Parameter Name ; Value ; Type                                                   ;
+----------------+-------+--------------------------------------------------------+
; SIZE           ; 8     ; Signed Integer                                         ;
+----------------+-------+--------------------------------------------------------+
Note: In order to hide this table in the UI and the text report file, please set the "Show Parameter Settings in Synthesis Report" option in "Analysis and Synthesis Settings -> More Settings" to "Off".


+----------------------------------------------------------------------------------+
; Parameter Settings for User Entity Instance: memory4c:u_delays|storage:block[10] ;
+----------------+-------+---------------------------------------------------------+
; Parameter Name ; Value ; Type                                                    ;
+----------------+-------+---------------------------------------------------------+
; SIZE           ; 8     ; Signed Integer                                          ;
+----------------+-------+---------------------------------------------------------+
Note: In order to hide this table in the UI and the text report file, please set the "Show Parameter Settings in Synthesis Report" option in "Analysis and Synthesis Settings -> More Settings" to "Off".


+----------------------------------------------------------------------------------+
; Parameter Settings for User Entity Instance: memory4c:u_delays|storage:block[11] ;
+----------------+-------+---------------------------------------------------------+
; Parameter Name ; Value ; Type                                                    ;
+----------------+-------+---------------------------------------------------------+
; SIZE           ; 8     ; Signed Integer                                          ;
+----------------+-------+---------------------------------------------------------+
Note: In order to hide this table in the UI and the text report file, please set the "Show Parameter Settings in Synthesis Report" option in "Analysis and Synthesis Settings -> More Settings" to "Off".


+----------------------------------------------------------------------------------+
; Parameter Settings for User Entity Instance: memory4c:u_delays|storage:block[12] ;
+----------------+-------+---------------------------------------------------------+
; Parameter Name ; Value ; Type                                                    ;
+----------------+-------+---------------------------------------------------------+
; SIZE           ; 8     ; Signed Integer                                          ;
+----------------+-------+---------------------------------------------------------+
Note: In order to hide this table in the UI and the text report file, please set the "Show Parameter Settings in Synthesis Report" option in "Analysis and Synthesis Settings -> More Settings" to "Off".


+----------------------------------------------------------------------------------+
; Parameter Settings for User Entity Instance: memory4c:u_delays|storage:block[13] ;
+----------------+-------+---------------------------------------------------------+
; Parameter Name ; Value ; Type                                                    ;
+----------------+-------+---------------------------------------------------------+
; SIZE           ; 8     ; Signed Integer                                          ;
+----------------+-------+---------------------------------------------------------+
Note: In order to hide this table in the UI and the text report file, please set the "Show Parameter Settings in Synthesis Report" option in "Analysis and Synthesis Settings -> More Settings" to "Off".


+----------------------------------------------------------------------------------+
; Parameter Settings for User Entity Instance: memory4c:u_delays|storage:block[14] ;
+----------------+-------+---------------------------------------------------------+
; Parameter Name ; Value ; Type                                                    ;
+----------------+-------+---------------------------------------------------------+
; SIZE           ; 8     ; Signed Integer                                          ;
+----------------+-------+---------------------------------------------------------+
Note: In order to hide this table in the UI and the text report file, please set the "Show Parameter Settings in Synthesis Report" option in "Analysis and Synthesis Settings -> More Settings" to "Off".


+----------------------------------------------------------------------------------+
; Parameter Settings for User Entity Instance: memory4c:u_delays|storage:block[15] ;
+----------------+-------+---------------------------------------------------------+
; Parameter Name ; Value ; Type                                                    ;
+----------------+-------+---------------------------------------------------------+
; SIZE           ; 8     ; Signed Integer                                          ;
+----------------+-------+---------------------------------------------------------+
Note: In order to hide this table in the UI and the text report file, please set the "Show Parameter Settings in Synthesis Report" option in "Analysis and Synthesis Settings -> More Settings" to "Off".


+----------------------------------------------------------------------------------+
; Parameter Settings for User Entity Instance: memory4c:u_delays|storage:block[16] ;
+----------------+-------+---------------------------------------------------------+
; Parameter Name ; Value ; Type                                                    ;
+----------------+-------+---------------------------------------------------------+
; SIZE           ; 8     ; Signed Integer                                          ;
+----------------+-------+---------------------------------------------------------+
Note: In order to hide this table in the UI and the text report file, please set the "Show Parameter Settings in Synthesis Report" option in "Analysis and Synthesis Settings -> More Settings" to "Off".


+----------------------------------------------------------------------------------+
; Parameter Settings for User Entity Instance: memory4c:u_delays|storage:block[17] ;
+----------------+-------+---------------------------------------------------------+
; Parameter Name ; Value ; Type                                                    ;
+----------------+-------+---------------------------------------------------------+
; SIZE           ; 8     ; Signed Integer                                          ;
+----------------+-------+---------------------------------------------------------+
Note: In order to hide this table in the UI and the text report file, please set the "Show Parameter Settings in Synthesis Report" option in "Analysis and Synthesis Settings -> More Settings" to "Off".


+----------------------------------------------------------------------------------+
; Parameter Settings for User Entity Instance: memory4c:u_delays|storage:block[18] ;
+----------------+-------+---------------------------------------------------------+
; Parameter Name ; Value ; Type                                                    ;
+----------------+-------+---------------------------------------------------------+
; SIZE           ; 8     ; Signed Integer                                          ;
+----------------+-------+---------------------------------------------------------+
Note: In order to hide this table in the UI and the text report file, please set the "Show Parameter Settings in Synthesis Report" option in "Analysis and Synthesis Settings -> More Settings" to "Off".


+----------------------------------------------------------------------------------+
; Parameter Settings for User Entity Instance: memory4c:u_delays|storage:block[19] ;
+----------------+-------+---------------------------------------------------------+
; Parameter Name ; Value ; Type                                                    ;
+----------------+-------+---------------------------------------------------------+
; SIZE           ; 8     ; Signed Integer                                          ;
+----------------+-------+---------------------------------------------------------+
Note: In order to hide this table in the UI and the text report file, please set the "Show Parameter Settings in Synthesis Report" option in "Analysis and Synthesis Settings -> More Settings" to "Off".


+----------------------------------------------------------------------------------+
; Parameter Settings for User Entity Instance: memory4c:u_delays|storage:block[20] ;
+----------------+-------+---------------------------------------------------------+
; Parameter Name ; Value ; Type                                                    ;
+----------------+-------+---------------------------------------------------------+
; SIZE           ; 8     ; Signed Integer                                          ;
+----------------+-------+---------------------------------------------------------+
Note: In order to hide this table in the UI and the text report file, please set the "Show Parameter Settings in Synthesis Report" option in "Analysis and Synthesis Settings -> More Settings" to "Off".


+----------------------------------------------------------------------------------+
; Parameter Settings for User Entity Instance: memory4c:u_delays|storage:block[21] ;
+----------------+-------+---------------------------------------------------------+
; Parameter Name ; Value ; Type                                                    ;
+----------------+-------+---------------------------------------------------------+
; SIZE           ; 8     ; Signed Integer                                          ;
+----------------+-------+---------------------------------------------------------+
Note: In order to hide this table in the UI and the text report file, please set the "Show Parameter Settings in Synthesis Report" option in "Analysis and Synthesis Settings -> More Settings" to "Off".


+----------------------------------------------------------------------------------+
; Parameter Settings for User Entity Instance: memory4c:u_delays|storage:block[22] ;
+----------------+-------+---------------------------------------------------------+
; Parameter Name ; Value ; Type                                                    ;
+----------------+-------+---------------------------------------------------------+
; SIZE           ; 8     ; Signed Integer                                          ;
+----------------+-------+---------------------------------------------------------+
Note: In order to hide this table in the UI and the text report file, please set the "Show Parameter Settings in Synthesis Report" option in "Analysis and Synthesis Settings -> More Settings" to "Off".


+----------------------------------------------------------------------------------+
; Parameter Settings for User Entity Instance: memory4c:u_delays|storage:block[23] ;
+----------------+-------+---------------------------------------------------------+
; Parameter Name ; Value ; Type                                                    ;
+----------------+-------+---------------------------------------------------------+
; SIZE           ; 8     ; Signed Integer                                          ;
+----------------+-------+---------------------------------------------------------+
Note: In order to hide this table in the UI and the text report file, please set the "Show Parameter Settings in Synthesis Report" option in "Analysis and Synthesis Settings -> More Settings" to "Off".


+----------------------------------------------------------------------------------+
; Parameter Settings for User Entity Instance: memory4c:u_delays|storage:block[24] ;
+----------------+-------+---------------------------------------------------------+
; Parameter Name ; Value ; Type                                                    ;
+----------------+-------+---------------------------------------------------------+
; SIZE           ; 8     ; Signed Integer                                          ;
+----------------+-------+---------------------------------------------------------+
Note: In order to hide this table in the UI and the text report file, please set the "Show Parameter Settings in Synthesis Report" option in "Analysis and Synthesis Settings -> More Settings" to "Off".


+----------------------------------------------------------------------------------+
; Parameter Settings for User Entity Instance: memory4c:u_delays|storage:block[25] ;
+----------------+-------+---------------------------------------------------------+
; Parameter Name ; Value ; Type                                                    ;
+----------------+-------+---------------------------------------------------------+
; SIZE           ; 8     ; Signed Integer                                          ;
+----------------+-------+---------------------------------------------------------+
Note: In order to hide this table in the UI and the text report file, please set the "Show Parameter Settings in Synthesis Report" option in "Analysis and Synthesis Settings -> More Settings" to "Off".


+----------------------------------------------------------------------------------+
; Parameter Settings for User Entity Instance: memory4c:u_delays|storage:block[26] ;
+----------------+-------+---------------------------------------------------------+
; Parameter Name ; Value ; Type                                                    ;
+----------------+-------+---------------------------------------------------------+
; SIZE           ; 8     ; Signed Integer                                          ;
+----------------+-------+---------------------------------------------------------+
Note: In order to hide this table in the UI and the text report file, please set the "Show Parameter Settings in Synthesis Report" option in "Analysis and Synthesis Settings -> More Settings" to "Off".


+----------------------------------------------------------------------------------+
; Parameter Settings for User Entity Instance: memory4c:u_delays|storage:block[27] ;
+----------------+-------+---------------------------------------------------------+
; Parameter Name ; Value ; Type                                                    ;
+----------------+-------+---------------------------------------------------------+
; SIZE           ; 8     ; Signed Integer                                          ;
+----------------+-------+---------------------------------------------------------+
Note: In order to hide this table in the UI and the text report file, please set the "Show Parameter Settings in Synthesis Report" option in "Analysis and Synthesis Settings -> More Settings" to "Off".


+----------------------------------------------------------------------------------+
; Parameter Settings for User Entity Instance: memory4c:u_delays|storage:block[28] ;
+----------------+-------+---------------------------------------------------------+
; Parameter Name ; Value ; Type                                                    ;
+----------------+-------+---------------------------------------------------------+
; SIZE           ; 8     ; Signed Integer                                          ;
+----------------+-------+---------------------------------------------------------+
Note: In order to hide this table in the UI and the text report file, please set the "Show Parameter Settings in Synthesis Report" option in "Analysis and Synthesis Settings -> More Settings" to "Off".


+----------------------------------------------------------------------------------+
; Parameter Settings for User Entity Instance: memory4c:u_delays|storage:block[29] ;
+----------------+-------+---------------------------------------------------------+
; Parameter Name ; Value ; Type                                                    ;
+----------------+-------+---------------------------------------------------------+
; SIZE           ; 8     ; Signed Integer                                          ;
+----------------+-------+---------------------------------------------------------+
Note: In order to hide this table in the UI and the text report file, please set the "Show Parameter Settings in Synthesis Report" option in "Analysis and Synthesis Settings -> More Settings" to "Off".


+----------------------------------------------------------------------------------+
; Parameter Settings for User Entity Instance: memory4c:u_delays|storage:block[30] ;
+----------------+-------+---------------------------------------------------------+
; Parameter Name ; Value ; Type                                                    ;
+----------------+-------+---------------------------------------------------------+
; SIZE           ; 8     ; Signed Integer                                          ;
+----------------+-------+---------------------------------------------------------+
Note: In order to hide this table in the UI and the text report file, please set the "Show Parameter Settings in Synthesis Report" option in "Analysis and Synthesis Settings -> More Settings" to "Off".


+----------------------------------------------------------------------------------+
; Parameter Settings for User Entity Instance: memory4c:u_delays|storage:block[31] ;
+----------------+-------+---------------------------------------------------------+
; Parameter Name ; Value ; Type                                                    ;
+----------------+-------+---------------------------------------------------------+
; SIZE           ; 8     ; Signed Integer                                          ;
+----------------+-------+---------------------------------------------------------+
Note: In order to hide this table in the UI and the text report file, please set the "Show Parameter Settings in Synthesis Report" option in "Analysis and Synthesis Settings -> More Settings" to "Off".


+------------------------------------------------------------------------------------------------+
; Parameter Settings for User Entity Instance: memory4c:u_delays|deMux8:gen_blockMux[0].blockMux ;
+----------------+-------+-----------------------------------------------------------------------+
; Parameter Name ; Value ; Type                                                                  ;
+----------------+-------+-----------------------------------------------------------------------+
; WIDTH          ; 8     ; Signed Integer                                                        ;
+----------------+-------+-----------------------------------------------------------------------+
Note: In order to hide this table in the UI and the text report file, please set the "Show Parameter Settings in Synthesis Report" option in "Analysis and Synthesis Settings -> More Settings" to "Off".


+------------------------------------------------------------------------------------------------------------+
; Parameter Settings for User Entity Instance: memory4c:u_delays|deMux8:gen_blockMux[0].blockMux|deMux:first ;
+----------------+-------+-----------------------------------------------------------------------------------+
; Parameter Name ; Value ; Type                                                                              ;
+----------------+-------+-----------------------------------------------------------------------------------+
; WIDTH          ; 8     ; Signed Integer                                                                    ;
+----------------+-------+-----------------------------------------------------------------------------------+
Note: In order to hide this table in the UI and the text report file, please set the "Show Parameter Settings in Synthesis Report" option in "Analysis and Synthesis Settings -> More Settings" to "Off".


+----------------------------------------------------------------------------------------------------------+
; Parameter Settings for User Entity Instance: memory4c:u_delays|deMux8:gen_blockMux[0].blockMux|deMux4:l1 ;
+----------------+-------+---------------------------------------------------------------------------------+
; Parameter Name ; Value ; Type                                                                            ;
+----------------+-------+---------------------------------------------------------------------------------+
; WIDTH          ; 8     ; Signed Integer                                                                  ;
+----------------+-------+---------------------------------------------------------------------------------+
Note: In order to hide this table in the UI and the text report file, please set the "Show Parameter Settings in Synthesis Report" option in "Analysis and Synthesis Settings -> More Settings" to "Off".


+----------------------------------------------------------------------------------------------------------------------+
; Parameter Settings for User Entity Instance: memory4c:u_delays|deMux8:gen_blockMux[0].blockMux|deMux4:l1|deMux:first ;
+----------------+-------+---------------------------------------------------------------------------------------------+
; Parameter Name ; Value ; Type                                                                                        ;
+----------------+-------+---------------------------------------------------------------------------------------------+
; WIDTH          ; 8     ; Signed Integer                                                                              ;
+----------------+-------+---------------------------------------------------------------------------------------------+
Note: In order to hide this table in the UI and the text report file, please set the "Show Parameter Settings in Synthesis Report" option in "Analysis and Synthesis Settings -> More Settings" to "Off".


+-------------------------------------------------------------------------------------------------------------------+
; Parameter Settings for User Entity Instance: memory4c:u_delays|deMux8:gen_blockMux[0].blockMux|deMux4:l1|deMux:l1 ;
+----------------+-------+------------------------------------------------------------------------------------------+
; Parameter Name ; Value ; Type                                                                                     ;
+----------------+-------+------------------------------------------------------------------------------------------+
; WIDTH          ; 8     ; Signed Integer                                                                           ;
+----------------+-------+------------------------------------------------------------------------------------------+
Note: In order to hide this table in the UI and the text report file, please set the "Show Parameter Settings in Synthesis Report" option in "Analysis and Synthesis Settings -> More Settings" to "Off".


+-------------------------------------------------------------------------------------------------------------------+
; Parameter Settings for User Entity Instance: memory4c:u_delays|deMux8:gen_blockMux[0].blockMux|deMux4:l1|deMux:l2 ;
+----------------+-------+------------------------------------------------------------------------------------------+
; Parameter Name ; Value ; Type                                                                                     ;
+----------------+-------+------------------------------------------------------------------------------------------+
; WIDTH          ; 8     ; Signed Integer                                                                           ;
+----------------+-------+------------------------------------------------------------------------------------------+
Note: In order to hide this table in the UI and the text report file, please set the "Show Parameter Settings in Synthesis Report" option in "Analysis and Synthesis Settings -> More Settings" to "Off".


+----------------------------------------------------------------------------------------------------------+
; Parameter Settings for User Entity Instance: memory4c:u_delays|deMux8:gen_blockMux[0].blockMux|deMux4:l2 ;
+----------------+-------+---------------------------------------------------------------------------------+
; Parameter Name ; Value ; Type                                                                            ;
+----------------+-------+---------------------------------------------------------------------------------+
; WIDTH          ; 8     ; Signed Integer                                                                  ;
+----------------+-------+---------------------------------------------------------------------------------+
Note: In order to hide this table in the UI and the text report file, please set the "Show Parameter Settings in Synthesis Report" option in "Analysis and Synthesis Settings -> More Settings" to "Off".


+----------------------------------------------------------------------------------------------------------------------+
; Parameter Settings for User Entity Instance: memory4c:u_delays|deMux8:gen_blockMux[0].blockMux|deMux4:l2|deMux:first ;
+----------------+-------+---------------------------------------------------------------------------------------------+
; Parameter Name ; Value ; Type                                                                                        ;
+----------------+-------+---------------------------------------------------------------------------------------------+
; WIDTH          ; 8     ; Signed Integer                                                                              ;
+----------------+-------+---------------------------------------------------------------------------------------------+
Note: In order to hide this table in the UI and the text report file, please set the "Show Parameter Settings in Synthesis Report" option in "Analysis and Synthesis Settings -> More Settings" to "Off".


+-------------------------------------------------------------------------------------------------------------------+
; Parameter Settings for User Entity Instance: memory4c:u_delays|deMux8:gen_blockMux[0].blockMux|deMux4:l2|deMux:l1 ;
+----------------+-------+------------------------------------------------------------------------------------------+
; Parameter Name ; Value ; Type                                                                                     ;
+----------------+-------+------------------------------------------------------------------------------------------+
; WIDTH          ; 8     ; Signed Integer                                                                           ;
+----------------+-------+------------------------------------------------------------------------------------------+
Note: In order to hide this table in the UI and the text report file, please set the "Show Parameter Settings in Synthesis Report" option in "Analysis and Synthesis Settings -> More Settings" to "Off".


+-------------------------------------------------------------------------------------------------------------------+
; Parameter Settings for User Entity Instance: memory4c:u_delays|deMux8:gen_blockMux[0].blockMux|deMux4:l2|deMux:l2 ;
+----------------+-------+------------------------------------------------------------------------------------------+
; Parameter Name ; Value ; Type                                                                                     ;
+----------------+-------+------------------------------------------------------------------------------------------+
; WIDTH          ; 8     ; Signed Integer                                                                           ;
+----------------+-------+------------------------------------------------------------------------------------------+
Note: In order to hide this table in the UI and the text report file, please set the "Show Parameter Settings in Synthesis Report" option in "Analysis and Synthesis Settings -> More Settings" to "Off".


+------------------------------------------------------------------------------------------------+
; Parameter Settings for User Entity Instance: memory4c:u_delays|deMux8:gen_blockMux[1].blockMux ;
+----------------+-------+-----------------------------------------------------------------------+
; Parameter Name ; Value ; Type                                                                  ;
+----------------+-------+-----------------------------------------------------------------------+
; WIDTH          ; 8     ; Signed Integer                                                        ;
+----------------+-------+-----------------------------------------------------------------------+
Note: In order to hide this table in the UI and the text report file, please set the "Show Parameter Settings in Synthesis Report" option in "Analysis and Synthesis Settings -> More Settings" to "Off".


+------------------------------------------------------------------------------------------------------------+
; Parameter Settings for User Entity Instance: memory4c:u_delays|deMux8:gen_blockMux[1].blockMux|deMux:first ;
+----------------+-------+-----------------------------------------------------------------------------------+
; Parameter Name ; Value ; Type                                                                              ;
+----------------+-------+-----------------------------------------------------------------------------------+
; WIDTH          ; 8     ; Signed Integer                                                                    ;
+----------------+-------+-----------------------------------------------------------------------------------+
Note: In order to hide this table in the UI and the text report file, please set the "Show Parameter Settings in Synthesis Report" option in "Analysis and Synthesis Settings -> More Settings" to "Off".


+----------------------------------------------------------------------------------------------------------+
; Parameter Settings for User Entity Instance: memory4c:u_delays|deMux8:gen_blockMux[1].blockMux|deMux4:l1 ;
+----------------+-------+---------------------------------------------------------------------------------+
; Parameter Name ; Value ; Type                                                                            ;
+----------------+-------+---------------------------------------------------------------------------------+
; WIDTH          ; 8     ; Signed Integer                                                                  ;
+----------------+-------+---------------------------------------------------------------------------------+
Note: In order to hide this table in the UI and the text report file, please set the "Show Parameter Settings in Synthesis Report" option in "Analysis and Synthesis Settings -> More Settings" to "Off".


+----------------------------------------------------------------------------------------------------------------------+
; Parameter Settings for User Entity Instance: memory4c:u_delays|deMux8:gen_blockMux[1].blockMux|deMux4:l1|deMux:first ;
+----------------+-------+---------------------------------------------------------------------------------------------+
; Parameter Name ; Value ; Type                                                                                        ;
+----------------+-------+---------------------------------------------------------------------------------------------+
; WIDTH          ; 8     ; Signed Integer                                                                              ;
+----------------+-------+---------------------------------------------------------------------------------------------+
Note: In order to hide this table in the UI and the text report file, please set the "Show Parameter Settings in Synthesis Report" option in "Analysis and Synthesis Settings -> More Settings" to "Off".


+-------------------------------------------------------------------------------------------------------------------+
; Parameter Settings for User Entity Instance: memory4c:u_delays|deMux8:gen_blockMux[1].blockMux|deMux4:l1|deMux:l1 ;
+----------------+-------+------------------------------------------------------------------------------------------+
; Parameter Name ; Value ; Type                                                                                     ;
+----------------+-------+------------------------------------------------------------------------------------------+
; WIDTH          ; 8     ; Signed Integer                                                                           ;
+----------------+-------+------------------------------------------------------------------------------------------+
Note: In order to hide this table in the UI and the text report file, please set the "Show Parameter Settings in Synthesis Report" option in "Analysis and Synthesis Settings -> More Settings" to "Off".


+-------------------------------------------------------------------------------------------------------------------+
; Parameter Settings for User Entity Instance: memory4c:u_delays|deMux8:gen_blockMux[1].blockMux|deMux4:l1|deMux:l2 ;
+----------------+-------+------------------------------------------------------------------------------------------+
; Parameter Name ; Value ; Type                                                                                     ;
+----------------+-------+------------------------------------------------------------------------------------------+
; WIDTH          ; 8     ; Signed Integer                                                                           ;
+----------------+-------+------------------------------------------------------------------------------------------+
Note: In order to hide this table in the UI and the text report file, please set the "Show Parameter Settings in Synthesis Report" option in "Analysis and Synthesis Settings -> More Settings" to "Off".


+----------------------------------------------------------------------------------------------------------+
; Parameter Settings for User Entity Instance: memory4c:u_delays|deMux8:gen_blockMux[1].blockMux|deMux4:l2 ;
+----------------+-------+---------------------------------------------------------------------------------+
; Parameter Name ; Value ; Type                                                                            ;
+----------------+-------+---------------------------------------------------------------------------------+
; WIDTH          ; 8     ; Signed Integer                                                                  ;
+----------------+-------+---------------------------------------------------------------------------------+
Note: In order to hide this table in the UI and the text report file, please set the "Show Parameter Settings in Synthesis Report" option in "Analysis and Synthesis Settings -> More Settings" to "Off".


+----------------------------------------------------------------------------------------------------------------------+
; Parameter Settings for User Entity Instance: memory4c:u_delays|deMux8:gen_blockMux[1].blockMux|deMux4:l2|deMux:first ;
+----------------+-------+---------------------------------------------------------------------------------------------+
; Parameter Name ; Value ; Type                                                                                        ;
+----------------+-------+---------------------------------------------------------------------------------------------+
; WIDTH          ; 8     ; Signed Integer                                                                              ;
+----------------+-------+---------------------------------------------------------------------------------------------+
Note: In order to hide this table in the UI and the text report file, please set the "Show Parameter Settings in Synthesis Report" option in "Analysis and Synthesis Settings -> More Settings" to "Off".


+-------------------------------------------------------------------------------------------------------------------+
; Parameter Settings for User Entity Instance: memory4c:u_delays|deMux8:gen_blockMux[1].blockMux|deMux4:l2|deMux:l1 ;
+----------------+-------+------------------------------------------------------------------------------------------+
; Parameter Name ; Value ; Type                                                                                     ;
+----------------+-------+------------------------------------------------------------------------------------------+
; WIDTH          ; 8     ; Signed Integer                                                                           ;
+----------------+-------+------------------------------------------------------------------------------------------+
Note: In order to hide this table in the UI and the text report file, please set the "Show Parameter Settings in Synthesis Report" option in "Analysis and Synthesis Settings -> More Settings" to "Off".


+-------------------------------------------------------------------------------------------------------------------+
; Parameter Settings for User Entity Instance: memory4c:u_delays|deMux8:gen_blockMux[1].blockMux|deMux4:l2|deMux:l2 ;
+----------------+-------+------------------------------------------------------------------------------------------+
; Parameter Name ; Value ; Type                                                                                     ;
+----------------+-------+------------------------------------------------------------------------------------------+
; WIDTH          ; 8     ; Signed Integer                                                                           ;
+----------------+-------+------------------------------------------------------------------------------------------+
Note: In order to hide this table in the UI and the text report file, please set the "Show Parameter Settings in Synthesis Report" option in "Analysis and Synthesis Settings -> More Settings" to "Off".


+------------------------------------------------------------------------------------------------+
; Parameter Settings for User Entity Instance: memory4c:u_delays|deMux8:gen_blockMux[2].blockMux ;
+----------------+-------+-----------------------------------------------------------------------+
; Parameter Name ; Value ; Type                                                                  ;
+----------------+-------+-----------------------------------------------------------------------+
; WIDTH          ; 8     ; Signed Integer                                                        ;
+----------------+-------+-----------------------------------------------------------------------+
Note: In order to hide this table in the UI and the text report file, please set the "Show Parameter Settings in Synthesis Report" option in "Analysis and Synthesis Settings -> More Settings" to "Off".


+------------------------------------------------------------------------------------------------------------+
; Parameter Settings for User Entity Instance: memory4c:u_delays|deMux8:gen_blockMux[2].blockMux|deMux:first ;
+----------------+-------+-----------------------------------------------------------------------------------+
; Parameter Name ; Value ; Type                                                                              ;
+----------------+-------+-----------------------------------------------------------------------------------+
; WIDTH          ; 8     ; Signed Integer                                                                    ;
+----------------+-------+-----------------------------------------------------------------------------------+
Note: In order to hide this table in the UI and the text report file, please set the "Show Parameter Settings in Synthesis Report" option in "Analysis and Synthesis Settings -> More Settings" to "Off".


+----------------------------------------------------------------------------------------------------------+
; Parameter Settings for User Entity Instance: memory4c:u_delays|deMux8:gen_blockMux[2].blockMux|deMux4:l1 ;
+----------------+-------+---------------------------------------------------------------------------------+
; Parameter Name ; Value ; Type                                                                            ;
+----------------+-------+---------------------------------------------------------------------------------+
; WIDTH          ; 8     ; Signed Integer                                                                  ;
+----------------+-------+---------------------------------------------------------------------------------+
Note: In order to hide this table in the UI and the text report file, please set the "Show Parameter Settings in Synthesis Report" option in "Analysis and Synthesis Settings -> More Settings" to "Off".


+----------------------------------------------------------------------------------------------------------------------+
; Parameter Settings for User Entity Instance: memory4c:u_delays|deMux8:gen_blockMux[2].blockMux|deMux4:l1|deMux:first ;
+----------------+-------+---------------------------------------------------------------------------------------------+
; Parameter Name ; Value ; Type                                                                                        ;
+----------------+-------+---------------------------------------------------------------------------------------------+
; WIDTH          ; 8     ; Signed Integer                                                                              ;
+----------------+-------+---------------------------------------------------------------------------------------------+
Note: In order to hide this table in the UI and the text report file, please set the "Show Parameter Settings in Synthesis Report" option in "Analysis and Synthesis Settings -> More Settings" to "Off".


+-------------------------------------------------------------------------------------------------------------------+
; Parameter Settings for User Entity Instance: memory4c:u_delays|deMux8:gen_blockMux[2].blockMux|deMux4:l1|deMux:l1 ;
+----------------+-------+------------------------------------------------------------------------------------------+
; Parameter Name ; Value ; Type                                                                                     ;
+----------------+-------+------------------------------------------------------------------------------------------+
; WIDTH          ; 8     ; Signed Integer                                                                           ;
+----------------+-------+------------------------------------------------------------------------------------------+
Note: In order to hide this table in the UI and the text report file, please set the "Show Parameter Settings in Synthesis Report" option in "Analysis and Synthesis Settings -> More Settings" to "Off".


+-------------------------------------------------------------------------------------------------------------------+
; Parameter Settings for User Entity Instance: memory4c:u_delays|deMux8:gen_blockMux[2].blockMux|deMux4:l1|deMux:l2 ;
+----------------+-------+------------------------------------------------------------------------------------------+
; Parameter Name ; Value ; Type                                                                                     ;
+----------------+-------+------------------------------------------------------------------------------------------+
; WIDTH          ; 8     ; Signed Integer                                                                           ;
+----------------+-------+------------------------------------------------------------------------------------------+
Note: In order to hide this table in the UI and the text report file, please set the "Show Parameter Settings in Synthesis Report" option in "Analysis and Synthesis Settings -> More Settings" to "Off".


+----------------------------------------------------------------------------------------------------------+
; Parameter Settings for User Entity Instance: memory4c:u_delays|deMux8:gen_blockMux[2].blockMux|deMux4:l2 ;
+----------------+-------+---------------------------------------------------------------------------------+
; Parameter Name ; Value ; Type                                                                            ;
+----------------+-------+---------------------------------------------------------------------------------+
; WIDTH          ; 8     ; Signed Integer                                                                  ;
+----------------+-------+---------------------------------------------------------------------------------+
Note: In order to hide this table in the UI and the text report file, please set the "Show Parameter Settings in Synthesis Report" option in "Analysis and Synthesis Settings -> More Settings" to "Off".


+----------------------------------------------------------------------------------------------------------------------+
; Parameter Settings for User Entity Instance: memory4c:u_delays|deMux8:gen_blockMux[2].blockMux|deMux4:l2|deMux:first ;
+----------------+-------+---------------------------------------------------------------------------------------------+
; Parameter Name ; Value ; Type                                                                                        ;
+----------------+-------+---------------------------------------------------------------------------------------------+
; WIDTH          ; 8     ; Signed Integer                                                                              ;
+----------------+-------+---------------------------------------------------------------------------------------------+
Note: In order to hide this table in the UI and the text report file, please set the "Show Parameter Settings in Synthesis Report" option in "Analysis and Synthesis Settings -> More Settings" to "Off".


+-------------------------------------------------------------------------------------------------------------------+
; Parameter Settings for User Entity Instance: memory4c:u_delays|deMux8:gen_blockMux[2].blockMux|deMux4:l2|deMux:l1 ;
+----------------+-------+------------------------------------------------------------------------------------------+
; Parameter Name ; Value ; Type                                                                                     ;
+----------------+-------+------------------------------------------------------------------------------------------+
; WIDTH          ; 8     ; Signed Integer                                                                           ;
+----------------+-------+------------------------------------------------------------------------------------------+
Note: In order to hide this table in the UI and the text report file, please set the "Show Parameter Settings in Synthesis Report" option in "Analysis and Synthesis Settings -> More Settings" to "Off".


+-------------------------------------------------------------------------------------------------------------------+
; Parameter Settings for User Entity Instance: memory4c:u_delays|deMux8:gen_blockMux[2].blockMux|deMux4:l2|deMux:l2 ;
+----------------+-------+------------------------------------------------------------------------------------------+
; Parameter Name ; Value ; Type                                                                                     ;
+----------------+-------+------------------------------------------------------------------------------------------+
; WIDTH          ; 8     ; Signed Integer                                                                           ;
+----------------+-------+------------------------------------------------------------------------------------------+
Note: In order to hide this table in the UI and the text report file, please set the "Show Parameter Settings in Synthesis Report" option in "Analysis and Synthesis Settings -> More Settings" to "Off".


+------------------------------------------------------------------------------------------------+
; Parameter Settings for User Entity Instance: memory4c:u_delays|deMux8:gen_blockMux[3].blockMux ;
+----------------+-------+-----------------------------------------------------------------------+
; Parameter Name ; Value ; Type                                                                  ;
+----------------+-------+-----------------------------------------------------------------------+
; WIDTH          ; 8     ; Signed Integer                                                        ;
+----------------+-------+-----------------------------------------------------------------------+
Note: In order to hide this table in the UI and the text report file, please set the "Show Parameter Settings in Synthesis Report" option in "Analysis and Synthesis Settings -> More Settings" to "Off".


+------------------------------------------------------------------------------------------------------------+
; Parameter Settings for User Entity Instance: memory4c:u_delays|deMux8:gen_blockMux[3].blockMux|deMux:first ;
+----------------+-------+-----------------------------------------------------------------------------------+
; Parameter Name ; Value ; Type                                                                              ;
+----------------+-------+-----------------------------------------------------------------------------------+
; WIDTH          ; 8     ; Signed Integer                                                                    ;
+----------------+-------+-----------------------------------------------------------------------------------+
Note: In order to hide this table in the UI and the text report file, please set the "Show Parameter Settings in Synthesis Report" option in "Analysis and Synthesis Settings -> More Settings" to "Off".


+----------------------------------------------------------------------------------------------------------+
; Parameter Settings for User Entity Instance: memory4c:u_delays|deMux8:gen_blockMux[3].blockMux|deMux4:l1 ;
+----------------+-------+---------------------------------------------------------------------------------+
; Parameter Name ; Value ; Type                                                                            ;
+----------------+-------+---------------------------------------------------------------------------------+
; WIDTH          ; 8     ; Signed Integer                                                                  ;
+----------------+-------+---------------------------------------------------------------------------------+
Note: In order to hide this table in the UI and the text report file, please set the "Show Parameter Settings in Synthesis Report" option in "Analysis and Synthesis Settings -> More Settings" to "Off".


+----------------------------------------------------------------------------------------------------------------------+
; Parameter Settings for User Entity Instance: memory4c:u_delays|deMux8:gen_blockMux[3].blockMux|deMux4:l1|deMux:first ;
+----------------+-------+---------------------------------------------------------------------------------------------+
; Parameter Name ; Value ; Type                                                                                        ;
+----------------+-------+---------------------------------------------------------------------------------------------+
; WIDTH          ; 8     ; Signed Integer                                                                              ;
+----------------+-------+---------------------------------------------------------------------------------------------+
Note: In order to hide this table in the UI and the text report file, please set the "Show Parameter Settings in Synthesis Report" option in "Analysis and Synthesis Settings -> More Settings" to "Off".


+-------------------------------------------------------------------------------------------------------------------+
; Parameter Settings for User Entity Instance: memory4c:u_delays|deMux8:gen_blockMux[3].blockMux|deMux4:l1|deMux:l1 ;
+----------------+-------+------------------------------------------------------------------------------------------+
; Parameter Name ; Value ; Type                                                                                     ;
+----------------+-------+------------------------------------------------------------------------------------------+
; WIDTH          ; 8     ; Signed Integer                                                                           ;
+----------------+-------+------------------------------------------------------------------------------------------+
Note: In order to hide this table in the UI and the text report file, please set the "Show Parameter Settings in Synthesis Report" option in "Analysis and Synthesis Settings -> More Settings" to "Off".


+-------------------------------------------------------------------------------------------------------------------+
; Parameter Settings for User Entity Instance: memory4c:u_delays|deMux8:gen_blockMux[3].blockMux|deMux4:l1|deMux:l2 ;
+----------------+-------+------------------------------------------------------------------------------------------+
; Parameter Name ; Value ; Type                                                                                     ;
+----------------+-------+------------------------------------------------------------------------------------------+
; WIDTH          ; 8     ; Signed Integer                                                                           ;
+----------------+-------+------------------------------------------------------------------------------------------+
Note: In order to hide this table in the UI and the text report file, please set the "Show Parameter Settings in Synthesis Report" option in "Analysis and Synthesis Settings -> More Settings" to "Off".


+----------------------------------------------------------------------------------------------------------+
; Parameter Settings for User Entity Instance: memory4c:u_delays|deMux8:gen_blockMux[3].blockMux|deMux4:l2 ;
+----------------+-------+---------------------------------------------------------------------------------+
; Parameter Name ; Value ; Type                                                                            ;
+----------------+-------+---------------------------------------------------------------------------------+
; WIDTH          ; 8     ; Signed Integer                                                                  ;
+----------------+-------+---------------------------------------------------------------------------------+
Note: In order to hide this table in the UI and the text report file, please set the "Show Parameter Settings in Synthesis Report" option in "Analysis and Synthesis Settings -> More Settings" to "Off".


+----------------------------------------------------------------------------------------------------------------------+
; Parameter Settings for User Entity Instance: memory4c:u_delays|deMux8:gen_blockMux[3].blockMux|deMux4:l2|deMux:first ;
+----------------+-------+---------------------------------------------------------------------------------------------+
; Parameter Name ; Value ; Type                                                                                        ;
+----------------+-------+---------------------------------------------------------------------------------------------+
; WIDTH          ; 8     ; Signed Integer                                                                              ;
+----------------+-------+---------------------------------------------------------------------------------------------+
Note: In order to hide this table in the UI and the text report file, please set the "Show Parameter Settings in Synthesis Report" option in "Analysis and Synthesis Settings -> More Settings" to "Off".


+-------------------------------------------------------------------------------------------------------------------+
; Parameter Settings for User Entity Instance: memory4c:u_delays|deMux8:gen_blockMux[3].blockMux|deMux4:l2|deMux:l1 ;
+----------------+-------+------------------------------------------------------------------------------------------+
; Parameter Name ; Value ; Type                                                                                     ;
+----------------+-------+------------------------------------------------------------------------------------------+
; WIDTH          ; 8     ; Signed Integer                                                                           ;
+----------------+-------+------------------------------------------------------------------------------------------+
Note: In order to hide this table in the UI and the text report file, please set the "Show Parameter Settings in Synthesis Report" option in "Analysis and Synthesis Settings -> More Settings" to "Off".


+-------------------------------------------------------------------------------------------------------------------+
; Parameter Settings for User Entity Instance: memory4c:u_delays|deMux8:gen_blockMux[3].blockMux|deMux4:l2|deMux:l2 ;
+----------------+-------+------------------------------------------------------------------------------------------+
; Parameter Name ; Value ; Type                                                                                     ;
+----------------+-------+------------------------------------------------------------------------------------------+
; WIDTH          ; 8     ; Signed Integer                                                                           ;
+----------------+-------+------------------------------------------------------------------------------------------+
Note: In order to hide this table in the UI and the text report file, please set the "Show Parameter Settings in Synthesis Report" option in "Analysis and Synthesis Settings -> More Settings" to "Off".


+----------------------------------------------------------------------------------+
; Parameter Settings for User Entity Instance: memory4c:u_delays|deMux4:channelMux ;
+----------------+-------+---------------------------------------------------------+
; Parameter Name ; Value ; Type                                                    ;
+----------------+-------+---------------------------------------------------------+
; WIDTH          ; 8     ; Signed Integer                                          ;
+----------------+-------+---------------------------------------------------------+
Note: In order to hide this table in the UI and the text report file, please set the "Show Parameter Settings in Synthesis Report" option in "Analysis and Synthesis Settings -> More Settings" to "Off".


+----------------------------------------------------------------------------------------------+
; Parameter Settings for User Entity Instance: memory4c:u_delays|deMux4:channelMux|deMux:first ;
+----------------+-------+---------------------------------------------------------------------+
; Parameter Name ; Value ; Type                                                                ;
+----------------+-------+---------------------------------------------------------------------+
; WIDTH          ; 8     ; Signed Integer                                                      ;
+----------------+-------+---------------------------------------------------------------------+
Note: In order to hide this table in the UI and the text report file, please set the "Show Parameter Settings in Synthesis Report" option in "Analysis and Synthesis Settings -> More Settings" to "Off".


+-------------------------------------------------------------------------------------------+
; Parameter Settings for User Entity Instance: memory4c:u_delays|deMux4:channelMux|deMux:l1 ;
+----------------+-------+------------------------------------------------------------------+
; Parameter Name ; Value ; Type                                                             ;
+----------------+-------+------------------------------------------------------------------+
; WIDTH          ; 8     ; Signed Integer                                                   ;
+----------------+-------+------------------------------------------------------------------+
Note: In order to hide this table in the UI and the text report file, please set the "Show Parameter Settings in Synthesis Report" option in "Analysis and Synthesis Settings -> More Settings" to "Off".


+-------------------------------------------------------------------------------------------+
; Parameter Settings for User Entity Instance: memory4c:u_delays|deMux4:channelMux|deMux:l2 ;
+----------------+-------+------------------------------------------------------------------+
; Parameter Name ; Value ; Type                                                             ;
+----------------+-------+------------------------------------------------------------------+
; WIDTH          ; 8     ; Signed Integer                                                   ;
+----------------+-------+------------------------------------------------------------------+
Note: In order to hide this table in the UI and the text report file, please set the "Show Parameter Settings in Synthesis Report" option in "Analysis and Synthesis Settings -> More Settings" to "Off".


+----------------------------------------------------------------------------------------------------+
; Parameter Settings for User Entity Instance: memory4c:u_delays|deMux8:gen_blockRoute[0].blockRoute ;
+----------------+-------+---------------------------------------------------------------------------+
; Parameter Name ; Value ; Type                                                                      ;
+----------------+-------+---------------------------------------------------------------------------+
; WIDTH          ; 1     ; Signed Integer                                                            ;
+----------------+-------+---------------------------------------------------------------------------+
Note: In order to hide this table in the UI and the text report file, please set the "Show Parameter Settings in Synthesis Report" option in "Analysis and Synthesis Settings -> More Settings" to "Off".


+----------------------------------------------------------------------------------------------------------------+
; Parameter Settings for User Entity Instance: memory4c:u_delays|deMux8:gen_blockRoute[0].blockRoute|deMux:first ;
+----------------+-------+---------------------------------------------------------------------------------------+
; Parameter Name ; Value ; Type                                                                                  ;
+----------------+-------+---------------------------------------------------------------------------------------+
; WIDTH          ; 1     ; Signed Integer                                                                        ;
+----------------+-------+---------------------------------------------------------------------------------------+
Note: In order to hide this table in the UI and the text report file, please set the "Show Parameter Settings in Synthesis Report" option in "Analysis and Synthesis Settings -> More Settings" to "Off".


+--------------------------------------------------------------------------------------------------------------+
; Parameter Settings for User Entity Instance: memory4c:u_delays|deMux8:gen_blockRoute[0].blockRoute|deMux4:l1 ;
+----------------+-------+-------------------------------------------------------------------------------------+
; Parameter Name ; Value ; Type                                                                                ;
+----------------+-------+-------------------------------------------------------------------------------------+
; WIDTH          ; 1     ; Signed Integer                                                                      ;
+----------------+-------+-------------------------------------------------------------------------------------+
Note: In order to hide this table in the UI and the text report file, please set the "Show Parameter Settings in Synthesis Report" option in "Analysis and Synthesis Settings -> More Settings" to "Off".


+--------------------------------------------------------------------------------------------------------------------------+
; Parameter Settings for User Entity Instance: memory4c:u_delays|deMux8:gen_blockRoute[0].blockRoute|deMux4:l1|deMux:first ;
+----------------+-------+-------------------------------------------------------------------------------------------------+
; Parameter Name ; Value ; Type                                                                                            ;
+----------------+-------+-------------------------------------------------------------------------------------------------+
; WIDTH          ; 1     ; Signed Integer                                                                                  ;
+----------------+-------+-------------------------------------------------------------------------------------------------+
Note: In order to hide this table in the UI and the text report file, please set the "Show Parameter Settings in Synthesis Report" option in "Analysis and Synthesis Settings -> More Settings" to "Off".


+-----------------------------------------------------------------------------------------------------------------------+
; Parameter Settings for User Entity Instance: memory4c:u_delays|deMux8:gen_blockRoute[0].blockRoute|deMux4:l1|deMux:l1 ;
+----------------+-------+----------------------------------------------------------------------------------------------+
; Parameter Name ; Value ; Type                                                                                         ;
+----------------+-------+----------------------------------------------------------------------------------------------+
; WIDTH          ; 1     ; Signed Integer                                                                               ;
+----------------+-------+----------------------------------------------------------------------------------------------+
Note: In order to hide this table in the UI and the text report file, please set the "Show Parameter Settings in Synthesis Report" option in "Analysis and Synthesis Settings -> More Settings" to "Off".


+-----------------------------------------------------------------------------------------------------------------------+
; Parameter Settings for User Entity Instance: memory4c:u_delays|deMux8:gen_blockRoute[0].blockRoute|deMux4:l1|deMux:l2 ;
+----------------+-------+----------------------------------------------------------------------------------------------+
; Parameter Name ; Value ; Type                                                                                         ;
+----------------+-------+----------------------------------------------------------------------------------------------+
; WIDTH          ; 1     ; Signed Integer                                                                               ;
+----------------+-------+----------------------------------------------------------------------------------------------+
Note: In order to hide this table in the UI and the text report file, please set the "Show Parameter Settings in Synthesis Report" option in "Analysis and Synthesis Settings -> More Settings" to "Off".


+--------------------------------------------------------------------------------------------------------------+
; Parameter Settings for User Entity Instance: memory4c:u_delays|deMux8:gen_blockRoute[0].blockRoute|deMux4:l2 ;
+----------------+-------+-------------------------------------------------------------------------------------+
; Parameter Name ; Value ; Type                                                                                ;
+----------------+-------+-------------------------------------------------------------------------------------+
; WIDTH          ; 1     ; Signed Integer                                                                      ;
+----------------+-------+-------------------------------------------------------------------------------------+
Note: In order to hide this table in the UI and the text report file, please set the "Show Parameter Settings in Synthesis Report" option in "Analysis and Synthesis Settings -> More Settings" to "Off".


+--------------------------------------------------------------------------------------------------------------------------+
; Parameter Settings for User Entity Instance: memory4c:u_delays|deMux8:gen_blockRoute[0].blockRoute|deMux4:l2|deMux:first ;
+----------------+-------+-------------------------------------------------------------------------------------------------+
; Parameter Name ; Value ; Type                                                                                            ;
+----------------+-------+-------------------------------------------------------------------------------------------------+
; WIDTH          ; 1     ; Signed Integer                                                                                  ;
+----------------+-------+-------------------------------------------------------------------------------------------------+
Note: In order to hide this table in the UI and the text report file, please set the "Show Parameter Settings in Synthesis Report" option in "Analysis and Synthesis Settings -> More Settings" to "Off".


+-----------------------------------------------------------------------------------------------------------------------+
; Parameter Settings for User Entity Instance: memory4c:u_delays|deMux8:gen_blockRoute[0].blockRoute|deMux4:l2|deMux:l1 ;
+----------------+-------+----------------------------------------------------------------------------------------------+
; Parameter Name ; Value ; Type                                                                                         ;
+----------------+-------+----------------------------------------------------------------------------------------------+
; WIDTH          ; 1     ; Signed Integer                                                                               ;
+----------------+-------+----------------------------------------------------------------------------------------------+
Note: In order to hide this table in the UI and the text report file, please set the "Show Parameter Settings in Synthesis Report" option in "Analysis and Synthesis Settings -> More Settings" to "Off".


+-----------------------------------------------------------------------------------------------------------------------+
; Parameter Settings for User Entity Instance: memory4c:u_delays|deMux8:gen_blockRoute[0].blockRoute|deMux4:l2|deMux:l2 ;
+----------------+-------+----------------------------------------------------------------------------------------------+
; Parameter Name ; Value ; Type                                                                                         ;
+----------------+-------+----------------------------------------------------------------------------------------------+
; WIDTH          ; 1     ; Signed Integer                                                                               ;
+----------------+-------+----------------------------------------------------------------------------------------------+
Note: In order to hide this table in the UI and the text report file, please set the "Show Parameter Settings in Synthesis Report" option in "Analysis and Synthesis Settings -> More Settings" to "Off".


+----------------------------------------------------------------------------------------------------+
; Parameter Settings for User Entity Instance: memory4c:u_delays|deMux8:gen_blockRoute[1].blockRoute ;
+----------------+-------+---------------------------------------------------------------------------+
; Parameter Name ; Value ; Type                                                                      ;
+----------------+-------+---------------------------------------------------------------------------+
; WIDTH          ; 1     ; Signed Integer                                                            ;
+----------------+-------+---------------------------------------------------------------------------+
Note: In order to hide this table in the UI and the text report file, please set the "Show Parameter Settings in Synthesis Report" option in "Analysis and Synthesis Settings -> More Settings" to "Off".


+----------------------------------------------------------------------------------------------------------------+
; Parameter Settings for User Entity Instance: memory4c:u_delays|deMux8:gen_blockRoute[1].blockRoute|deMux:first ;
+----------------+-------+---------------------------------------------------------------------------------------+
; Parameter Name ; Value ; Type                                                                                  ;
+----------------+-------+---------------------------------------------------------------------------------------+
; WIDTH          ; 1     ; Signed Integer                                                                        ;
+----------------+-------+---------------------------------------------------------------------------------------+
Note: In order to hide this table in the UI and the text report file, please set the "Show Parameter Settings in Synthesis Report" option in "Analysis and Synthesis Settings -> More Settings" to "Off".


+--------------------------------------------------------------------------------------------------------------+
; Parameter Settings for User Entity Instance: memory4c:u_delays|deMux8:gen_blockRoute[1].blockRoute|deMux4:l1 ;
+----------------+-------+-------------------------------------------------------------------------------------+
; Parameter Name ; Value ; Type                                                                                ;
+----------------+-------+-------------------------------------------------------------------------------------+
; WIDTH          ; 1     ; Signed Integer                                                                      ;
+----------------+-------+-------------------------------------------------------------------------------------+
Note: In order to hide this table in the UI and the text report file, please set the "Show Parameter Settings in Synthesis Report" option in "Analysis and Synthesis Settings -> More Settings" to "Off".


+--------------------------------------------------------------------------------------------------------------------------+
; Parameter Settings for User Entity Instance: memory4c:u_delays|deMux8:gen_blockRoute[1].blockRoute|deMux4:l1|deMux:first ;
+----------------+-------+-------------------------------------------------------------------------------------------------+
; Parameter Name ; Value ; Type                                                                                            ;
+----------------+-------+-------------------------------------------------------------------------------------------------+
; WIDTH          ; 1     ; Signed Integer                                                                                  ;
+----------------+-------+-------------------------------------------------------------------------------------------------+
Note: In order to hide this table in the UI and the text report file, please set the "Show Parameter Settings in Synthesis Report" option in "Analysis and Synthesis Settings -> More Settings" to "Off".


+-----------------------------------------------------------------------------------------------------------------------+
; Parameter Settings for User Entity Instance: memory4c:u_delays|deMux8:gen_blockRoute[1].blockRoute|deMux4:l1|deMux:l1 ;
+----------------+-------+----------------------------------------------------------------------------------------------+
; Parameter Name ; Value ; Type                                                                                         ;
+----------------+-------+----------------------------------------------------------------------------------------------+
; WIDTH          ; 1     ; Signed Integer                                                                               ;
+----------------+-------+----------------------------------------------------------------------------------------------+
Note: In order to hide this table in the UI and the text report file, please set the "Show Parameter Settings in Synthesis Report" option in "Analysis and Synthesis Settings -> More Settings" to "Off".


+-----------------------------------------------------------------------------------------------------------------------+
; Parameter Settings for User Entity Instance: memory4c:u_delays|deMux8:gen_blockRoute[1].blockRoute|deMux4:l1|deMux:l2 ;
+----------------+-------+----------------------------------------------------------------------------------------------+
; Parameter Name ; Value ; Type                                                                                         ;
+----------------+-------+----------------------------------------------------------------------------------------------+
; WIDTH          ; 1     ; Signed Integer                                                                               ;
+----------------+-------+----------------------------------------------------------------------------------------------+
Note: In order to hide this table in the UI and the text report file, please set the "Show Parameter Settings in Synthesis Report" option in "Analysis and Synthesis Settings -> More Settings" to "Off".


+--------------------------------------------------------------------------------------------------------------+
; Parameter Settings for User Entity Instance: memory4c:u_delays|deMux8:gen_blockRoute[1].blockRoute|deMux4:l2 ;
+----------------+-------+-------------------------------------------------------------------------------------+
; Parameter Name ; Value ; Type                                                                                ;
+----------------+-------+-------------------------------------------------------------------------------------+
; WIDTH          ; 1     ; Signed Integer                                                                      ;
+----------------+-------+-------------------------------------------------------------------------------------+
Note: In order to hide this table in the UI and the text report file, please set the "Show Parameter Settings in Synthesis Report" option in "Analysis and Synthesis Settings -> More Settings" to "Off".


+--------------------------------------------------------------------------------------------------------------------------+
; Parameter Settings for User Entity Instance: memory4c:u_delays|deMux8:gen_blockRoute[1].blockRoute|deMux4:l2|deMux:first ;
+----------------+-------+-------------------------------------------------------------------------------------------------+
; Parameter Name ; Value ; Type                                                                                            ;
+----------------+-------+-------------------------------------------------------------------------------------------------+
; WIDTH          ; 1     ; Signed Integer                                                                                  ;
+----------------+-------+-------------------------------------------------------------------------------------------------+
Note: In order to hide this table in the UI and the text report file, please set the "Show Parameter Settings in Synthesis Report" option in "Analysis and Synthesis Settings -> More Settings" to "Off".


+-----------------------------------------------------------------------------------------------------------------------+
; Parameter Settings for User Entity Instance: memory4c:u_delays|deMux8:gen_blockRoute[1].blockRoute|deMux4:l2|deMux:l1 ;
+----------------+-------+----------------------------------------------------------------------------------------------+
; Parameter Name ; Value ; Type                                                                                         ;
+----------------+-------+----------------------------------------------------------------------------------------------+
; WIDTH          ; 1     ; Signed Integer                                                                               ;
+----------------+-------+----------------------------------------------------------------------------------------------+
Note: In order to hide this table in the UI and the text report file, please set the "Show Parameter Settings in Synthesis Report" option in "Analysis and Synthesis Settings -> More Settings" to "Off".


+-----------------------------------------------------------------------------------------------------------------------+
; Parameter Settings for User Entity Instance: memory4c:u_delays|deMux8:gen_blockRoute[1].blockRoute|deMux4:l2|deMux:l2 ;
+----------------+-------+----------------------------------------------------------------------------------------------+
; Parameter Name ; Value ; Type                                                                                         ;
+----------------+-------+----------------------------------------------------------------------------------------------+
; WIDTH          ; 1     ; Signed Integer                                                                               ;
+----------------+-------+----------------------------------------------------------------------------------------------+
Note: In order to hide this table in the UI and the text report file, please set the "Show Parameter Settings in Synthesis Report" option in "Analysis and Synthesis Settings -> More Settings" to "Off".


+----------------------------------------------------------------------------------------------------+
; Parameter Settings for User Entity Instance: memory4c:u_delays|deMux8:gen_blockRoute[2].blockRoute ;
+----------------+-------+---------------------------------------------------------------------------+
; Parameter Name ; Value ; Type                                                                      ;
+----------------+-------+---------------------------------------------------------------------------+
; WIDTH          ; 1     ; Signed Integer                                                            ;
+----------------+-------+---------------------------------------------------------------------------+
Note: In order to hide this table in the UI and the text report file, please set the "Show Parameter Settings in Synthesis Report" option in "Analysis and Synthesis Settings -> More Settings" to "Off".


+----------------------------------------------------------------------------------------------------------------+
; Parameter Settings for User Entity Instance: memory4c:u_delays|deMux8:gen_blockRoute[2].blockRoute|deMux:first ;
+----------------+-------+---------------------------------------------------------------------------------------+
; Parameter Name ; Value ; Type                                                                                  ;
+----------------+-------+---------------------------------------------------------------------------------------+
; WIDTH          ; 1     ; Signed Integer                                                                        ;
+----------------+-------+---------------------------------------------------------------------------------------+
Note: In order to hide this table in the UI and the text report file, please set the "Show Parameter Settings in Synthesis Report" option in "Analysis and Synthesis Settings -> More Settings" to "Off".


+--------------------------------------------------------------------------------------------------------------+
; Parameter Settings for User Entity Instance: memory4c:u_delays|deMux8:gen_blockRoute[2].blockRoute|deMux4:l1 ;
+----------------+-------+-------------------------------------------------------------------------------------+
; Parameter Name ; Value ; Type                                                                                ;
+----------------+-------+-------------------------------------------------------------------------------------+
; WIDTH          ; 1     ; Signed Integer                                                                      ;
+----------------+-------+-------------------------------------------------------------------------------------+
Note: In order to hide this table in the UI and the text report file, please set the "Show Parameter Settings in Synthesis Report" option in "Analysis and Synthesis Settings -> More Settings" to "Off".


+--------------------------------------------------------------------------------------------------------------------------+
; Parameter Settings for User Entity Instance: memory4c:u_delays|deMux8:gen_blockRoute[2].blockRoute|deMux4:l1|deMux:first ;
+----------------+-------+-------------------------------------------------------------------------------------------------+
; Parameter Name ; Value ; Type                                                                                            ;
+----------------+-------+-------------------------------------------------------------------------------------------------+
; WIDTH          ; 1     ; Signed Integer                                                                                  ;
+----------------+-------+-------------------------------------------------------------------------------------------------+
Note: In order to hide this table in the UI and the text report file, please set the "Show Parameter Settings in Synthesis Report" option in "Analysis and Synthesis Settings -> More Settings" to "Off".


+-----------------------------------------------------------------------------------------------------------------------+
; Parameter Settings for User Entity Instance: memory4c:u_delays|deMux8:gen_blockRoute[2].blockRoute|deMux4:l1|deMux:l1 ;
+----------------+-------+----------------------------------------------------------------------------------------------+
; Parameter Name ; Value ; Type                                                                                         ;
+----------------+-------+----------------------------------------------------------------------------------------------+
; WIDTH          ; 1     ; Signed Integer                                                                               ;
+----------------+-------+----------------------------------------------------------------------------------------------+
Note: In order to hide this table in the UI and the text report file, please set the "Show Parameter Settings in Synthesis Report" option in "Analysis and Synthesis Settings -> More Settings" to "Off".


+-----------------------------------------------------------------------------------------------------------------------+
; Parameter Settings for User Entity Instance: memory4c:u_delays|deMux8:gen_blockRoute[2].blockRoute|deMux4:l1|deMux:l2 ;
+----------------+-------+----------------------------------------------------------------------------------------------+
; Parameter Name ; Value ; Type                                                                                         ;
+----------------+-------+----------------------------------------------------------------------------------------------+
; WIDTH          ; 1     ; Signed Integer                                                                               ;
+----------------+-------+----------------------------------------------------------------------------------------------+
Note: In order to hide this table in the UI and the text report file, please set the "Show Parameter Settings in Synthesis Report" option in "Analysis and Synthesis Settings -> More Settings" to "Off".


+--------------------------------------------------------------------------------------------------------------+
; Parameter Settings for User Entity Instance: memory4c:u_delays|deMux8:gen_blockRoute[2].blockRoute|deMux4:l2 ;
+----------------+-------+-------------------------------------------------------------------------------------+
; Parameter Name ; Value ; Type                                                                                ;
+----------------+-------+-------------------------------------------------------------------------------------+
; WIDTH          ; 1     ; Signed Integer                                                                      ;
+----------------+-------+-------------------------------------------------------------------------------------+
Note: In order to hide this table in the UI and the text report file, please set the "Show Parameter Settings in Synthesis Report" option in "Analysis and Synthesis Settings -> More Settings" to "Off".


+--------------------------------------------------------------------------------------------------------------------------+
; Parameter Settings for User Entity Instance: memory4c:u_delays|deMux8:gen_blockRoute[2].blockRoute|deMux4:l2|deMux:first ;
+----------------+-------+-------------------------------------------------------------------------------------------------+
; Parameter Name ; Value ; Type                                                                                            ;
+----------------+-------+-------------------------------------------------------------------------------------------------+
; WIDTH          ; 1     ; Signed Integer                                                                                  ;
+----------------+-------+-------------------------------------------------------------------------------------------------+
Note: In order to hide this table in the UI and the text report file, please set the "Show Parameter Settings in Synthesis Report" option in "Analysis and Synthesis Settings -> More Settings" to "Off".


+-----------------------------------------------------------------------------------------------------------------------+
; Parameter Settings for User Entity Instance: memory4c:u_delays|deMux8:gen_blockRoute[2].blockRoute|deMux4:l2|deMux:l1 ;
+----------------+-------+----------------------------------------------------------------------------------------------+
; Parameter Name ; Value ; Type                                                                                         ;
+----------------+-------+----------------------------------------------------------------------------------------------+
; WIDTH          ; 1     ; Signed Integer                                                                               ;
+----------------+-------+----------------------------------------------------------------------------------------------+
Note: In order to hide this table in the UI and the text report file, please set the "Show Parameter Settings in Synthesis Report" option in "Analysis and Synthesis Settings -> More Settings" to "Off".


+-----------------------------------------------------------------------------------------------------------------------+
; Parameter Settings for User Entity Instance: memory4c:u_delays|deMux8:gen_blockRoute[2].blockRoute|deMux4:l2|deMux:l2 ;
+----------------+-------+----------------------------------------------------------------------------------------------+
; Parameter Name ; Value ; Type                                                                                         ;
+----------------+-------+----------------------------------------------------------------------------------------------+
; WIDTH          ; 1     ; Signed Integer                                                                               ;
+----------------+-------+----------------------------------------------------------------------------------------------+
Note: In order to hide this table in the UI and the text report file, please set the "Show Parameter Settings in Synthesis Report" option in "Analysis and Synthesis Settings -> More Settings" to "Off".


+----------------------------------------------------------------------------------------------------+
; Parameter Settings for User Entity Instance: memory4c:u_delays|deMux8:gen_blockRoute[3].blockRoute ;
+----------------+-------+---------------------------------------------------------------------------+
; Parameter Name ; Value ; Type                                                                      ;
+----------------+-------+---------------------------------------------------------------------------+
; WIDTH          ; 1     ; Signed Integer                                                            ;
+----------------+-------+---------------------------------------------------------------------------+
Note: In order to hide this table in the UI and the text report file, please set the "Show Parameter Settings in Synthesis Report" option in "Analysis and Synthesis Settings -> More Settings" to "Off".


+----------------------------------------------------------------------------------------------------------------+
; Parameter Settings for User Entity Instance: memory4c:u_delays|deMux8:gen_blockRoute[3].blockRoute|deMux:first ;
+----------------+-------+---------------------------------------------------------------------------------------+
; Parameter Name ; Value ; Type                                                                                  ;
+----------------+-------+---------------------------------------------------------------------------------------+
; WIDTH          ; 1     ; Signed Integer                                                                        ;
+----------------+-------+---------------------------------------------------------------------------------------+
Note: In order to hide this table in the UI and the text report file, please set the "Show Parameter Settings in Synthesis Report" option in "Analysis and Synthesis Settings -> More Settings" to "Off".


+--------------------------------------------------------------------------------------------------------------+
; Parameter Settings for User Entity Instance: memory4c:u_delays|deMux8:gen_blockRoute[3].blockRoute|deMux4:l1 ;
+----------------+-------+-------------------------------------------------------------------------------------+
; Parameter Name ; Value ; Type                                                                                ;
+----------------+-------+-------------------------------------------------------------------------------------+
; WIDTH          ; 1     ; Signed Integer                                                                      ;
+----------------+-------+-------------------------------------------------------------------------------------+
Note: In order to hide this table in the UI and the text report file, please set the "Show Parameter Settings in Synthesis Report" option in "Analysis and Synthesis Settings -> More Settings" to "Off".


+--------------------------------------------------------------------------------------------------------------------------+
; Parameter Settings for User Entity Instance: memory4c:u_delays|deMux8:gen_blockRoute[3].blockRoute|deMux4:l1|deMux:first ;
+----------------+-------+-------------------------------------------------------------------------------------------------+
; Parameter Name ; Value ; Type                                                                                            ;
+----------------+-------+-------------------------------------------------------------------------------------------------+
; WIDTH          ; 1     ; Signed Integer                                                                                  ;
+----------------+-------+-------------------------------------------------------------------------------------------------+
Note: In order to hide this table in the UI and the text report file, please set the "Show Parameter Settings in Synthesis Report" option in "Analysis and Synthesis Settings -> More Settings" to "Off".


+-----------------------------------------------------------------------------------------------------------------------+
; Parameter Settings for User Entity Instance: memory4c:u_delays|deMux8:gen_blockRoute[3].blockRoute|deMux4:l1|deMux:l1 ;
+----------------+-------+----------------------------------------------------------------------------------------------+
; Parameter Name ; Value ; Type                                                                                         ;
+----------------+-------+----------------------------------------------------------------------------------------------+
; WIDTH          ; 1     ; Signed Integer                                                                               ;
+----------------+-------+----------------------------------------------------------------------------------------------+
Note: In order to hide this table in the UI and the text report file, please set the "Show Parameter Settings in Synthesis Report" option in "Analysis and Synthesis Settings -> More Settings" to "Off".


+-----------------------------------------------------------------------------------------------------------------------+
; Parameter Settings for User Entity Instance: memory4c:u_delays|deMux8:gen_blockRoute[3].blockRoute|deMux4:l1|deMux:l2 ;
+----------------+-------+----------------------------------------------------------------------------------------------+
; Parameter Name ; Value ; Type                                                                                         ;
+----------------+-------+----------------------------------------------------------------------------------------------+
; WIDTH          ; 1     ; Signed Integer                                                                               ;
+----------------+-------+----------------------------------------------------------------------------------------------+
Note: In order to hide this table in the UI and the text report file, please set the "Show Parameter Settings in Synthesis Report" option in "Analysis and Synthesis Settings -> More Settings" to "Off".


+--------------------------------------------------------------------------------------------------------------+
; Parameter Settings for User Entity Instance: memory4c:u_delays|deMux8:gen_blockRoute[3].blockRoute|deMux4:l2 ;
+----------------+-------+-------------------------------------------------------------------------------------+
; Parameter Name ; Value ; Type                                                                                ;
+----------------+-------+-------------------------------------------------------------------------------------+
; WIDTH          ; 1     ; Signed Integer                                                                      ;
+----------------+-------+-------------------------------------------------------------------------------------+
Note: In order to hide this table in the UI and the text report file, please set the "Show Parameter Settings in Synthesis Report" option in "Analysis and Synthesis Settings -> More Settings" to "Off".


+--------------------------------------------------------------------------------------------------------------------------+
; Parameter Settings for User Entity Instance: memory4c:u_delays|deMux8:gen_blockRoute[3].blockRoute|deMux4:l2|deMux:first ;
+----------------+-------+-------------------------------------------------------------------------------------------------+
; Parameter Name ; Value ; Type                                                                                            ;
+----------------+-------+-------------------------------------------------------------------------------------------------+
; WIDTH          ; 1     ; Signed Integer                                                                                  ;
+----------------+-------+-------------------------------------------------------------------------------------------------+
Note: In order to hide this table in the UI and the text report file, please set the "Show Parameter Settings in Synthesis Report" option in "Analysis and Synthesis Settings -> More Settings" to "Off".


+-----------------------------------------------------------------------------------------------------------------------+
; Parameter Settings for User Entity Instance: memory4c:u_delays|deMux8:gen_blockRoute[3].blockRoute|deMux4:l2|deMux:l1 ;
+----------------+-------+----------------------------------------------------------------------------------------------+
; Parameter Name ; Value ; Type                                                                                         ;
+----------------+-------+----------------------------------------------------------------------------------------------+
; WIDTH          ; 1     ; Signed Integer                                                                               ;
+----------------+-------+----------------------------------------------------------------------------------------------+
Note: In order to hide this table in the UI and the text report file, please set the "Show Parameter Settings in Synthesis Report" option in "Analysis and Synthesis Settings -> More Settings" to "Off".


+-----------------------------------------------------------------------------------------------------------------------+
; Parameter Settings for User Entity Instance: memory4c:u_delays|deMux8:gen_blockRoute[3].blockRoute|deMux4:l2|deMux:l2 ;
+----------------+-------+----------------------------------------------------------------------------------------------+
; Parameter Name ; Value ; Type                                                                                         ;
+----------------+-------+----------------------------------------------------------------------------------------------+
; WIDTH          ; 1     ; Signed Integer                                                                               ;
+----------------+-------+----------------------------------------------------------------------------------------------+
Note: In order to hide this table in the UI and the text report file, please set the "Show Parameter Settings in Synthesis Report" option in "Analysis and Synthesis Settings -> More Settings" to "Off".


+------------------------------------------------------------------------------------+
; Parameter Settings for User Entity Instance: memory4c:u_delays|deMux4:channelRoute ;
+----------------+-------+-----------------------------------------------------------+
; Parameter Name ; Value ; Type                                                      ;
+----------------+-------+-----------------------------------------------------------+
; WIDTH          ; 1     ; Signed Integer                                            ;
+----------------+-------+-----------------------------------------------------------+
Note: In order to hide this table in the UI and the text report file, please set the "Show Parameter Settings in Synthesis Report" option in "Analysis and Synthesis Settings -> More Settings" to "Off".


+------------------------------------------------------------------------------------------------+
; Parameter Settings for User Entity Instance: memory4c:u_delays|deMux4:channelRoute|deMux:first ;
+----------------+-------+-----------------------------------------------------------------------+
; Parameter Name ; Value ; Type                                                                  ;
+----------------+-------+-----------------------------------------------------------------------+
; WIDTH          ; 1     ; Signed Integer                                                        ;
+----------------+-------+-----------------------------------------------------------------------+
Note: In order to hide this table in the UI and the text report file, please set the "Show Parameter Settings in Synthesis Report" option in "Analysis and Synthesis Settings -> More Settings" to "Off".


+---------------------------------------------------------------------------------------------+
; Parameter Settings for User Entity Instance: memory4c:u_delays|deMux4:channelRoute|deMux:l1 ;
+----------------+-------+--------------------------------------------------------------------+
; Parameter Name ; Value ; Type                                                               ;
+----------------+-------+--------------------------------------------------------------------+
; WIDTH          ; 1     ; Signed Integer                                                     ;
+----------------+-------+--------------------------------------------------------------------+
Note: In order to hide this table in the UI and the text report file, please set the "Show Parameter Settings in Synthesis Report" option in "Analysis and Synthesis Settings -> More Settings" to "Off".


+---------------------------------------------------------------------------------------------+
; Parameter Settings for User Entity Instance: memory4c:u_delays|deMux4:channelRoute|deMux:l2 ;
+----------------+-------+--------------------------------------------------------------------+
; Parameter Name ; Value ; Type                                                               ;
+----------------+-------+--------------------------------------------------------------------+
; WIDTH          ; 1     ; Signed Integer                                                     ;
+----------------+-------+--------------------------------------------------------------------+
Note: In order to hide this table in the UI and the text report file, please set the "Show Parameter Settings in Synthesis Report" option in "Analysis and Synthesis Settings -> More Settings" to "Off".


+------------------------------------------------------------------------------------------------+
; Parameter Settings for User Entity Instance: memory4c:u_delays|mux8:gen_readBlock[0].readBlock ;
+----------------+-------+-----------------------------------------------------------------------+
; Parameter Name ; Value ; Type                                                                  ;
+----------------+-------+-----------------------------------------------------------------------+
; WIDTH          ; 8     ; Signed Integer                                                        ;
+----------------+-------+-----------------------------------------------------------------------+
Note: In order to hide this table in the UI and the text report file, please set the "Show Parameter Settings in Synthesis Report" option in "Analysis and Synthesis Settings -> More Settings" to "Off".


+--------------------------------------------------------------------------------------------------------+
; Parameter Settings for User Entity Instance: memory4c:u_delays|mux8:gen_readBlock[0].readBlock|mux4:lo ;
+----------------+-------+-------------------------------------------------------------------------------+
; Parameter Name ; Value ; Type                                                                          ;
+----------------+-------+-------------------------------------------------------------------------------+
; WIDTH          ; 8     ; Signed Integer                                                                ;
+----------------+-------+-------------------------------------------------------------------------------+
Note: In order to hide this table in the UI and the text report file, please set the "Show Parameter Settings in Synthesis Report" option in "Analysis and Synthesis Settings -> More Settings" to "Off".


+---------------------------------------------------------------------------------------------------------------+
; Parameter Settings for User Entity Instance: memory4c:u_delays|mux8:gen_readBlock[0].readBlock|mux4:lo|mux:lo ;
+----------------+-------+--------------------------------------------------------------------------------------+
; Parameter Name ; Value ; Type                                                                                 ;
+----------------+-------+--------------------------------------------------------------------------------------+
; WIDTH          ; 8     ; Signed Integer                                                                       ;
+----------------+-------+--------------------------------------------------------------------------------------+
Note: In order to hide this table in the UI and the text report file, please set the "Show Parameter Settings in Synthesis Report" option in "Analysis and Synthesis Settings -> More Settings" to "Off".


+---------------------------------------------------------------------------------------------------------------+
; Parameter Settings for User Entity Instance: memory4c:u_delays|mux8:gen_readBlock[0].readBlock|mux4:lo|mux:hi ;
+----------------+-------+--------------------------------------------------------------------------------------+
; Parameter Name ; Value ; Type                                                                                 ;
+----------------+-------+--------------------------------------------------------------------------------------+
; WIDTH          ; 8     ; Signed Integer                                                                       ;
+----------------+-------+--------------------------------------------------------------------------------------+
Note: In order to hide this table in the UI and the text report file, please set the "Show Parameter Settings in Synthesis Report" option in "Analysis and Synthesis Settings -> More Settings" to "Off".


+------------------------------------------------------------------------------------------------------------------+
; Parameter Settings for User Entity Instance: memory4c:u_delays|mux8:gen_readBlock[0].readBlock|mux4:lo|mux:final ;
+----------------+-------+-----------------------------------------------------------------------------------------+
; Parameter Name ; Value ; Type                                                                                    ;
+----------------+-------+-----------------------------------------------------------------------------------------+
; WIDTH          ; 8     ; Signed Integer                                                                          ;
+----------------+-------+-----------------------------------------------------------------------------------------+
Note: In order to hide this table in the UI and the text report file, please set the "Show Parameter Settings in Synthesis Report" option in "Analysis and Synthesis Settings -> More Settings" to "Off".


+--------------------------------------------------------------------------------------------------------+
; Parameter Settings for User Entity Instance: memory4c:u_delays|mux8:gen_readBlock[0].readBlock|mux4:hi ;
+----------------+-------+-------------------------------------------------------------------------------+
; Parameter Name ; Value ; Type                                                                          ;
+----------------+-------+-------------------------------------------------------------------------------+
; WIDTH          ; 8     ; Signed Integer                                                                ;
+----------------+-------+-------------------------------------------------------------------------------+
Note: In order to hide this table in the UI and the text report file, please set the "Show Parameter Settings in Synthesis Report" option in "Analysis and Synthesis Settings -> More Settings" to "Off".


+---------------------------------------------------------------------------------------------------------------+
; Parameter Settings for User Entity Instance: memory4c:u_delays|mux8:gen_readBlock[0].readBlock|mux4:hi|mux:lo ;
+----------------+-------+--------------------------------------------------------------------------------------+
; Parameter Name ; Value ; Type                                                                                 ;
+----------------+-------+--------------------------------------------------------------------------------------+
; WIDTH          ; 8     ; Signed Integer                                                                       ;
+----------------+-------+--------------------------------------------------------------------------------------+
Note: In order to hide this table in the UI and the text report file, please set the "Show Parameter Settings in Synthesis Report" option in "Analysis and Synthesis Settings -> More Settings" to "Off".


+---------------------------------------------------------------------------------------------------------------+
; Parameter Settings for User Entity Instance: memory4c:u_delays|mux8:gen_readBlock[0].readBlock|mux4:hi|mux:hi ;
+----------------+-------+--------------------------------------------------------------------------------------+
; Parameter Name ; Value ; Type                                                                                 ;
+----------------+-------+--------------------------------------------------------------------------------------+
; WIDTH          ; 8     ; Signed Integer                                                                       ;
+----------------+-------+--------------------------------------------------------------------------------------+
Note: In order to hide this table in the UI and the text report file, please set the "Show Parameter Settings in Synthesis Report" option in "Analysis and Synthesis Settings -> More Settings" to "Off".


+------------------------------------------------------------------------------------------------------------------+
; Parameter Settings for User Entity Instance: memory4c:u_delays|mux8:gen_readBlock[0].readBlock|mux4:hi|mux:final ;
+----------------+-------+-----------------------------------------------------------------------------------------+
; Parameter Name ; Value ; Type                                                                                    ;
+----------------+-------+-----------------------------------------------------------------------------------------+
; WIDTH          ; 8     ; Signed Integer                                                                          ;
+----------------+-------+-----------------------------------------------------------------------------------------+
Note: In order to hide this table in the UI and the text report file, please set the "Show Parameter Settings in Synthesis Report" option in "Analysis and Synthesis Settings -> More Settings" to "Off".


+----------------------------------------------------------------------------------------------------------+
; Parameter Settings for User Entity Instance: memory4c:u_delays|mux8:gen_readBlock[0].readBlock|mux:final ;
+----------------+-------+---------------------------------------------------------------------------------+
; Parameter Name ; Value ; Type                                                                            ;
+----------------+-------+---------------------------------------------------------------------------------+
; WIDTH          ; 8     ; Signed Integer                                                                  ;
+----------------+-------+---------------------------------------------------------------------------------+
Note: In order to hide this table in the UI and the text report file, please set the "Show Parameter Settings in Synthesis Report" option in "Analysis and Synthesis Settings -> More Settings" to "Off".


+------------------------------------------------------------------------------------------------+
; Parameter Settings for User Entity Instance: memory4c:u_delays|mux8:gen_readBlock[1].readBlock ;
+----------------+-------+-----------------------------------------------------------------------+
; Parameter Name ; Value ; Type                                                                  ;
+----------------+-------+-----------------------------------------------------------------------+
; WIDTH          ; 8     ; Signed Integer                                                        ;
+----------------+-------+-----------------------------------------------------------------------+
Note: In order to hide this table in the UI and the text report file, please set the "Show Parameter Settings in Synthesis Report" option in "Analysis and Synthesis Settings -> More Settings" to "Off".


+--------------------------------------------------------------------------------------------------------+
; Parameter Settings for User Entity Instance: memory4c:u_delays|mux8:gen_readBlock[1].readBlock|mux4:lo ;
+----------------+-------+-------------------------------------------------------------------------------+
; Parameter Name ; Value ; Type                                                                          ;
+----------------+-------+-------------------------------------------------------------------------------+
; WIDTH          ; 8     ; Signed Integer                                                                ;
+----------------+-------+-------------------------------------------------------------------------------+
Note: In order to hide this table in the UI and the text report file, please set the "Show Parameter Settings in Synthesis Report" option in "Analysis and Synthesis Settings -> More Settings" to "Off".


+---------------------------------------------------------------------------------------------------------------+
; Parameter Settings for User Entity Instance: memory4c:u_delays|mux8:gen_readBlock[1].readBlock|mux4:lo|mux:lo ;
+----------------+-------+--------------------------------------------------------------------------------------+
; Parameter Name ; Value ; Type                                                                                 ;
+----------------+-------+--------------------------------------------------------------------------------------+
; WIDTH          ; 8     ; Signed Integer                                                                       ;
+----------------+-------+--------------------------------------------------------------------------------------+
Note: In order to hide this table in the UI and the text report file, please set the "Show Parameter Settings in Synthesis Report" option in "Analysis and Synthesis Settings -> More Settings" to "Off".


+---------------------------------------------------------------------------------------------------------------+
; Parameter Settings for User Entity Instance: memory4c:u_delays|mux8:gen_readBlock[1].readBlock|mux4:lo|mux:hi ;
+----------------+-------+--------------------------------------------------------------------------------------+
; Parameter Name ; Value ; Type                                                                                 ;
+----------------+-------+--------------------------------------------------------------------------------------+
; WIDTH          ; 8     ; Signed Integer                                                                       ;
+----------------+-------+--------------------------------------------------------------------------------------+
Note: In order to hide this table in the UI and the text report file, please set the "Show Parameter Settings in Synthesis Report" option in "Analysis and Synthesis Settings -> More Settings" to "Off".


+------------------------------------------------------------------------------------------------------------------+
; Parameter Settings for User Entity Instance: memory4c:u_delays|mux8:gen_readBlock[1].readBlock|mux4:lo|mux:final ;
+----------------+-------+-----------------------------------------------------------------------------------------+
; Parameter Name ; Value ; Type                                                                                    ;
+----------------+-------+-----------------------------------------------------------------------------------------+
; WIDTH          ; 8     ; Signed Integer                                                                          ;
+----------------+-------+-----------------------------------------------------------------------------------------+
Note: In order to hide this table in the UI and the text report file, please set the "Show Parameter Settings in Synthesis Report" option in "Analysis and Synthesis Settings -> More Settings" to "Off".


+--------------------------------------------------------------------------------------------------------+
; Parameter Settings for User Entity Instance: memory4c:u_delays|mux8:gen_readBlock[1].readBlock|mux4:hi ;
+----------------+-------+-------------------------------------------------------------------------------+
; Parameter Name ; Value ; Type                                                                          ;
+----------------+-------+-------------------------------------------------------------------------------+
; WIDTH          ; 8     ; Signed Integer                                                                ;
+----------------+-------+-------------------------------------------------------------------------------+
Note: In order to hide this table in the UI and the text report file, please set the "Show Parameter Settings in Synthesis Report" option in "Analysis and Synthesis Settings -> More Settings" to "Off".


+---------------------------------------------------------------------------------------------------------------+
; Parameter Settings for User Entity Instance: memory4c:u_delays|mux8:gen_readBlock[1].readBlock|mux4:hi|mux:lo ;
+----------------+-------+--------------------------------------------------------------------------------------+
; Parameter Name ; Value ; Type                                                                                 ;
+----------------+-------+--------------------------------------------------------------------------------------+
; WIDTH          ; 8     ; Signed Integer                                                                       ;
+----------------+-------+--------------------------------------------------------------------------------------+
Note: In order to hide this table in the UI and the text report file, please set the "Show Parameter Settings in Synthesis Report" option in "Analysis and Synthesis Settings -> More Settings" to "Off".


+---------------------------------------------------------------------------------------------------------------+
; Parameter Settings for User Entity Instance: memory4c:u_delays|mux8:gen_readBlock[1].readBlock|mux4:hi|mux:hi ;
+----------------+-------+--------------------------------------------------------------------------------------+
; Parameter Name ; Value ; Type                                                                                 ;
+----------------+-------+--------------------------------------------------------------------------------------+
; WIDTH          ; 8     ; Signed Integer                                                                       ;
+----------------+-------+--------------------------------------------------------------------------------------+
Note: In order to hide this table in the UI and the text report file, please set the "Show Parameter Settings in Synthesis Report" option in "Analysis and Synthesis Settings -> More Settings" to "Off".


+------------------------------------------------------------------------------------------------------------------+
; Parameter Settings for User Entity Instance: memory4c:u_delays|mux8:gen_readBlock[1].readBlock|mux4:hi|mux:final ;
+----------------+-------+-----------------------------------------------------------------------------------------+
; Parameter Name ; Value ; Type                                                                                    ;
+----------------+-------+-----------------------------------------------------------------------------------------+
; WIDTH          ; 8     ; Signed Integer                                                                          ;
+----------------+-------+-----------------------------------------------------------------------------------------+
Note: In order to hide this table in the UI and the text report file, please set the "Show Parameter Settings in Synthesis Report" option in "Analysis and Synthesis Settings -> More Settings" to "Off".


+----------------------------------------------------------------------------------------------------------+
; Parameter Settings for User Entity Instance: memory4c:u_delays|mux8:gen_readBlock[1].readBlock|mux:final ;
+----------------+-------+---------------------------------------------------------------------------------+
; Parameter Name ; Value ; Type                                                                            ;
+----------------+-------+---------------------------------------------------------------------------------+
; WIDTH          ; 8     ; Signed Integer                                                                  ;
+----------------+-------+---------------------------------------------------------------------------------+
Note: In order to hide this table in the UI and the text report file, please set the "Show Parameter Settings in Synthesis Report" option in "Analysis and Synthesis Settings -> More Settings" to "Off".


+------------------------------------------------------------------------------------------------+
; Parameter Settings for User Entity Instance: memory4c:u_delays|mux8:gen_readBlock[2].readBlock ;
+----------------+-------+-----------------------------------------------------------------------+
; Parameter Name ; Value ; Type                                                                  ;
+----------------+-------+-----------------------------------------------------------------------+
; WIDTH          ; 8     ; Signed Integer                                                        ;
+----------------+-------+-----------------------------------------------------------------------+
Note: In order to hide this table in the UI and the text report file, please set the "Show Parameter Settings in Synthesis Report" option in "Analysis and Synthesis Settings -> More Settings" to "Off".


+--------------------------------------------------------------------------------------------------------+
; Parameter Settings for User Entity Instance: memory4c:u_delays|mux8:gen_readBlock[2].readBlock|mux4:lo ;
+----------------+-------+-------------------------------------------------------------------------------+
; Parameter Name ; Value ; Type                                                                          ;
+----------------+-------+-------------------------------------------------------------------------------+
; WIDTH          ; 8     ; Signed Integer                                                                ;
+----------------+-------+-------------------------------------------------------------------------------+
Note: In order to hide this table in the UI and the text report file, please set the "Show Parameter Settings in Synthesis Report" option in "Analysis and Synthesis Settings -> More Settings" to "Off".


+---------------------------------------------------------------------------------------------------------------+
; Parameter Settings for User Entity Instance: memory4c:u_delays|mux8:gen_readBlock[2].readBlock|mux4:lo|mux:lo ;
+----------------+-------+--------------------------------------------------------------------------------------+
; Parameter Name ; Value ; Type                                                                                 ;
+----------------+-------+--------------------------------------------------------------------------------------+
; WIDTH          ; 8     ; Signed Integer                                                                       ;
+----------------+-------+--------------------------------------------------------------------------------------+
Note: In order to hide this table in the UI and the text report file, please set the "Show Parameter Settings in Synthesis Report" option in "Analysis and Synthesis Settings -> More Settings" to "Off".


+---------------------------------------------------------------------------------------------------------------+
; Parameter Settings for User Entity Instance: memory4c:u_delays|mux8:gen_readBlock[2].readBlock|mux4:lo|mux:hi ;
+----------------+-------+--------------------------------------------------------------------------------------+
; Parameter Name ; Value ; Type                                                                                 ;
+----------------+-------+--------------------------------------------------------------------------------------+
; WIDTH          ; 8     ; Signed Integer                                                                       ;
+----------------+-------+--------------------------------------------------------------------------------------+
Note: In order to hide this table in the UI and the text report file, please set the "Show Parameter Settings in Synthesis Report" option in "Analysis and Synthesis Settings -> More Settings" to "Off".


+------------------------------------------------------------------------------------------------------------------+
; Parameter Settings for User Entity Instance: memory4c:u_delays|mux8:gen_readBlock[2].readBlock|mux4:lo|mux:final ;
+----------------+-------+-----------------------------------------------------------------------------------------+
; Parameter Name ; Value ; Type                                                                                    ;
+----------------+-------+-----------------------------------------------------------------------------------------+
; WIDTH          ; 8     ; Signed Integer                                                                          ;
+----------------+-------+-----------------------------------------------------------------------------------------+
Note: In order to hide this table in the UI and the text report file, please set the "Show Parameter Settings in Synthesis Report" option in "Analysis and Synthesis Settings -> More Settings" to "Off".


+--------------------------------------------------------------------------------------------------------+
; Parameter Settings for User Entity Instance: memory4c:u_delays|mux8:gen_readBlock[2].readBlock|mux4:hi ;
+----------------+-------+-------------------------------------------------------------------------------+
; Parameter Name ; Value ; Type                                                                          ;
+----------------+-------+-------------------------------------------------------------------------------+
; WIDTH          ; 8     ; Signed Integer                                                                ;
+----------------+-------+-------------------------------------------------------------------------------+
Note: In order to hide this table in the UI and the text report file, please set the "Show Parameter Settings in Synthesis Report" option in "Analysis and Synthesis Settings -> More Settings" to "Off".


+---------------------------------------------------------------------------------------------------------------+
; Parameter Settings for User Entity Instance: memory4c:u_delays|mux8:gen_readBlock[2].readBlock|mux4:hi|mux:lo ;
+----------------+-------+--------------------------------------------------------------------------------------+
; Parameter Name ; Value ; Type                                                                                 ;
+----------------+-------+--------------------------------------------------------------------------------------+
; WIDTH          ; 8     ; Signed Integer                                                                       ;
+----------------+-------+--------------------------------------------------------------------------------------+
Note: In order to hide this table in the UI and the text report file, please set the "Show Parameter Settings in Synthesis Report" option in "Analysis and Synthesis Settings -> More Settings" to "Off".


+---------------------------------------------------------------------------------------------------------------+
; Parameter Settings for User Entity Instance: memory4c:u_delays|mux8:gen_readBlock[2].readBlock|mux4:hi|mux:hi ;
+----------------+-------+--------------------------------------------------------------------------------------+
; Parameter Name ; Value ; Type                                                                                 ;
+----------------+-------+--------------------------------------------------------------------------------------+
; WIDTH          ; 8     ; Signed Integer                                                                       ;
+----------------+-------+--------------------------------------------------------------------------------------+
Note: In order to hide this table in the UI and the text report file, please set the "Show Parameter Settings in Synthesis Report" option in "Analysis and Synthesis Settings -> More Settings" to "Off".


+------------------------------------------------------------------------------------------------------------------+
; Parameter Settings for User Entity Instance: memory4c:u_delays|mux8:gen_readBlock[2].readBlock|mux4:hi|mux:final ;
+----------------+-------+-----------------------------------------------------------------------------------------+
; Parameter Name ; Value ; Type                                                                                    ;
+----------------+-------+-----------------------------------------------------------------------------------------+
; WIDTH          ; 8     ; Signed Integer                                                                          ;
+----------------+-------+-----------------------------------------------------------------------------------------+
Note: In order to hide this table in the UI and the text report file, please set the "Show Parameter Settings in Synthesis Report" option in "Analysis and Synthesis Settings -> More Settings" to "Off".


+----------------------------------------------------------------------------------------------------------+
; Parameter Settings for User Entity Instance: memory4c:u_delays|mux8:gen_readBlock[2].readBlock|mux:final ;
+----------------+-------+---------------------------------------------------------------------------------+
; Parameter Name ; Value ; Type                                                                            ;
+----------------+-------+---------------------------------------------------------------------------------+
; WIDTH          ; 8     ; Signed Integer                                                                  ;
+----------------+-------+---------------------------------------------------------------------------------+
Note: In order to hide this table in the UI and the text report file, please set the "Show Parameter Settings in Synthesis Report" option in "Analysis and Synthesis Settings -> More Settings" to "Off".


+------------------------------------------------------------------------------------------------+
; Parameter Settings for User Entity Instance: memory4c:u_delays|mux8:gen_readBlock[3].readBlock ;
+----------------+-------+-----------------------------------------------------------------------+
; Parameter Name ; Value ; Type                                                                  ;
+----------------+-------+-----------------------------------------------------------------------+
; WIDTH          ; 8     ; Signed Integer                                                        ;
+----------------+-------+-----------------------------------------------------------------------+
Note: In order to hide this table in the UI and the text report file, please set the "Show Parameter Settings in Synthesis Report" option in "Analysis and Synthesis Settings -> More Settings" to "Off".


+--------------------------------------------------------------------------------------------------------+
; Parameter Settings for User Entity Instance: memory4c:u_delays|mux8:gen_readBlock[3].readBlock|mux4:lo ;
+----------------+-------+-------------------------------------------------------------------------------+
; Parameter Name ; Value ; Type                                                                          ;
+----------------+-------+-------------------------------------------------------------------------------+
; WIDTH          ; 8     ; Signed Integer                                                                ;
+----------------+-------+-------------------------------------------------------------------------------+
Note: In order to hide this table in the UI and the text report file, please set the "Show Parameter Settings in Synthesis Report" option in "Analysis and Synthesis Settings -> More Settings" to "Off".


+---------------------------------------------------------------------------------------------------------------+
; Parameter Settings for User Entity Instance: memory4c:u_delays|mux8:gen_readBlock[3].readBlock|mux4:lo|mux:lo ;
+----------------+-------+--------------------------------------------------------------------------------------+
; Parameter Name ; Value ; Type                                                                                 ;
+----------------+-------+--------------------------------------------------------------------------------------+
; WIDTH          ; 8     ; Signed Integer                                                                       ;
+----------------+-------+--------------------------------------------------------------------------------------+
Note: In order to hide this table in the UI and the text report file, please set the "Show Parameter Settings in Synthesis Report" option in "Analysis and Synthesis Settings -> More Settings" to "Off".


+---------------------------------------------------------------------------------------------------------------+
; Parameter Settings for User Entity Instance: memory4c:u_delays|mux8:gen_readBlock[3].readBlock|mux4:lo|mux:hi ;
+----------------+-------+--------------------------------------------------------------------------------------+
; Parameter Name ; Value ; Type                                                                                 ;
+----------------+-------+--------------------------------------------------------------------------------------+
; WIDTH          ; 8     ; Signed Integer                                                                       ;
+----------------+-------+--------------------------------------------------------------------------------------+
Note: In order to hide this table in the UI and the text report file, please set the "Show Parameter Settings in Synthesis Report" option in "Analysis and Synthesis Settings -> More Settings" to "Off".


+------------------------------------------------------------------------------------------------------------------+
; Parameter Settings for User Entity Instance: memory4c:u_delays|mux8:gen_readBlock[3].readBlock|mux4:lo|mux:final ;
+----------------+-------+-----------------------------------------------------------------------------------------+
; Parameter Name ; Value ; Type                                                                                    ;
+----------------+-------+-----------------------------------------------------------------------------------------+
; WIDTH          ; 8     ; Signed Integer                                                                          ;
+----------------+-------+-----------------------------------------------------------------------------------------+
Note: In order to hide this table in the UI and the text report file, please set the "Show Parameter Settings in Synthesis Report" option in "Analysis and Synthesis Settings -> More Settings" to "Off".


+--------------------------------------------------------------------------------------------------------+
; Parameter Settings for User Entity Instance: memory4c:u_delays|mux8:gen_readBlock[3].readBlock|mux4:hi ;
+----------------+-------+-------------------------------------------------------------------------------+
; Parameter Name ; Value ; Type                                                                          ;
+----------------+-------+-------------------------------------------------------------------------------+
; WIDTH          ; 8     ; Signed Integer                                                                ;
+----------------+-------+-------------------------------------------------------------------------------+
Note: In order to hide this table in the UI and the text report file, please set the "Show Parameter Settings in Synthesis Report" option in "Analysis and Synthesis Settings -> More Settings" to "Off".


+---------------------------------------------------------------------------------------------------------------+
; Parameter Settings for User Entity Instance: memory4c:u_delays|mux8:gen_readBlock[3].readBlock|mux4:hi|mux:lo ;
+----------------+-------+--------------------------------------------------------------------------------------+
; Parameter Name ; Value ; Type                                                                                 ;
+----------------+-------+--------------------------------------------------------------------------------------+
; WIDTH          ; 8     ; Signed Integer                                                                       ;
+----------------+-------+--------------------------------------------------------------------------------------+
Note: In order to hide this table in the UI and the text report file, please set the "Show Parameter Settings in Synthesis Report" option in "Analysis and Synthesis Settings -> More Settings" to "Off".


+---------------------------------------------------------------------------------------------------------------+
; Parameter Settings for User Entity Instance: memory4c:u_delays|mux8:gen_readBlock[3].readBlock|mux4:hi|mux:hi ;
+----------------+-------+--------------------------------------------------------------------------------------+
; Parameter Name ; Value ; Type                                                                                 ;
+----------------+-------+--------------------------------------------------------------------------------------+
; WIDTH          ; 8     ; Signed Integer                                                                       ;
+----------------+-------+--------------------------------------------------------------------------------------+
Note: In order to hide this table in the UI and the text report file, please set the "Show Parameter Settings in Synthesis Report" option in "Analysis and Synthesis Settings -> More Settings" to "Off".


+------------------------------------------------------------------------------------------------------------------+
; Parameter Settings for User Entity Instance: memory4c:u_delays|mux8:gen_readBlock[3].readBlock|mux4:hi|mux:final ;
+----------------+-------+-----------------------------------------------------------------------------------------+
; Parameter Name ; Value ; Type                                                                                    ;
+----------------+-------+-----------------------------------------------------------------------------------------+
; WIDTH          ; 8     ; Signed Integer                                                                          ;
+----------------+-------+-----------------------------------------------------------------------------------------+
Note: In order to hide this table in the UI and the text report file, please set the "Show Parameter Settings in Synthesis Report" option in "Analysis and Synthesis Settings -> More Settings" to "Off".


+----------------------------------------------------------------------------------------------------------+
; Parameter Settings for User Entity Instance: memory4c:u_delays|mux8:gen_readBlock[3].readBlock|mux:final ;
+----------------+-------+---------------------------------------------------------------------------------+
; Parameter Name ; Value ; Type                                                                            ;
+----------------+-------+---------------------------------------------------------------------------------+
; WIDTH          ; 8     ; Signed Integer                                                                  ;
+----------------+-------+---------------------------------------------------------------------------------+
Note: In order to hide this table in the UI and the text report file, please set the "Show Parameter Settings in Synthesis Report" option in "Analysis and Synthesis Settings -> More Settings" to "Off".


+--------------------------------------------------------------------------------------+
; Parameter Settings for User Entity Instance: memory4c:u_delays|mux4:memChannelOutput ;
+----------------+-------+-------------------------------------------------------------+
; Parameter Name ; Value ; Type                                                        ;
+----------------+-------+-------------------------------------------------------------+
; WIDTH          ; 8     ; Signed Integer                                              ;
+----------------+-------+-------------------------------------------------------------+
Note: In order to hide this table in the UI and the text report file, please set the "Show Parameter Settings in Synthesis Report" option in "Analysis and Synthesis Settings -> More Settings" to "Off".


+---------------------------------------------------------------------------------------------+
; Parameter Settings for User Entity Instance: memory4c:u_delays|mux4:memChannelOutput|mux:lo ;
+----------------+-------+--------------------------------------------------------------------+
; Parameter Name ; Value ; Type                                                               ;
+----------------+-------+--------------------------------------------------------------------+
; WIDTH          ; 8     ; Signed Integer                                                     ;
+----------------+-------+--------------------------------------------------------------------+
Note: In order to hide this table in the UI and the text report file, please set the "Show Parameter Settings in Synthesis Report" option in "Analysis and Synthesis Settings -> More Settings" to "Off".


+---------------------------------------------------------------------------------------------+
; Parameter Settings for User Entity Instance: memory4c:u_delays|mux4:memChannelOutput|mux:hi ;
+----------------+-------+--------------------------------------------------------------------+
; Parameter Name ; Value ; Type                                                               ;
+----------------+-------+--------------------------------------------------------------------+
; WIDTH          ; 8     ; Signed Integer                                                     ;
+----------------+-------+--------------------------------------------------------------------+
Note: In order to hide this table in the UI and the text report file, please set the "Show Parameter Settings in Synthesis Report" option in "Analysis and Synthesis Settings -> More Settings" to "Off".


+------------------------------------------------------------------------------------------------+
; Parameter Settings for User Entity Instance: memory4c:u_delays|mux4:memChannelOutput|mux:final ;
+----------------+-------+-----------------------------------------------------------------------+
; Parameter Name ; Value ; Type                                                                  ;
+----------------+-------+-----------------------------------------------------------------------+
; WIDTH          ; 8     ; Signed Integer                                                        ;
+----------------+-------+-----------------------------------------------------------------------+
Note: In order to hide this table in the UI and the text report file, please set the "Show Parameter Settings in Synthesis Report" option in "Analysis and Synthesis Settings -> More Settings" to "Off".


+---------------------------------------------------------------------------------+
; Parameter Settings for User Entity Instance: memory4c:u_widths|storage:block[0] ;
+----------------+-------+--------------------------------------------------------+
; Parameter Name ; Value ; Type                                                   ;
+----------------+-------+--------------------------------------------------------+
; SIZE           ; 8     ; Signed Integer                                         ;
+----------------+-------+--------------------------------------------------------+
Note: In order to hide this table in the UI and the text report file, please set the "Show Parameter Settings in Synthesis Report" option in "Analysis and Synthesis Settings -> More Settings" to "Off".


+---------------------------------------------------------------------------------+
; Parameter Settings for User Entity Instance: memory4c:u_widths|storage:block[1] ;
+----------------+-------+--------------------------------------------------------+
; Parameter Name ; Value ; Type                                                   ;
+----------------+-------+--------------------------------------------------------+
; SIZE           ; 8     ; Signed Integer                                         ;
+----------------+-------+--------------------------------------------------------+
Note: In order to hide this table in the UI and the text report file, please set the "Show Parameter Settings in Synthesis Report" option in "Analysis and Synthesis Settings -> More Settings" to "Off".


+---------------------------------------------------------------------------------+
; Parameter Settings for User Entity Instance: memory4c:u_widths|storage:block[2] ;
+----------------+-------+--------------------------------------------------------+
; Parameter Name ; Value ; Type                                                   ;
+----------------+-------+--------------------------------------------------------+
; SIZE           ; 8     ; Signed Integer                                         ;
+----------------+-------+--------------------------------------------------------+
Note: In order to hide this table in the UI and the text report file, please set the "Show Parameter Settings in Synthesis Report" option in "Analysis and Synthesis Settings -> More Settings" to "Off".


+---------------------------------------------------------------------------------+
; Parameter Settings for User Entity Instance: memory4c:u_widths|storage:block[3] ;
+----------------+-------+--------------------------------------------------------+
; Parameter Name ; Value ; Type                                                   ;
+----------------+-------+--------------------------------------------------------+
; SIZE           ; 8     ; Signed Integer                                         ;
+----------------+-------+--------------------------------------------------------+
Note: In order to hide this table in the UI and the text report file, please set the "Show Parameter Settings in Synthesis Report" option in "Analysis and Synthesis Settings -> More Settings" to "Off".


+---------------------------------------------------------------------------------+
; Parameter Settings for User Entity Instance: memory4c:u_widths|storage:block[4] ;
+----------------+-------+--------------------------------------------------------+
; Parameter Name ; Value ; Type                                                   ;
+----------------+-------+--------------------------------------------------------+
; SIZE           ; 8     ; Signed Integer                                         ;
+----------------+-------+--------------------------------------------------------+
Note: In order to hide this table in the UI and the text report file, please set the "Show Parameter Settings in Synthesis Report" option in "Analysis and Synthesis Settings -> More Settings" to "Off".


+---------------------------------------------------------------------------------+
; Parameter Settings for User Entity Instance: memory4c:u_widths|storage:block[5] ;
+----------------+-------+--------------------------------------------------------+
; Parameter Name ; Value ; Type                                                   ;
+----------------+-------+--------------------------------------------------------+
; SIZE           ; 8     ; Signed Integer                                         ;
+----------------+-------+--------------------------------------------------------+
Note: In order to hide this table in the UI and the text report file, please set the "Show Parameter Settings in Synthesis Report" option in "Analysis and Synthesis Settings -> More Settings" to "Off".


+---------------------------------------------------------------------------------+
; Parameter Settings for User Entity Instance: memory4c:u_widths|storage:block[6] ;
+----------------+-------+--------------------------------------------------------+
; Parameter Name ; Value ; Type                                                   ;
+----------------+-------+--------------------------------------------------------+
; SIZE           ; 8     ; Signed Integer                                         ;
+----------------+-------+--------------------------------------------------------+
Note: In order to hide this table in the UI and the text report file, please set the "Show Parameter Settings in Synthesis Report" option in "Analysis and Synthesis Settings -> More Settings" to "Off".


+---------------------------------------------------------------------------------+
; Parameter Settings for User Entity Instance: memory4c:u_widths|storage:block[7] ;
+----------------+-------+--------------------------------------------------------+
; Parameter Name ; Value ; Type                                                   ;
+----------------+-------+--------------------------------------------------------+
; SIZE           ; 8     ; Signed Integer                                         ;
+----------------+-------+--------------------------------------------------------+
Note: In order to hide this table in the UI and the text report file, please set the "Show Parameter Settings in Synthesis Report" option in "Analysis and Synthesis Settings -> More Settings" to "Off".


+---------------------------------------------------------------------------------+
; Parameter Settings for User Entity Instance: memory4c:u_widths|storage:block[8] ;
+----------------+-------+--------------------------------------------------------+
; Parameter Name ; Value ; Type                                                   ;
+----------------+-------+--------------------------------------------------------+
; SIZE           ; 8     ; Signed Integer                                         ;
+----------------+-------+--------------------------------------------------------+
Note: In order to hide this table in the UI and the text report file, please set the "Show Parameter Settings in Synthesis Report" option in "Analysis and Synthesis Settings -> More Settings" to "Off".


+---------------------------------------------------------------------------------+
; Parameter Settings for User Entity Instance: memory4c:u_widths|storage:block[9] ;
+----------------+-------+--------------------------------------------------------+
; Parameter Name ; Value ; Type                                                   ;
+----------------+-------+--------------------------------------------------------+
; SIZE           ; 8     ; Signed Integer                                         ;
+----------------+-------+--------------------------------------------------------+
Note: In order to hide this table in the UI and the text report file, please set the "Show Parameter Settings in Synthesis Report" option in "Analysis and Synthesis Settings -> More Settings" to "Off".


+----------------------------------------------------------------------------------+
; Parameter Settings for User Entity Instance: memory4c:u_widths|storage:block[10] ;
+----------------+-------+---------------------------------------------------------+
; Parameter Name ; Value ; Type                                                    ;
+----------------+-------+---------------------------------------------------------+
; SIZE           ; 8     ; Signed Integer                                          ;
+----------------+-------+---------------------------------------------------------+
Note: In order to hide this table in the UI and the text report file, please set the "Show Parameter Settings in Synthesis Report" option in "Analysis and Synthesis Settings -> More Settings" to "Off".


+----------------------------------------------------------------------------------+
; Parameter Settings for User Entity Instance: memory4c:u_widths|storage:block[11] ;
+----------------+-------+---------------------------------------------------------+
; Parameter Name ; Value ; Type                                                    ;
+----------------+-------+---------------------------------------------------------+
; SIZE           ; 8     ; Signed Integer                                          ;
+----------------+-------+---------------------------------------------------------+
Note: In order to hide this table in the UI and the text report file, please set the "Show Parameter Settings in Synthesis Report" option in "Analysis and Synthesis Settings -> More Settings" to "Off".


+----------------------------------------------------------------------------------+
; Parameter Settings for User Entity Instance: memory4c:u_widths|storage:block[12] ;
+----------------+-------+---------------------------------------------------------+
; Parameter Name ; Value ; Type                                                    ;
+----------------+-------+---------------------------------------------------------+
; SIZE           ; 8     ; Signed Integer                                          ;
+----------------+-------+---------------------------------------------------------+
Note: In order to hide this table in the UI and the text report file, please set the "Show Parameter Settings in Synthesis Report" option in "Analysis and Synthesis Settings -> More Settings" to "Off".


+----------------------------------------------------------------------------------+
; Parameter Settings for User Entity Instance: memory4c:u_widths|storage:block[13] ;
+----------------+-------+---------------------------------------------------------+
; Parameter Name ; Value ; Type                                                    ;
+----------------+-------+---------------------------------------------------------+
; SIZE           ; 8     ; Signed Integer                                          ;
+----------------+-------+---------------------------------------------------------+
Note: In order to hide this table in the UI and the text report file, please set the "Show Parameter Settings in Synthesis Report" option in "Analysis and Synthesis Settings -> More Settings" to "Off".


+----------------------------------------------------------------------------------+
; Parameter Settings for User Entity Instance: memory4c:u_widths|storage:block[14] ;
+----------------+-------+---------------------------------------------------------+
; Parameter Name ; Value ; Type                                                    ;
+----------------+-------+---------------------------------------------------------+
; SIZE           ; 8     ; Signed Integer                                          ;
+----------------+-------+---------------------------------------------------------+
Note: In order to hide this table in the UI and the text report file, please set the "Show Parameter Settings in Synthesis Report" option in "Analysis and Synthesis Settings -> More Settings" to "Off".


+----------------------------------------------------------------------------------+
; Parameter Settings for User Entity Instance: memory4c:u_widths|storage:block[15] ;
+----------------+-------+---------------------------------------------------------+
; Parameter Name ; Value ; Type                                                    ;
+----------------+-------+---------------------------------------------------------+
; SIZE           ; 8     ; Signed Integer                                          ;
+----------------+-------+---------------------------------------------------------+
Note: In order to hide this table in the UI and the text report file, please set the "Show Parameter Settings in Synthesis Report" option in "Analysis and Synthesis Settings -> More Settings" to "Off".


+----------------------------------------------------------------------------------+
; Parameter Settings for User Entity Instance: memory4c:u_widths|storage:block[16] ;
+----------------+-------+---------------------------------------------------------+
; Parameter Name ; Value ; Type                                                    ;
+----------------+-------+---------------------------------------------------------+
; SIZE           ; 8     ; Signed Integer                                          ;
+----------------+-------+---------------------------------------------------------+
Note: In order to hide this table in the UI and the text report file, please set the "Show Parameter Settings in Synthesis Report" option in "Analysis and Synthesis Settings -> More Settings" to "Off".


+----------------------------------------------------------------------------------+
; Parameter Settings for User Entity Instance: memory4c:u_widths|storage:block[17] ;
+----------------+-------+---------------------------------------------------------+
; Parameter Name ; Value ; Type                                                    ;
+----------------+-------+---------------------------------------------------------+
; SIZE           ; 8     ; Signed Integer                                          ;
+----------------+-------+---------------------------------------------------------+
Note: In order to hide this table in the UI and the text report file, please set the "Show Parameter Settings in Synthesis Report" option in "Analysis and Synthesis Settings -> More Settings" to "Off".


+----------------------------------------------------------------------------------+
; Parameter Settings for User Entity Instance: memory4c:u_widths|storage:block[18] ;
+----------------+-------+---------------------------------------------------------+
; Parameter Name ; Value ; Type                                                    ;
+----------------+-------+---------------------------------------------------------+
; SIZE           ; 8     ; Signed Integer                                          ;
+----------------+-------+---------------------------------------------------------+
Note: In order to hide this table in the UI and the text report file, please set the "Show Parameter Settings in Synthesis Report" option in "Analysis and Synthesis Settings -> More Settings" to "Off".


+----------------------------------------------------------------------------------+
; Parameter Settings for User Entity Instance: memory4c:u_widths|storage:block[19] ;
+----------------+-------+---------------------------------------------------------+
; Parameter Name ; Value ; Type                                                    ;
+----------------+-------+---------------------------------------------------------+
; SIZE           ; 8     ; Signed Integer                                          ;
+----------------+-------+---------------------------------------------------------+
Note: In order to hide this table in the UI and the text report file, please set the "Show Parameter Settings in Synthesis Report" option in "Analysis and Synthesis Settings -> More Settings" to "Off".


+----------------------------------------------------------------------------------+
; Parameter Settings for User Entity Instance: memory4c:u_widths|storage:block[20] ;
+----------------+-------+---------------------------------------------------------+
; Parameter Name ; Value ; Type                                                    ;
+----------------+-------+---------------------------------------------------------+
; SIZE           ; 8     ; Signed Integer                                          ;
+----------------+-------+---------------------------------------------------------+
Note: In order to hide this table in the UI and the text report file, please set the "Show Parameter Settings in Synthesis Report" option in "Analysis and Synthesis Settings -> More Settings" to "Off".


+----------------------------------------------------------------------------------+
; Parameter Settings for User Entity Instance: memory4c:u_widths|storage:block[21] ;
+----------------+-------+---------------------------------------------------------+
; Parameter Name ; Value ; Type                                                    ;
+----------------+-------+---------------------------------------------------------+
; SIZE           ; 8     ; Signed Integer                                          ;
+----------------+-------+---------------------------------------------------------+
Note: In order to hide this table in the UI and the text report file, please set the "Show Parameter Settings in Synthesis Report" option in "Analysis and Synthesis Settings -> More Settings" to "Off".


+----------------------------------------------------------------------------------+
; Parameter Settings for User Entity Instance: memory4c:u_widths|storage:block[22] ;
+----------------+-------+---------------------------------------------------------+
; Parameter Name ; Value ; Type                                                    ;
+----------------+-------+---------------------------------------------------------+
; SIZE           ; 8     ; Signed Integer                                          ;
+----------------+-------+---------------------------------------------------------+
Note: In order to hide this table in the UI and the text report file, please set the "Show Parameter Settings in Synthesis Report" option in "Analysis and Synthesis Settings -> More Settings" to "Off".


+----------------------------------------------------------------------------------+
; Parameter Settings for User Entity Instance: memory4c:u_widths|storage:block[23] ;
+----------------+-------+---------------------------------------------------------+
; Parameter Name ; Value ; Type                                                    ;
+----------------+-------+---------------------------------------------------------+
; SIZE           ; 8     ; Signed Integer                                          ;
+----------------+-------+---------------------------------------------------------+
Note: In order to hide this table in the UI and the text report file, please set the "Show Parameter Settings in Synthesis Report" option in "Analysis and Synthesis Settings -> More Settings" to "Off".


+----------------------------------------------------------------------------------+
; Parameter Settings for User Entity Instance: memory4c:u_widths|storage:block[24] ;
+----------------+-------+---------------------------------------------------------+
; Parameter Name ; Value ; Type                                                    ;
+----------------+-------+---------------------------------------------------------+
; SIZE           ; 8     ; Signed Integer                                          ;
+----------------+-------+---------------------------------------------------------+
Note: In order to hide this table in the UI and the text report file, please set the "Show Parameter Settings in Synthesis Report" option in "Analysis and Synthesis Settings -> More Settings" to "Off".


+----------------------------------------------------------------------------------+
; Parameter Settings for User Entity Instance: memory4c:u_widths|storage:block[25] ;
+----------------+-------+---------------------------------------------------------+
; Parameter Name ; Value ; Type                                                    ;
+----------------+-------+---------------------------------------------------------+
; SIZE           ; 8     ; Signed Integer                                          ;
+----------------+-------+---------------------------------------------------------+
Note: In order to hide this table in the UI and the text report file, please set the "Show Parameter Settings in Synthesis Report" option in "Analysis and Synthesis Settings -> More Settings" to "Off".


+----------------------------------------------------------------------------------+
; Parameter Settings for User Entity Instance: memory4c:u_widths|storage:block[26] ;
+----------------+-------+---------------------------------------------------------+
; Parameter Name ; Value ; Type                                                    ;
+----------------+-------+---------------------------------------------------------+
; SIZE           ; 8     ; Signed Integer                                          ;
+----------------+-------+---------------------------------------------------------+
Note: In order to hide this table in the UI and the text report file, please set the "Show Parameter Settings in Synthesis Report" option in "Analysis and Synthesis Settings -> More Settings" to "Off".


+----------------------------------------------------------------------------------+
; Parameter Settings for User Entity Instance: memory4c:u_widths|storage:block[27] ;
+----------------+-------+---------------------------------------------------------+
; Parameter Name ; Value ; Type                                                    ;
+----------------+-------+---------------------------------------------------------+
; SIZE           ; 8     ; Signed Integer                                          ;
+----------------+-------+---------------------------------------------------------+
Note: In order to hide this table in the UI and the text report file, please set the "Show Parameter Settings in Synthesis Report" option in "Analysis and Synthesis Settings -> More Settings" to "Off".


+----------------------------------------------------------------------------------+
; Parameter Settings for User Entity Instance: memory4c:u_widths|storage:block[28] ;
+----------------+-------+---------------------------------------------------------+
; Parameter Name ; Value ; Type                                                    ;
+----------------+-------+---------------------------------------------------------+
; SIZE           ; 8     ; Signed Integer                                          ;
+----------------+-------+---------------------------------------------------------+
Note: In order to hide this table in the UI and the text report file, please set the "Show Parameter Settings in Synthesis Report" option in "Analysis and Synthesis Settings -> More Settings" to "Off".


+----------------------------------------------------------------------------------+
; Parameter Settings for User Entity Instance: memory4c:u_widths|storage:block[29] ;
+----------------+-------+---------------------------------------------------------+
; Parameter Name ; Value ; Type                                                    ;
+----------------+-------+---------------------------------------------------------+
; SIZE           ; 8     ; Signed Integer                                          ;
+----------------+-------+---------------------------------------------------------+
Note: In order to hide this table in the UI and the text report file, please set the "Show Parameter Settings in Synthesis Report" option in "Analysis and Synthesis Settings -> More Settings" to "Off".


+----------------------------------------------------------------------------------+
; Parameter Settings for User Entity Instance: memory4c:u_widths|storage:block[30] ;
+----------------+-------+---------------------------------------------------------+
; Parameter Name ; Value ; Type                                                    ;
+----------------+-------+---------------------------------------------------------+
; SIZE           ; 8     ; Signed Integer                                          ;
+----------------+-------+---------------------------------------------------------+
Note: In order to hide this table in the UI and the text report file, please set the "Show Parameter Settings in Synthesis Report" option in "Analysis and Synthesis Settings -> More Settings" to "Off".


+----------------------------------------------------------------------------------+
; Parameter Settings for User Entity Instance: memory4c:u_widths|storage:block[31] ;
+----------------+-------+---------------------------------------------------------+
; Parameter Name ; Value ; Type                                                    ;
+----------------+-------+---------------------------------------------------------+
; SIZE           ; 8     ; Signed Integer                                          ;
+----------------+-------+---------------------------------------------------------+
Note: In order to hide this table in the UI and the text report file, please set the "Show Parameter Settings in Synthesis Report" option in "Analysis and Synthesis Settings -> More Settings" to "Off".


+------------------------------------------------------------------------------------------------+
; Parameter Settings for User Entity Instance: memory4c:u_widths|deMux8:gen_blockMux[0].blockMux ;
+----------------+-------+-----------------------------------------------------------------------+
; Parameter Name ; Value ; Type                                                                  ;
+----------------+-------+-----------------------------------------------------------------------+
; WIDTH          ; 8     ; Signed Integer                                                        ;
+----------------+-------+-----------------------------------------------------------------------+
Note: In order to hide this table in the UI and the text report file, please set the "Show Parameter Settings in Synthesis Report" option in "Analysis and Synthesis Settings -> More Settings" to "Off".


+------------------------------------------------------------------------------------------------------------+
; Parameter Settings for User Entity Instance: memory4c:u_widths|deMux8:gen_blockMux[0].blockMux|deMux:first ;
+----------------+-------+-----------------------------------------------------------------------------------+
; Parameter Name ; Value ; Type                                                                              ;
+----------------+-------+-----------------------------------------------------------------------------------+
; WIDTH          ; 8     ; Signed Integer                                                                    ;
+----------------+-------+-----------------------------------------------------------------------------------+
Note: In order to hide this table in the UI and the text report file, please set the "Show Parameter Settings in Synthesis Report" option in "Analysis and Synthesis Settings -> More Settings" to "Off".


+----------------------------------------------------------------------------------------------------------+
; Parameter Settings for User Entity Instance: memory4c:u_widths|deMux8:gen_blockMux[0].blockMux|deMux4:l1 ;
+----------------+-------+---------------------------------------------------------------------------------+
; Parameter Name ; Value ; Type                                                                            ;
+----------------+-------+---------------------------------------------------------------------------------+
; WIDTH          ; 8     ; Signed Integer                                                                  ;
+----------------+-------+---------------------------------------------------------------------------------+
Note: In order to hide this table in the UI and the text report file, please set the "Show Parameter Settings in Synthesis Report" option in "Analysis and Synthesis Settings -> More Settings" to "Off".


+----------------------------------------------------------------------------------------------------------------------+
; Parameter Settings for User Entity Instance: memory4c:u_widths|deMux8:gen_blockMux[0].blockMux|deMux4:l1|deMux:first ;
+----------------+-------+---------------------------------------------------------------------------------------------+
; Parameter Name ; Value ; Type                                                                                        ;
+----------------+-------+---------------------------------------------------------------------------------------------+
; WIDTH          ; 8     ; Signed Integer                                                                              ;
+----------------+-------+---------------------------------------------------------------------------------------------+
Note: In order to hide this table in the UI and the text report file, please set the "Show Parameter Settings in Synthesis Report" option in "Analysis and Synthesis Settings -> More Settings" to "Off".


+-------------------------------------------------------------------------------------------------------------------+
; Parameter Settings for User Entity Instance: memory4c:u_widths|deMux8:gen_blockMux[0].blockMux|deMux4:l1|deMux:l1 ;
+----------------+-------+------------------------------------------------------------------------------------------+
; Parameter Name ; Value ; Type                                                                                     ;
+----------------+-------+------------------------------------------------------------------------------------------+
; WIDTH          ; 8     ; Signed Integer                                                                           ;
+----------------+-------+------------------------------------------------------------------------------------------+
Note: In order to hide this table in the UI and the text report file, please set the "Show Parameter Settings in Synthesis Report" option in "Analysis and Synthesis Settings -> More Settings" to "Off".


+-------------------------------------------------------------------------------------------------------------------+
; Parameter Settings for User Entity Instance: memory4c:u_widths|deMux8:gen_blockMux[0].blockMux|deMux4:l1|deMux:l2 ;
+----------------+-------+------------------------------------------------------------------------------------------+
; Parameter Name ; Value ; Type                                                                                     ;
+----------------+-------+------------------------------------------------------------------------------------------+
; WIDTH          ; 8     ; Signed Integer                                                                           ;
+----------------+-------+------------------------------------------------------------------------------------------+
Note: In order to hide this table in the UI and the text report file, please set the "Show Parameter Settings in Synthesis Report" option in "Analysis and Synthesis Settings -> More Settings" to "Off".


+----------------------------------------------------------------------------------------------------------+
; Parameter Settings for User Entity Instance: memory4c:u_widths|deMux8:gen_blockMux[0].blockMux|deMux4:l2 ;
+----------------+-------+---------------------------------------------------------------------------------+
; Parameter Name ; Value ; Type                                                                            ;
+----------------+-------+---------------------------------------------------------------------------------+
; WIDTH          ; 8     ; Signed Integer                                                                  ;
+----------------+-------+---------------------------------------------------------------------------------+
Note: In order to hide this table in the UI and the text report file, please set the "Show Parameter Settings in Synthesis Report" option in "Analysis and Synthesis Settings -> More Settings" to "Off".


+----------------------------------------------------------------------------------------------------------------------+
; Parameter Settings for User Entity Instance: memory4c:u_widths|deMux8:gen_blockMux[0].blockMux|deMux4:l2|deMux:first ;
+----------------+-------+---------------------------------------------------------------------------------------------+
; Parameter Name ; Value ; Type                                                                                        ;
+----------------+-------+---------------------------------------------------------------------------------------------+
; WIDTH          ; 8     ; Signed Integer                                                                              ;
+----------------+-------+---------------------------------------------------------------------------------------------+
Note: In order to hide this table in the UI and the text report file, please set the "Show Parameter Settings in Synthesis Report" option in "Analysis and Synthesis Settings -> More Settings" to "Off".


+-------------------------------------------------------------------------------------------------------------------+
; Parameter Settings for User Entity Instance: memory4c:u_widths|deMux8:gen_blockMux[0].blockMux|deMux4:l2|deMux:l1 ;
+----------------+-------+------------------------------------------------------------------------------------------+
; Parameter Name ; Value ; Type                                                                                     ;
+----------------+-------+------------------------------------------------------------------------------------------+
; WIDTH          ; 8     ; Signed Integer                                                                           ;
+----------------+-------+------------------------------------------------------------------------------------------+
Note: In order to hide this table in the UI and the text report file, please set the "Show Parameter Settings in Synthesis Report" option in "Analysis and Synthesis Settings -> More Settings" to "Off".


+-------------------------------------------------------------------------------------------------------------------+
; Parameter Settings for User Entity Instance: memory4c:u_widths|deMux8:gen_blockMux[0].blockMux|deMux4:l2|deMux:l2 ;
+----------------+-------+------------------------------------------------------------------------------------------+
; Parameter Name ; Value ; Type                                                                                     ;
+----------------+-------+------------------------------------------------------------------------------------------+
; WIDTH          ; 8     ; Signed Integer                                                                           ;
+----------------+-------+------------------------------------------------------------------------------------------+
Note: In order to hide this table in the UI and the text report file, please set the "Show Parameter Settings in Synthesis Report" option in "Analysis and Synthesis Settings -> More Settings" to "Off".


+------------------------------------------------------------------------------------------------+
; Parameter Settings for User Entity Instance: memory4c:u_widths|deMux8:gen_blockMux[1].blockMux ;
+----------------+-------+-----------------------------------------------------------------------+
; Parameter Name ; Value ; Type                                                                  ;
+----------------+-------+-----------------------------------------------------------------------+
; WIDTH          ; 8     ; Signed Integer                                                        ;
+----------------+-------+-----------------------------------------------------------------------+
Note: In order to hide this table in the UI and the text report file, please set the "Show Parameter Settings in Synthesis Report" option in "Analysis and Synthesis Settings -> More Settings" to "Off".


+------------------------------------------------------------------------------------------------------------+
; Parameter Settings for User Entity Instance: memory4c:u_widths|deMux8:gen_blockMux[1].blockMux|deMux:first ;
+----------------+-------+-----------------------------------------------------------------------------------+
; Parameter Name ; Value ; Type                                                                              ;
+----------------+-------+-----------------------------------------------------------------------------------+
; WIDTH          ; 8     ; Signed Integer                                                                    ;
+----------------+-------+-----------------------------------------------------------------------------------+
Note: In order to hide this table in the UI and the text report file, please set the "Show Parameter Settings in Synthesis Report" option in "Analysis and Synthesis Settings -> More Settings" to "Off".


+----------------------------------------------------------------------------------------------------------+
; Parameter Settings for User Entity Instance: memory4c:u_widths|deMux8:gen_blockMux[1].blockMux|deMux4:l1 ;
+----------------+-------+---------------------------------------------------------------------------------+
; Parameter Name ; Value ; Type                                                                            ;
+----------------+-------+---------------------------------------------------------------------------------+
; WIDTH          ; 8     ; Signed Integer                                                                  ;
+----------------+-------+---------------------------------------------------------------------------------+
Note: In order to hide this table in the UI and the text report file, please set the "Show Parameter Settings in Synthesis Report" option in "Analysis and Synthesis Settings -> More Settings" to "Off".


+----------------------------------------------------------------------------------------------------------------------+
; Parameter Settings for User Entity Instance: memory4c:u_widths|deMux8:gen_blockMux[1].blockMux|deMux4:l1|deMux:first ;
+----------------+-------+---------------------------------------------------------------------------------------------+
; Parameter Name ; Value ; Type                                                                                        ;
+----------------+-------+---------------------------------------------------------------------------------------------+
; WIDTH          ; 8     ; Signed Integer                                                                              ;
+----------------+-------+---------------------------------------------------------------------------------------------+
Note: In order to hide this table in the UI and the text report file, please set the "Show Parameter Settings in Synthesis Report" option in "Analysis and Synthesis Settings -> More Settings" to "Off".


+-------------------------------------------------------------------------------------------------------------------+
; Parameter Settings for User Entity Instance: memory4c:u_widths|deMux8:gen_blockMux[1].blockMux|deMux4:l1|deMux:l1 ;
+----------------+-------+------------------------------------------------------------------------------------------+
; Parameter Name ; Value ; Type                                                                                     ;
+----------------+-------+------------------------------------------------------------------------------------------+
; WIDTH          ; 8     ; Signed Integer                                                                           ;
+----------------+-------+------------------------------------------------------------------------------------------+
Note: In order to hide this table in the UI and the text report file, please set the "Show Parameter Settings in Synthesis Report" option in "Analysis and Synthesis Settings -> More Settings" to "Off".


+-------------------------------------------------------------------------------------------------------------------+
; Parameter Settings for User Entity Instance: memory4c:u_widths|deMux8:gen_blockMux[1].blockMux|deMux4:l1|deMux:l2 ;
+----------------+-------+------------------------------------------------------------------------------------------+
; Parameter Name ; Value ; Type                                                                                     ;
+----------------+-------+------------------------------------------------------------------------------------------+
; WIDTH          ; 8     ; Signed Integer                                                                           ;
+----------------+-------+------------------------------------------------------------------------------------------+
Note: In order to hide this table in the UI and the text report file, please set the "Show Parameter Settings in Synthesis Report" option in "Analysis and Synthesis Settings -> More Settings" to "Off".


+----------------------------------------------------------------------------------------------------------+
; Parameter Settings for User Entity Instance: memory4c:u_widths|deMux8:gen_blockMux[1].blockMux|deMux4:l2 ;
+----------------+-------+---------------------------------------------------------------------------------+
; Parameter Name ; Value ; Type                                                                            ;
+----------------+-------+---------------------------------------------------------------------------------+
; WIDTH          ; 8     ; Signed Integer                                                                  ;
+----------------+-------+---------------------------------------------------------------------------------+
Note: In order to hide this table in the UI and the text report file, please set the "Show Parameter Settings in Synthesis Report" option in "Analysis and Synthesis Settings -> More Settings" to "Off".


+----------------------------------------------------------------------------------------------------------------------+
; Parameter Settings for User Entity Instance: memory4c:u_widths|deMux8:gen_blockMux[1].blockMux|deMux4:l2|deMux:first ;
+----------------+-------+---------------------------------------------------------------------------------------------+
; Parameter Name ; Value ; Type                                                                                        ;
+----------------+-------+---------------------------------------------------------------------------------------------+
; WIDTH          ; 8     ; Signed Integer                                                                              ;
+----------------+-------+---------------------------------------------------------------------------------------------+
Note: In order to hide this table in the UI and the text report file, please set the "Show Parameter Settings in Synthesis Report" option in "Analysis and Synthesis Settings -> More Settings" to "Off".


+-------------------------------------------------------------------------------------------------------------------+
; Parameter Settings for User Entity Instance: memory4c:u_widths|deMux8:gen_blockMux[1].blockMux|deMux4:l2|deMux:l1 ;
+----------------+-------+------------------------------------------------------------------------------------------+
; Parameter Name ; Value ; Type                                                                                     ;
+----------------+-------+------------------------------------------------------------------------------------------+
; WIDTH          ; 8     ; Signed Integer                                                                           ;
+----------------+-------+------------------------------------------------------------------------------------------+
Note: In order to hide this table in the UI and the text report file, please set the "Show Parameter Settings in Synthesis Report" option in "Analysis and Synthesis Settings -> More Settings" to "Off".


+-------------------------------------------------------------------------------------------------------------------+
; Parameter Settings for User Entity Instance: memory4c:u_widths|deMux8:gen_blockMux[1].blockMux|deMux4:l2|deMux:l2 ;
+----------------+-------+------------------------------------------------------------------------------------------+
; Parameter Name ; Value ; Type                                                                                     ;
+----------------+-------+------------------------------------------------------------------------------------------+
; WIDTH          ; 8     ; Signed Integer                                                                           ;
+----------------+-------+------------------------------------------------------------------------------------------+
Note: In order to hide this table in the UI and the text report file, please set the "Show Parameter Settings in Synthesis Report" option in "Analysis and Synthesis Settings -> More Settings" to "Off".


+------------------------------------------------------------------------------------------------+
; Parameter Settings for User Entity Instance: memory4c:u_widths|deMux8:gen_blockMux[2].blockMux ;
+----------------+-------+-----------------------------------------------------------------------+
; Parameter Name ; Value ; Type                                                                  ;
+----------------+-------+-----------------------------------------------------------------------+
; WIDTH          ; 8     ; Signed Integer                                                        ;
+----------------+-------+-----------------------------------------------------------------------+
Note: In order to hide this table in the UI and the text report file, please set the "Show Parameter Settings in Synthesis Report" option in "Analysis and Synthesis Settings -> More Settings" to "Off".


+------------------------------------------------------------------------------------------------------------+
; Parameter Settings for User Entity Instance: memory4c:u_widths|deMux8:gen_blockMux[2].blockMux|deMux:first ;
+----------------+-------+-----------------------------------------------------------------------------------+
; Parameter Name ; Value ; Type                                                                              ;
+----------------+-------+-----------------------------------------------------------------------------------+
; WIDTH          ; 8     ; Signed Integer                                                                    ;
+----------------+-------+-----------------------------------------------------------------------------------+
Note: In order to hide this table in the UI and the text report file, please set the "Show Parameter Settings in Synthesis Report" option in "Analysis and Synthesis Settings -> More Settings" to "Off".


+----------------------------------------------------------------------------------------------------------+
; Parameter Settings for User Entity Instance: memory4c:u_widths|deMux8:gen_blockMux[2].blockMux|deMux4:l1 ;
+----------------+-------+---------------------------------------------------------------------------------+
; Parameter Name ; Value ; Type                                                                            ;
+----------------+-------+---------------------------------------------------------------------------------+
; WIDTH          ; 8     ; Signed Integer                                                                  ;
+----------------+-------+---------------------------------------------------------------------------------+
Note: In order to hide this table in the UI and the text report file, please set the "Show Parameter Settings in Synthesis Report" option in "Analysis and Synthesis Settings -> More Settings" to "Off".


+----------------------------------------------------------------------------------------------------------------------+
; Parameter Settings for User Entity Instance: memory4c:u_widths|deMux8:gen_blockMux[2].blockMux|deMux4:l1|deMux:first ;
+----------------+-------+---------------------------------------------------------------------------------------------+
; Parameter Name ; Value ; Type                                                                                        ;
+----------------+-------+---------------------------------------------------------------------------------------------+
; WIDTH          ; 8     ; Signed Integer                                                                              ;
+----------------+-------+---------------------------------------------------------------------------------------------+
Note: In order to hide this table in the UI and the text report file, please set the "Show Parameter Settings in Synthesis Report" option in "Analysis and Synthesis Settings -> More Settings" to "Off".


+-------------------------------------------------------------------------------------------------------------------+
; Parameter Settings for User Entity Instance: memory4c:u_widths|deMux8:gen_blockMux[2].blockMux|deMux4:l1|deMux:l1 ;
+----------------+-------+------------------------------------------------------------------------------------------+
; Parameter Name ; Value ; Type                                                                                     ;
+----------------+-------+------------------------------------------------------------------------------------------+
; WIDTH          ; 8     ; Signed Integer                                                                           ;
+----------------+-------+------------------------------------------------------------------------------------------+
Note: In order to hide this table in the UI and the text report file, please set the "Show Parameter Settings in Synthesis Report" option in "Analysis and Synthesis Settings -> More Settings" to "Off".


+-------------------------------------------------------------------------------------------------------------------+
; Parameter Settings for User Entity Instance: memory4c:u_widths|deMux8:gen_blockMux[2].blockMux|deMux4:l1|deMux:l2 ;
+----------------+-------+------------------------------------------------------------------------------------------+
; Parameter Name ; Value ; Type                                                                                     ;
+----------------+-------+------------------------------------------------------------------------------------------+
; WIDTH          ; 8     ; Signed Integer                                                                           ;
+----------------+-------+------------------------------------------------------------------------------------------+
Note: In order to hide this table in the UI and the text report file, please set the "Show Parameter Settings in Synthesis Report" option in "Analysis and Synthesis Settings -> More Settings" to "Off".


+----------------------------------------------------------------------------------------------------------+
; Parameter Settings for User Entity Instance: memory4c:u_widths|deMux8:gen_blockMux[2].blockMux|deMux4:l2 ;
+----------------+-------+---------------------------------------------------------------------------------+
; Parameter Name ; Value ; Type                                                                            ;
+----------------+-------+---------------------------------------------------------------------------------+
; WIDTH          ; 8     ; Signed Integer                                                                  ;
+----------------+-------+---------------------------------------------------------------------------------+
Note: In order to hide this table in the UI and the text report file, please set the "Show Parameter Settings in Synthesis Report" option in "Analysis and Synthesis Settings -> More Settings" to "Off".


+----------------------------------------------------------------------------------------------------------------------+
; Parameter Settings for User Entity Instance: memory4c:u_widths|deMux8:gen_blockMux[2].blockMux|deMux4:l2|deMux:first ;
+----------------+-------+---------------------------------------------------------------------------------------------+
; Parameter Name ; Value ; Type                                                                                        ;
+----------------+-------+---------------------------------------------------------------------------------------------+
; WIDTH          ; 8     ; Signed Integer                                                                              ;
+----------------+-------+---------------------------------------------------------------------------------------------+
Note: In order to hide this table in the UI and the text report file, please set the "Show Parameter Settings in Synthesis Report" option in "Analysis and Synthesis Settings -> More Settings" to "Off".


+-------------------------------------------------------------------------------------------------------------------+
; Parameter Settings for User Entity Instance: memory4c:u_widths|deMux8:gen_blockMux[2].blockMux|deMux4:l2|deMux:l1 ;
+----------------+-------+------------------------------------------------------------------------------------------+
; Parameter Name ; Value ; Type                                                                                     ;
+----------------+-------+------------------------------------------------------------------------------------------+
; WIDTH          ; 8     ; Signed Integer                                                                           ;
+----------------+-------+------------------------------------------------------------------------------------------+
Note: In order to hide this table in the UI and the text report file, please set the "Show Parameter Settings in Synthesis Report" option in "Analysis and Synthesis Settings -> More Settings" to "Off".


+-------------------------------------------------------------------------------------------------------------------+
; Parameter Settings for User Entity Instance: memory4c:u_widths|deMux8:gen_blockMux[2].blockMux|deMux4:l2|deMux:l2 ;
+----------------+-------+------------------------------------------------------------------------------------------+
; Parameter Name ; Value ; Type                                                                                     ;
+----------------+-------+------------------------------------------------------------------------------------------+
; WIDTH          ; 8     ; Signed Integer                                                                           ;
+----------------+-------+------------------------------------------------------------------------------------------+
Note: In order to hide this table in the UI and the text report file, please set the "Show Parameter Settings in Synthesis Report" option in "Analysis and Synthesis Settings -> More Settings" to "Off".


+------------------------------------------------------------------------------------------------+
; Parameter Settings for User Entity Instance: memory4c:u_widths|deMux8:gen_blockMux[3].blockMux ;
+----------------+-------+-----------------------------------------------------------------------+
; Parameter Name ; Value ; Type                                                                  ;
+----------------+-------+-----------------------------------------------------------------------+
; WIDTH          ; 8     ; Signed Integer                                                        ;
+----------------+-------+-----------------------------------------------------------------------+
Note: In order to hide this table in the UI and the text report file, please set the "Show Parameter Settings in Synthesis Report" option in "Analysis and Synthesis Settings -> More Settings" to "Off".


+------------------------------------------------------------------------------------------------------------+
; Parameter Settings for User Entity Instance: memory4c:u_widths|deMux8:gen_blockMux[3].blockMux|deMux:first ;
+----------------+-------+-----------------------------------------------------------------------------------+
; Parameter Name ; Value ; Type                                                                              ;
+----------------+-------+-----------------------------------------------------------------------------------+
; WIDTH          ; 8     ; Signed Integer                                                                    ;
+----------------+-------+-----------------------------------------------------------------------------------+
Note: In order to hide this table in the UI and the text report file, please set the "Show Parameter Settings in Synthesis Report" option in "Analysis and Synthesis Settings -> More Settings" to "Off".


+----------------------------------------------------------------------------------------------------------+
; Parameter Settings for User Entity Instance: memory4c:u_widths|deMux8:gen_blockMux[3].blockMux|deMux4:l1 ;
+----------------+-------+---------------------------------------------------------------------------------+
; Parameter Name ; Value ; Type                                                                            ;
+----------------+-------+---------------------------------------------------------------------------------+
; WIDTH          ; 8     ; Signed Integer                                                                  ;
+----------------+-------+---------------------------------------------------------------------------------+
Note: In order to hide this table in the UI and the text report file, please set the "Show Parameter Settings in Synthesis Report" option in "Analysis and Synthesis Settings -> More Settings" to "Off".


+----------------------------------------------------------------------------------------------------------------------+
; Parameter Settings for User Entity Instance: memory4c:u_widths|deMux8:gen_blockMux[3].blockMux|deMux4:l1|deMux:first ;
+----------------+-------+---------------------------------------------------------------------------------------------+
; Parameter Name ; Value ; Type                                                                                        ;
+----------------+-------+---------------------------------------------------------------------------------------------+
; WIDTH          ; 8     ; Signed Integer                                                                              ;
+----------------+-------+---------------------------------------------------------------------------------------------+
Note: In order to hide this table in the UI and the text report file, please set the "Show Parameter Settings in Synthesis Report" option in "Analysis and Synthesis Settings -> More Settings" to "Off".


+-------------------------------------------------------------------------------------------------------------------+
; Parameter Settings for User Entity Instance: memory4c:u_widths|deMux8:gen_blockMux[3].blockMux|deMux4:l1|deMux:l1 ;
+----------------+-------+------------------------------------------------------------------------------------------+
; Parameter Name ; Value ; Type                                                                                     ;
+----------------+-------+------------------------------------------------------------------------------------------+
; WIDTH          ; 8     ; Signed Integer                                                                           ;
+----------------+-------+------------------------------------------------------------------------------------------+
Note: In order to hide this table in the UI and the text report file, please set the "Show Parameter Settings in Synthesis Report" option in "Analysis and Synthesis Settings -> More Settings" to "Off".


+-------------------------------------------------------------------------------------------------------------------+
; Parameter Settings for User Entity Instance: memory4c:u_widths|deMux8:gen_blockMux[3].blockMux|deMux4:l1|deMux:l2 ;
+----------------+-------+------------------------------------------------------------------------------------------+
; Parameter Name ; Value ; Type                                                                                     ;
+----------------+-------+------------------------------------------------------------------------------------------+
; WIDTH          ; 8     ; Signed Integer                                                                           ;
+----------------+-------+------------------------------------------------------------------------------------------+
Note: In order to hide this table in the UI and the text report file, please set the "Show Parameter Settings in Synthesis Report" option in "Analysis and Synthesis Settings -> More Settings" to "Off".


+----------------------------------------------------------------------------------------------------------+
; Parameter Settings for User Entity Instance: memory4c:u_widths|deMux8:gen_blockMux[3].blockMux|deMux4:l2 ;
+----------------+-------+---------------------------------------------------------------------------------+
; Parameter Name ; Value ; Type                                                                            ;
+----------------+-------+---------------------------------------------------------------------------------+
; WIDTH          ; 8     ; Signed Integer                                                                  ;
+----------------+-------+---------------------------------------------------------------------------------+
Note: In order to hide this table in the UI and the text report file, please set the "Show Parameter Settings in Synthesis Report" option in "Analysis and Synthesis Settings -> More Settings" to "Off".


+----------------------------------------------------------------------------------------------------------------------+
; Parameter Settings for User Entity Instance: memory4c:u_widths|deMux8:gen_blockMux[3].blockMux|deMux4:l2|deMux:first ;
+----------------+-------+---------------------------------------------------------------------------------------------+
; Parameter Name ; Value ; Type                                                                                        ;
+----------------+-------+---------------------------------------------------------------------------------------------+
; WIDTH          ; 8     ; Signed Integer                                                                              ;
+----------------+-------+---------------------------------------------------------------------------------------------+
Note: In order to hide this table in the UI and the text report file, please set the "Show Parameter Settings in Synthesis Report" option in "Analysis and Synthesis Settings -> More Settings" to "Off".


+-------------------------------------------------------------------------------------------------------------------+
; Parameter Settings for User Entity Instance: memory4c:u_widths|deMux8:gen_blockMux[3].blockMux|deMux4:l2|deMux:l1 ;
+----------------+-------+------------------------------------------------------------------------------------------+
; Parameter Name ; Value ; Type                                                                                     ;
+----------------+-------+------------------------------------------------------------------------------------------+
; WIDTH          ; 8     ; Signed Integer                                                                           ;
+----------------+-------+------------------------------------------------------------------------------------------+
Note: In order to hide this table in the UI and the text report file, please set the "Show Parameter Settings in Synthesis Report" option in "Analysis and Synthesis Settings -> More Settings" to "Off".


+-------------------------------------------------------------------------------------------------------------------+
; Parameter Settings for User Entity Instance: memory4c:u_widths|deMux8:gen_blockMux[3].blockMux|deMux4:l2|deMux:l2 ;
+----------------+-------+------------------------------------------------------------------------------------------+
; Parameter Name ; Value ; Type                                                                                     ;
+----------------+-------+------------------------------------------------------------------------------------------+
; WIDTH          ; 8     ; Signed Integer                                                                           ;
+----------------+-------+------------------------------------------------------------------------------------------+
Note: In order to hide this table in the UI and the text report file, please set the "Show Parameter Settings in Synthesis Report" option in "Analysis and Synthesis Settings -> More Settings" to "Off".


+----------------------------------------------------------------------------------+
; Parameter Settings for User Entity Instance: memory4c:u_widths|deMux4:channelMux ;
+----------------+-------+---------------------------------------------------------+
; Parameter Name ; Value ; Type                                                    ;
+----------------+-------+---------------------------------------------------------+
; WIDTH          ; 8     ; Signed Integer                                          ;
+----------------+-------+---------------------------------------------------------+
Note: In order to hide this table in the UI and the text report file, please set the "Show Parameter Settings in Synthesis Report" option in "Analysis and Synthesis Settings -> More Settings" to "Off".


+----------------------------------------------------------------------------------------------+
; Parameter Settings for User Entity Instance: memory4c:u_widths|deMux4:channelMux|deMux:first ;
+----------------+-------+---------------------------------------------------------------------+
; Parameter Name ; Value ; Type                                                                ;
+----------------+-------+---------------------------------------------------------------------+
; WIDTH          ; 8     ; Signed Integer                                                      ;
+----------------+-------+---------------------------------------------------------------------+
Note: In order to hide this table in the UI and the text report file, please set the "Show Parameter Settings in Synthesis Report" option in "Analysis and Synthesis Settings -> More Settings" to "Off".


+-------------------------------------------------------------------------------------------+
; Parameter Settings for User Entity Instance: memory4c:u_widths|deMux4:channelMux|deMux:l1 ;
+----------------+-------+------------------------------------------------------------------+
; Parameter Name ; Value ; Type                                                             ;
+----------------+-------+------------------------------------------------------------------+
; WIDTH          ; 8     ; Signed Integer                                                   ;
+----------------+-------+------------------------------------------------------------------+
Note: In order to hide this table in the UI and the text report file, please set the "Show Parameter Settings in Synthesis Report" option in "Analysis and Synthesis Settings -> More Settings" to "Off".


+-------------------------------------------------------------------------------------------+
; Parameter Settings for User Entity Instance: memory4c:u_widths|deMux4:channelMux|deMux:l2 ;
+----------------+-------+------------------------------------------------------------------+
; Parameter Name ; Value ; Type                                                             ;
+----------------+-------+------------------------------------------------------------------+
; WIDTH          ; 8     ; Signed Integer                                                   ;
+----------------+-------+------------------------------------------------------------------+
Note: In order to hide this table in the UI and the text report file, please set the "Show Parameter Settings in Synthesis Report" option in "Analysis and Synthesis Settings -> More Settings" to "Off".


+----------------------------------------------------------------------------------------------------+
; Parameter Settings for User Entity Instance: memory4c:u_widths|deMux8:gen_blockRoute[0].blockRoute ;
+----------------+-------+---------------------------------------------------------------------------+
; Parameter Name ; Value ; Type                                                                      ;
+----------------+-------+---------------------------------------------------------------------------+
; WIDTH          ; 1     ; Signed Integer                                                            ;
+----------------+-------+---------------------------------------------------------------------------+
Note: In order to hide this table in the UI and the text report file, please set the "Show Parameter Settings in Synthesis Report" option in "Analysis and Synthesis Settings -> More Settings" to "Off".


+----------------------------------------------------------------------------------------------------------------+
; Parameter Settings for User Entity Instance: memory4c:u_widths|deMux8:gen_blockRoute[0].blockRoute|deMux:first ;
+----------------+-------+---------------------------------------------------------------------------------------+
; Parameter Name ; Value ; Type                                                                                  ;
+----------------+-------+---------------------------------------------------------------------------------------+
; WIDTH          ; 1     ; Signed Integer                                                                        ;
+----------------+-------+---------------------------------------------------------------------------------------+
Note: In order to hide this table in the UI and the text report file, please set the "Show Parameter Settings in Synthesis Report" option in "Analysis and Synthesis Settings -> More Settings" to "Off".


+--------------------------------------------------------------------------------------------------------------+
; Parameter Settings for User Entity Instance: memory4c:u_widths|deMux8:gen_blockRoute[0].blockRoute|deMux4:l1 ;
+----------------+-------+-------------------------------------------------------------------------------------+
; Parameter Name ; Value ; Type                                                                                ;
+----------------+-------+-------------------------------------------------------------------------------------+
; WIDTH          ; 1     ; Signed Integer                                                                      ;
+----------------+-------+-------------------------------------------------------------------------------------+
Note: In order to hide this table in the UI and the text report file, please set the "Show Parameter Settings in Synthesis Report" option in "Analysis and Synthesis Settings -> More Settings" to "Off".


+--------------------------------------------------------------------------------------------------------------------------+
; Parameter Settings for User Entity Instance: memory4c:u_widths|deMux8:gen_blockRoute[0].blockRoute|deMux4:l1|deMux:first ;
+----------------+-------+-------------------------------------------------------------------------------------------------+
; Parameter Name ; Value ; Type                                                                                            ;
+----------------+-------+-------------------------------------------------------------------------------------------------+
; WIDTH          ; 1     ; Signed Integer                                                                                  ;
+----------------+-------+-------------------------------------------------------------------------------------------------+
Note: In order to hide this table in the UI and the text report file, please set the "Show Parameter Settings in Synthesis Report" option in "Analysis and Synthesis Settings -> More Settings" to "Off".


+-----------------------------------------------------------------------------------------------------------------------+
; Parameter Settings for User Entity Instance: memory4c:u_widths|deMux8:gen_blockRoute[0].blockRoute|deMux4:l1|deMux:l1 ;
+----------------+-------+----------------------------------------------------------------------------------------------+
; Parameter Name ; Value ; Type                                                                                         ;
+----------------+-------+----------------------------------------------------------------------------------------------+
; WIDTH          ; 1     ; Signed Integer                                                                               ;
+----------------+-------+----------------------------------------------------------------------------------------------+
Note: In order to hide this table in the UI and the text report file, please set the "Show Parameter Settings in Synthesis Report" option in "Analysis and Synthesis Settings -> More Settings" to "Off".


+-----------------------------------------------------------------------------------------------------------------------+
; Parameter Settings for User Entity Instance: memory4c:u_widths|deMux8:gen_blockRoute[0].blockRoute|deMux4:l1|deMux:l2 ;
+----------------+-------+----------------------------------------------------------------------------------------------+
; Parameter Name ; Value ; Type                                                                                         ;
+----------------+-------+----------------------------------------------------------------------------------------------+
; WIDTH          ; 1     ; Signed Integer                                                                               ;
+----------------+-------+----------------------------------------------------------------------------------------------+
Note: In order to hide this table in the UI and the text report file, please set the "Show Parameter Settings in Synthesis Report" option in "Analysis and Synthesis Settings -> More Settings" to "Off".


+--------------------------------------------------------------------------------------------------------------+
; Parameter Settings for User Entity Instance: memory4c:u_widths|deMux8:gen_blockRoute[0].blockRoute|deMux4:l2 ;
+----------------+-------+-------------------------------------------------------------------------------------+
; Parameter Name ; Value ; Type                                                                                ;
+----------------+-------+-------------------------------------------------------------------------------------+
; WIDTH          ; 1     ; Signed Integer                                                                      ;
+----------------+-------+-------------------------------------------------------------------------------------+
Note: In order to hide this table in the UI and the text report file, please set the "Show Parameter Settings in Synthesis Report" option in "Analysis and Synthesis Settings -> More Settings" to "Off".


+--------------------------------------------------------------------------------------------------------------------------+
; Parameter Settings for User Entity Instance: memory4c:u_widths|deMux8:gen_blockRoute[0].blockRoute|deMux4:l2|deMux:first ;
+----------------+-------+-------------------------------------------------------------------------------------------------+
; Parameter Name ; Value ; Type                                                                                            ;
+----------------+-------+-------------------------------------------------------------------------------------------------+
; WIDTH          ; 1     ; Signed Integer                                                                                  ;
+----------------+-------+-------------------------------------------------------------------------------------------------+
Note: In order to hide this table in the UI and the text report file, please set the "Show Parameter Settings in Synthesis Report" option in "Analysis and Synthesis Settings -> More Settings" to "Off".


+-----------------------------------------------------------------------------------------------------------------------+
; Parameter Settings for User Entity Instance: memory4c:u_widths|deMux8:gen_blockRoute[0].blockRoute|deMux4:l2|deMux:l1 ;
+----------------+-------+----------------------------------------------------------------------------------------------+
; Parameter Name ; Value ; Type                                                                                         ;
+----------------+-------+----------------------------------------------------------------------------------------------+
; WIDTH          ; 1     ; Signed Integer                                                                               ;
+----------------+-------+----------------------------------------------------------------------------------------------+
Note: In order to hide this table in the UI and the text report file, please set the "Show Parameter Settings in Synthesis Report" option in "Analysis and Synthesis Settings -> More Settings" to "Off".


+-----------------------------------------------------------------------------------------------------------------------+
; Parameter Settings for User Entity Instance: memory4c:u_widths|deMux8:gen_blockRoute[0].blockRoute|deMux4:l2|deMux:l2 ;
+----------------+-------+----------------------------------------------------------------------------------------------+
; Parameter Name ; Value ; Type                                                                                         ;
+----------------+-------+----------------------------------------------------------------------------------------------+
; WIDTH          ; 1     ; Signed Integer                                                                               ;
+----------------+-------+----------------------------------------------------------------------------------------------+
Note: In order to hide this table in the UI and the text report file, please set the "Show Parameter Settings in Synthesis Report" option in "Analysis and Synthesis Settings -> More Settings" to "Off".


+----------------------------------------------------------------------------------------------------+
; Parameter Settings for User Entity Instance: memory4c:u_widths|deMux8:gen_blockRoute[1].blockRoute ;
+----------------+-------+---------------------------------------------------------------------------+
; Parameter Name ; Value ; Type                                                                      ;
+----------------+-------+---------------------------------------------------------------------------+
; WIDTH          ; 1     ; Signed Integer                                                            ;
+----------------+-------+---------------------------------------------------------------------------+
Note: In order to hide this table in the UI and the text report file, please set the "Show Parameter Settings in Synthesis Report" option in "Analysis and Synthesis Settings -> More Settings" to "Off".


+----------------------------------------------------------------------------------------------------------------+
; Parameter Settings for User Entity Instance: memory4c:u_widths|deMux8:gen_blockRoute[1].blockRoute|deMux:first ;
+----------------+-------+---------------------------------------------------------------------------------------+
; Parameter Name ; Value ; Type                                                                                  ;
+----------------+-------+---------------------------------------------------------------------------------------+
; WIDTH          ; 1     ; Signed Integer                                                                        ;
+----------------+-------+---------------------------------------------------------------------------------------+
Note: In order to hide this table in the UI and the text report file, please set the "Show Parameter Settings in Synthesis Report" option in "Analysis and Synthesis Settings -> More Settings" to "Off".


+--------------------------------------------------------------------------------------------------------------+
; Parameter Settings for User Entity Instance: memory4c:u_widths|deMux8:gen_blockRoute[1].blockRoute|deMux4:l1 ;
+----------------+-------+-------------------------------------------------------------------------------------+
; Parameter Name ; Value ; Type                                                                                ;
+----------------+-------+-------------------------------------------------------------------------------------+
; WIDTH          ; 1     ; Signed Integer                                                                      ;
+----------------+-------+-------------------------------------------------------------------------------------+
Note: In order to hide this table in the UI and the text report file, please set the "Show Parameter Settings in Synthesis Report" option in "Analysis and Synthesis Settings -> More Settings" to "Off".


+--------------------------------------------------------------------------------------------------------------------------+
; Parameter Settings for User Entity Instance: memory4c:u_widths|deMux8:gen_blockRoute[1].blockRoute|deMux4:l1|deMux:first ;
+----------------+-------+-------------------------------------------------------------------------------------------------+
; Parameter Name ; Value ; Type                                                                                            ;
+----------------+-------+-------------------------------------------------------------------------------------------------+
; WIDTH          ; 1     ; Signed Integer                                                                                  ;
+----------------+-------+-------------------------------------------------------------------------------------------------+
Note: In order to hide this table in the UI and the text report file, please set the "Show Parameter Settings in Synthesis Report" option in "Analysis and Synthesis Settings -> More Settings" to "Off".


+-----------------------------------------------------------------------------------------------------------------------+
; Parameter Settings for User Entity Instance: memory4c:u_widths|deMux8:gen_blockRoute[1].blockRoute|deMux4:l1|deMux:l1 ;
+----------------+-------+----------------------------------------------------------------------------------------------+
; Parameter Name ; Value ; Type                                                                                         ;
+----------------+-------+----------------------------------------------------------------------------------------------+
; WIDTH          ; 1     ; Signed Integer                                                                               ;
+----------------+-------+----------------------------------------------------------------------------------------------+
Note: In order to hide this table in the UI and the text report file, please set the "Show Parameter Settings in Synthesis Report" option in "Analysis and Synthesis Settings -> More Settings" to "Off".


+-----------------------------------------------------------------------------------------------------------------------+
; Parameter Settings for User Entity Instance: memory4c:u_widths|deMux8:gen_blockRoute[1].blockRoute|deMux4:l1|deMux:l2 ;
+----------------+-------+----------------------------------------------------------------------------------------------+
; Parameter Name ; Value ; Type                                                                                         ;
+----------------+-------+----------------------------------------------------------------------------------------------+
; WIDTH          ; 1     ; Signed Integer                                                                               ;
+----------------+-------+----------------------------------------------------------------------------------------------+
Note: In order to hide this table in the UI and the text report file, please set the "Show Parameter Settings in Synthesis Report" option in "Analysis and Synthesis Settings -> More Settings" to "Off".


+--------------------------------------------------------------------------------------------------------------+
; Parameter Settings for User Entity Instance: memory4c:u_widths|deMux8:gen_blockRoute[1].blockRoute|deMux4:l2 ;
+----------------+-------+-------------------------------------------------------------------------------------+
; Parameter Name ; Value ; Type                                                                                ;
+----------------+-------+-------------------------------------------------------------------------------------+
; WIDTH          ; 1     ; Signed Integer                                                                      ;
+----------------+-------+-------------------------------------------------------------------------------------+
Note: In order to hide this table in the UI and the text report file, please set the "Show Parameter Settings in Synthesis Report" option in "Analysis and Synthesis Settings -> More Settings" to "Off".


+--------------------------------------------------------------------------------------------------------------------------+
; Parameter Settings for User Entity Instance: memory4c:u_widths|deMux8:gen_blockRoute[1].blockRoute|deMux4:l2|deMux:first ;
+----------------+-------+-------------------------------------------------------------------------------------------------+
; Parameter Name ; Value ; Type                                                                                            ;
+----------------+-------+-------------------------------------------------------------------------------------------------+
; WIDTH          ; 1     ; Signed Integer                                                                                  ;
+----------------+-------+-------------------------------------------------------------------------------------------------+
Note: In order to hide this table in the UI and the text report file, please set the "Show Parameter Settings in Synthesis Report" option in "Analysis and Synthesis Settings -> More Settings" to "Off".


+-----------------------------------------------------------------------------------------------------------------------+
; Parameter Settings for User Entity Instance: memory4c:u_widths|deMux8:gen_blockRoute[1].blockRoute|deMux4:l2|deMux:l1 ;
+----------------+-------+----------------------------------------------------------------------------------------------+
; Parameter Name ; Value ; Type                                                                                         ;
+----------------+-------+----------------------------------------------------------------------------------------------+
; WIDTH          ; 1     ; Signed Integer                                                                               ;
+----------------+-------+----------------------------------------------------------------------------------------------+
Note: In order to hide this table in the UI and the text report file, please set the "Show Parameter Settings in Synthesis Report" option in "Analysis and Synthesis Settings -> More Settings" to "Off".


+-----------------------------------------------------------------------------------------------------------------------+
; Parameter Settings for User Entity Instance: memory4c:u_widths|deMux8:gen_blockRoute[1].blockRoute|deMux4:l2|deMux:l2 ;
+----------------+-------+----------------------------------------------------------------------------------------------+
; Parameter Name ; Value ; Type                                                                                         ;
+----------------+-------+----------------------------------------------------------------------------------------------+
; WIDTH          ; 1     ; Signed Integer                                                                               ;
+----------------+-------+----------------------------------------------------------------------------------------------+
Note: In order to hide this table in the UI and the text report file, please set the "Show Parameter Settings in Synthesis Report" option in "Analysis and Synthesis Settings -> More Settings" to "Off".


+----------------------------------------------------------------------------------------------------+
; Parameter Settings for User Entity Instance: memory4c:u_widths|deMux8:gen_blockRoute[2].blockRoute ;
+----------------+-------+---------------------------------------------------------------------------+
; Parameter Name ; Value ; Type                                                                      ;
+----------------+-------+---------------------------------------------------------------------------+
; WIDTH          ; 1     ; Signed Integer                                                            ;
+----------------+-------+---------------------------------------------------------------------------+
Note: In order to hide this table in the UI and the text report file, please set the "Show Parameter Settings in Synthesis Report" option in "Analysis and Synthesis Settings -> More Settings" to "Off".


+----------------------------------------------------------------------------------------------------------------+
; Parameter Settings for User Entity Instance: memory4c:u_widths|deMux8:gen_blockRoute[2].blockRoute|deMux:first ;
+----------------+-------+---------------------------------------------------------------------------------------+
; Parameter Name ; Value ; Type                                                                                  ;
+----------------+-------+---------------------------------------------------------------------------------------+
; WIDTH          ; 1     ; Signed Integer                                                                        ;
+----------------+-------+---------------------------------------------------------------------------------------+
Note: In order to hide this table in the UI and the text report file, please set the "Show Parameter Settings in Synthesis Report" option in "Analysis and Synthesis Settings -> More Settings" to "Off".


+--------------------------------------------------------------------------------------------------------------+
; Parameter Settings for User Entity Instance: memory4c:u_widths|deMux8:gen_blockRoute[2].blockRoute|deMux4:l1 ;
+----------------+-------+-------------------------------------------------------------------------------------+
; Parameter Name ; Value ; Type                                                                                ;
+----------------+-------+-------------------------------------------------------------------------------------+
; WIDTH          ; 1     ; Signed Integer                                                                      ;
+----------------+-------+-------------------------------------------------------------------------------------+
Note: In order to hide this table in the UI and the text report file, please set the "Show Parameter Settings in Synthesis Report" option in "Analysis and Synthesis Settings -> More Settings" to "Off".


+--------------------------------------------------------------------------------------------------------------------------+
; Parameter Settings for User Entity Instance: memory4c:u_widths|deMux8:gen_blockRoute[2].blockRoute|deMux4:l1|deMux:first ;
+----------------+-------+-------------------------------------------------------------------------------------------------+
; Parameter Name ; Value ; Type                                                                                            ;
+----------------+-------+-------------------------------------------------------------------------------------------------+
; WIDTH          ; 1     ; Signed Integer                                                                                  ;
+----------------+-------+-------------------------------------------------------------------------------------------------+
Note: In order to hide this table in the UI and the text report file, please set the "Show Parameter Settings in Synthesis Report" option in "Analysis and Synthesis Settings -> More Settings" to "Off".


+-----------------------------------------------------------------------------------------------------------------------+
; Parameter Settings for User Entity Instance: memory4c:u_widths|deMux8:gen_blockRoute[2].blockRoute|deMux4:l1|deMux:l1 ;
+----------------+-------+----------------------------------------------------------------------------------------------+
; Parameter Name ; Value ; Type                                                                                         ;
+----------------+-------+----------------------------------------------------------------------------------------------+
; WIDTH          ; 1     ; Signed Integer                                                                               ;
+----------------+-------+----------------------------------------------------------------------------------------------+
Note: In order to hide this table in the UI and the text report file, please set the "Show Parameter Settings in Synthesis Report" option in "Analysis and Synthesis Settings -> More Settings" to "Off".


+-----------------------------------------------------------------------------------------------------------------------+
; Parameter Settings for User Entity Instance: memory4c:u_widths|deMux8:gen_blockRoute[2].blockRoute|deMux4:l1|deMux:l2 ;
+----------------+-------+----------------------------------------------------------------------------------------------+
; Parameter Name ; Value ; Type                                                                                         ;
+----------------+-------+----------------------------------------------------------------------------------------------+
; WIDTH          ; 1     ; Signed Integer                                                                               ;
+----------------+-------+----------------------------------------------------------------------------------------------+
Note: In order to hide this table in the UI and the text report file, please set the "Show Parameter Settings in Synthesis Report" option in "Analysis and Synthesis Settings -> More Settings" to "Off".


+--------------------------------------------------------------------------------------------------------------+
; Parameter Settings for User Entity Instance: memory4c:u_widths|deMux8:gen_blockRoute[2].blockRoute|deMux4:l2 ;
+----------------+-------+-------------------------------------------------------------------------------------+
; Parameter Name ; Value ; Type                                                                                ;
+----------------+-------+-------------------------------------------------------------------------------------+
; WIDTH          ; 1     ; Signed Integer                                                                      ;
+----------------+-------+-------------------------------------------------------------------------------------+
Note: In order to hide this table in the UI and the text report file, please set the "Show Parameter Settings in Synthesis Report" option in "Analysis and Synthesis Settings -> More Settings" to "Off".


+--------------------------------------------------------------------------------------------------------------------------+
; Parameter Settings for User Entity Instance: memory4c:u_widths|deMux8:gen_blockRoute[2].blockRoute|deMux4:l2|deMux:first ;
+----------------+-------+-------------------------------------------------------------------------------------------------+
; Parameter Name ; Value ; Type                                                                                            ;
+----------------+-------+-------------------------------------------------------------------------------------------------+
; WIDTH          ; 1     ; Signed Integer                                                                                  ;
+----------------+-------+-------------------------------------------------------------------------------------------------+
Note: In order to hide this table in the UI and the text report file, please set the "Show Parameter Settings in Synthesis Report" option in "Analysis and Synthesis Settings -> More Settings" to "Off".


+-----------------------------------------------------------------------------------------------------------------------+
; Parameter Settings for User Entity Instance: memory4c:u_widths|deMux8:gen_blockRoute[2].blockRoute|deMux4:l2|deMux:l1 ;
+----------------+-------+----------------------------------------------------------------------------------------------+
; Parameter Name ; Value ; Type                                                                                         ;
+----------------+-------+----------------------------------------------------------------------------------------------+
; WIDTH          ; 1     ; Signed Integer                                                                               ;
+----------------+-------+----------------------------------------------------------------------------------------------+
Note: In order to hide this table in the UI and the text report file, please set the "Show Parameter Settings in Synthesis Report" option in "Analysis and Synthesis Settings -> More Settings" to "Off".


+-----------------------------------------------------------------------------------------------------------------------+
; Parameter Settings for User Entity Instance: memory4c:u_widths|deMux8:gen_blockRoute[2].blockRoute|deMux4:l2|deMux:l2 ;
+----------------+-------+----------------------------------------------------------------------------------------------+
; Parameter Name ; Value ; Type                                                                                         ;
+----------------+-------+----------------------------------------------------------------------------------------------+
; WIDTH          ; 1     ; Signed Integer                                                                               ;
+----------------+-------+----------------------------------------------------------------------------------------------+
Note: In order to hide this table in the UI and the text report file, please set the "Show Parameter Settings in Synthesis Report" option in "Analysis and Synthesis Settings -> More Settings" to "Off".


+----------------------------------------------------------------------------------------------------+
; Parameter Settings for User Entity Instance: memory4c:u_widths|deMux8:gen_blockRoute[3].blockRoute ;
+----------------+-------+---------------------------------------------------------------------------+
; Parameter Name ; Value ; Type                                                                      ;
+----------------+-------+---------------------------------------------------------------------------+
; WIDTH          ; 1     ; Signed Integer                                                            ;
+----------------+-------+---------------------------------------------------------------------------+
Note: In order to hide this table in the UI and the text report file, please set the "Show Parameter Settings in Synthesis Report" option in "Analysis and Synthesis Settings -> More Settings" to "Off".


+----------------------------------------------------------------------------------------------------------------+
; Parameter Settings for User Entity Instance: memory4c:u_widths|deMux8:gen_blockRoute[3].blockRoute|deMux:first ;
+----------------+-------+---------------------------------------------------------------------------------------+
; Parameter Name ; Value ; Type                                                                                  ;
+----------------+-------+---------------------------------------------------------------------------------------+
; WIDTH          ; 1     ; Signed Integer                                                                        ;
+----------------+-------+---------------------------------------------------------------------------------------+
Note: In order to hide this table in the UI and the text report file, please set the "Show Parameter Settings in Synthesis Report" option in "Analysis and Synthesis Settings -> More Settings" to "Off".


+--------------------------------------------------------------------------------------------------------------+
; Parameter Settings for User Entity Instance: memory4c:u_widths|deMux8:gen_blockRoute[3].blockRoute|deMux4:l1 ;
+----------------+-------+-------------------------------------------------------------------------------------+
; Parameter Name ; Value ; Type                                                                                ;
+----------------+-------+-------------------------------------------------------------------------------------+
; WIDTH          ; 1     ; Signed Integer                                                                      ;
+----------------+-------+-------------------------------------------------------------------------------------+
Note: In order to hide this table in the UI and the text report file, please set the "Show Parameter Settings in Synthesis Report" option in "Analysis and Synthesis Settings -> More Settings" to "Off".


+--------------------------------------------------------------------------------------------------------------------------+
; Parameter Settings for User Entity Instance: memory4c:u_widths|deMux8:gen_blockRoute[3].blockRoute|deMux4:l1|deMux:first ;
+----------------+-------+-------------------------------------------------------------------------------------------------+
; Parameter Name ; Value ; Type                                                                                            ;
+----------------+-------+-------------------------------------------------------------------------------------------------+
; WIDTH          ; 1     ; Signed Integer                                                                                  ;
+----------------+-------+-------------------------------------------------------------------------------------------------+
Note: In order to hide this table in the UI and the text report file, please set the "Show Parameter Settings in Synthesis Report" option in "Analysis and Synthesis Settings -> More Settings" to "Off".


+-----------------------------------------------------------------------------------------------------------------------+
; Parameter Settings for User Entity Instance: memory4c:u_widths|deMux8:gen_blockRoute[3].blockRoute|deMux4:l1|deMux:l1 ;
+----------------+-------+----------------------------------------------------------------------------------------------+
; Parameter Name ; Value ; Type                                                                                         ;
+----------------+-------+----------------------------------------------------------------------------------------------+
; WIDTH          ; 1     ; Signed Integer                                                                               ;
+----------------+-------+----------------------------------------------------------------------------------------------+
Note: In order to hide this table in the UI and the text report file, please set the "Show Parameter Settings in Synthesis Report" option in "Analysis and Synthesis Settings -> More Settings" to "Off".


+-----------------------------------------------------------------------------------------------------------------------+
; Parameter Settings for User Entity Instance: memory4c:u_widths|deMux8:gen_blockRoute[3].blockRoute|deMux4:l1|deMux:l2 ;
+----------------+-------+----------------------------------------------------------------------------------------------+
; Parameter Name ; Value ; Type                                                                                         ;
+----------------+-------+----------------------------------------------------------------------------------------------+
; WIDTH          ; 1     ; Signed Integer                                                                               ;
+----------------+-------+----------------------------------------------------------------------------------------------+
Note: In order to hide this table in the UI and the text report file, please set the "Show Parameter Settings in Synthesis Report" option in "Analysis and Synthesis Settings -> More Settings" to "Off".


+--------------------------------------------------------------------------------------------------------------+
; Parameter Settings for User Entity Instance: memory4c:u_widths|deMux8:gen_blockRoute[3].blockRoute|deMux4:l2 ;
+----------------+-------+-------------------------------------------------------------------------------------+
; Parameter Name ; Value ; Type                                                                                ;
+----------------+-------+-------------------------------------------------------------------------------------+
; WIDTH          ; 1     ; Signed Integer                                                                      ;
+----------------+-------+-------------------------------------------------------------------------------------+
Note: In order to hide this table in the UI and the text report file, please set the "Show Parameter Settings in Synthesis Report" option in "Analysis and Synthesis Settings -> More Settings" to "Off".


+--------------------------------------------------------------------------------------------------------------------------+
; Parameter Settings for User Entity Instance: memory4c:u_widths|deMux8:gen_blockRoute[3].blockRoute|deMux4:l2|deMux:first ;
+----------------+-------+-------------------------------------------------------------------------------------------------+
; Parameter Name ; Value ; Type                                                                                            ;
+----------------+-------+-------------------------------------------------------------------------------------------------+
; WIDTH          ; 1     ; Signed Integer                                                                                  ;
+----------------+-------+-------------------------------------------------------------------------------------------------+
Note: In order to hide this table in the UI and the text report file, please set the "Show Parameter Settings in Synthesis Report" option in "Analysis and Synthesis Settings -> More Settings" to "Off".


+-----------------------------------------------------------------------------------------------------------------------+
; Parameter Settings for User Entity Instance: memory4c:u_widths|deMux8:gen_blockRoute[3].blockRoute|deMux4:l2|deMux:l1 ;
+----------------+-------+----------------------------------------------------------------------------------------------+
; Parameter Name ; Value ; Type                                                                                         ;
+----------------+-------+----------------------------------------------------------------------------------------------+
; WIDTH          ; 1     ; Signed Integer                                                                               ;
+----------------+-------+----------------------------------------------------------------------------------------------+
Note: In order to hide this table in the UI and the text report file, please set the "Show Parameter Settings in Synthesis Report" option in "Analysis and Synthesis Settings -> More Settings" to "Off".


+-----------------------------------------------------------------------------------------------------------------------+
; Parameter Settings for User Entity Instance: memory4c:u_widths|deMux8:gen_blockRoute[3].blockRoute|deMux4:l2|deMux:l2 ;
+----------------+-------+----------------------------------------------------------------------------------------------+
; Parameter Name ; Value ; Type                                                                                         ;
+----------------+-------+----------------------------------------------------------------------------------------------+
; WIDTH          ; 1     ; Signed Integer                                                                               ;
+----------------+-------+----------------------------------------------------------------------------------------------+
Note: In order to hide this table in the UI and the text report file, please set the "Show Parameter Settings in Synthesis Report" option in "Analysis and Synthesis Settings -> More Settings" to "Off".


+------------------------------------------------------------------------------------+
; Parameter Settings for User Entity Instance: memory4c:u_widths|deMux4:channelRoute ;
+----------------+-------+-----------------------------------------------------------+
; Parameter Name ; Value ; Type                                                      ;
+----------------+-------+-----------------------------------------------------------+
; WIDTH          ; 1     ; Signed Integer                                            ;
+----------------+-------+-----------------------------------------------------------+
Note: In order to hide this table in the UI and the text report file, please set the "Show Parameter Settings in Synthesis Report" option in "Analysis and Synthesis Settings -> More Settings" to "Off".


+------------------------------------------------------------------------------------------------+
; Parameter Settings for User Entity Instance: memory4c:u_widths|deMux4:channelRoute|deMux:first ;
+----------------+-------+-----------------------------------------------------------------------+
; Parameter Name ; Value ; Type                                                                  ;
+----------------+-------+-----------------------------------------------------------------------+
; WIDTH          ; 1     ; Signed Integer                                                        ;
+----------------+-------+-----------------------------------------------------------------------+
Note: In order to hide this table in the UI and the text report file, please set the "Show Parameter Settings in Synthesis Report" option in "Analysis and Synthesis Settings -> More Settings" to "Off".


+---------------------------------------------------------------------------------------------+
; Parameter Settings for User Entity Instance: memory4c:u_widths|deMux4:channelRoute|deMux:l1 ;
+----------------+-------+--------------------------------------------------------------------+
; Parameter Name ; Value ; Type                                                               ;
+----------------+-------+--------------------------------------------------------------------+
; WIDTH          ; 1     ; Signed Integer                                                     ;
+----------------+-------+--------------------------------------------------------------------+
Note: In order to hide this table in the UI and the text report file, please set the "Show Parameter Settings in Synthesis Report" option in "Analysis and Synthesis Settings -> More Settings" to "Off".


+---------------------------------------------------------------------------------------------+
; Parameter Settings for User Entity Instance: memory4c:u_widths|deMux4:channelRoute|deMux:l2 ;
+----------------+-------+--------------------------------------------------------------------+
; Parameter Name ; Value ; Type                                                               ;
+----------------+-------+--------------------------------------------------------------------+
; WIDTH          ; 1     ; Signed Integer                                                     ;
+----------------+-------+--------------------------------------------------------------------+
Note: In order to hide this table in the UI and the text report file, please set the "Show Parameter Settings in Synthesis Report" option in "Analysis and Synthesis Settings -> More Settings" to "Off".


+------------------------------------------------------------------------------------------------+
; Parameter Settings for User Entity Instance: memory4c:u_widths|mux8:gen_readBlock[0].readBlock ;
+----------------+-------+-----------------------------------------------------------------------+
; Parameter Name ; Value ; Type                                                                  ;
+----------------+-------+-----------------------------------------------------------------------+
; WIDTH          ; 8     ; Signed Integer                                                        ;
+----------------+-------+-----------------------------------------------------------------------+
Note: In order to hide this table in the UI and the text report file, please set the "Show Parameter Settings in Synthesis Report" option in "Analysis and Synthesis Settings -> More Settings" to "Off".


+--------------------------------------------------------------------------------------------------------+
; Parameter Settings for User Entity Instance: memory4c:u_widths|mux8:gen_readBlock[0].readBlock|mux4:lo ;
+----------------+-------+-------------------------------------------------------------------------------+
; Parameter Name ; Value ; Type                                                                          ;
+----------------+-------+-------------------------------------------------------------------------------+
; WIDTH          ; 8     ; Signed Integer                                                                ;
+----------------+-------+-------------------------------------------------------------------------------+
Note: In order to hide this table in the UI and the text report file, please set the "Show Parameter Settings in Synthesis Report" option in "Analysis and Synthesis Settings -> More Settings" to "Off".


+---------------------------------------------------------------------------------------------------------------+
; Parameter Settings for User Entity Instance: memory4c:u_widths|mux8:gen_readBlock[0].readBlock|mux4:lo|mux:lo ;
+----------------+-------+--------------------------------------------------------------------------------------+
; Parameter Name ; Value ; Type                                                                                 ;
+----------------+-------+--------------------------------------------------------------------------------------+
; WIDTH          ; 8     ; Signed Integer                                                                       ;
+----------------+-------+--------------------------------------------------------------------------------------+
Note: In order to hide this table in the UI and the text report file, please set the "Show Parameter Settings in Synthesis Report" option in "Analysis and Synthesis Settings -> More Settings" to "Off".


+---------------------------------------------------------------------------------------------------------------+
; Parameter Settings for User Entity Instance: memory4c:u_widths|mux8:gen_readBlock[0].readBlock|mux4:lo|mux:hi ;
+----------------+-------+--------------------------------------------------------------------------------------+
; Parameter Name ; Value ; Type                                                                                 ;
+----------------+-------+--------------------------------------------------------------------------------------+
; WIDTH          ; 8     ; Signed Integer                                                                       ;
+----------------+-------+--------------------------------------------------------------------------------------+
Note: In order to hide this table in the UI and the text report file, please set the "Show Parameter Settings in Synthesis Report" option in "Analysis and Synthesis Settings -> More Settings" to "Off".


+------------------------------------------------------------------------------------------------------------------+
; Parameter Settings for User Entity Instance: memory4c:u_widths|mux8:gen_readBlock[0].readBlock|mux4:lo|mux:final ;
+----------------+-------+-----------------------------------------------------------------------------------------+
; Parameter Name ; Value ; Type                                                                                    ;
+----------------+-------+-----------------------------------------------------------------------------------------+
; WIDTH          ; 8     ; Signed Integer                                                                          ;
+----------------+-------+-----------------------------------------------------------------------------------------+
Note: In order to hide this table in the UI and the text report file, please set the "Show Parameter Settings in Synthesis Report" option in "Analysis and Synthesis Settings -> More Settings" to "Off".


+--------------------------------------------------------------------------------------------------------+
; Parameter Settings for User Entity Instance: memory4c:u_widths|mux8:gen_readBlock[0].readBlock|mux4:hi ;
+----------------+-------+-------------------------------------------------------------------------------+
; Parameter Name ; Value ; Type                                                                          ;
+----------------+-------+-------------------------------------------------------------------------------+
; WIDTH          ; 8     ; Signed Integer                                                                ;
+----------------+-------+-------------------------------------------------------------------------------+
Note: In order to hide this table in the UI and the text report file, please set the "Show Parameter Settings in Synthesis Report" option in "Analysis and Synthesis Settings -> More Settings" to "Off".


+---------------------------------------------------------------------------------------------------------------+
; Parameter Settings for User Entity Instance: memory4c:u_widths|mux8:gen_readBlock[0].readBlock|mux4:hi|mux:lo ;
+----------------+-------+--------------------------------------------------------------------------------------+
; Parameter Name ; Value ; Type                                                                                 ;
+----------------+-------+--------------------------------------------------------------------------------------+
; WIDTH          ; 8     ; Signed Integer                                                                       ;
+----------------+-------+--------------------------------------------------------------------------------------+
Note: In order to hide this table in the UI and the text report file, please set the "Show Parameter Settings in Synthesis Report" option in "Analysis and Synthesis Settings -> More Settings" to "Off".


+---------------------------------------------------------------------------------------------------------------+
; Parameter Settings for User Entity Instance: memory4c:u_widths|mux8:gen_readBlock[0].readBlock|mux4:hi|mux:hi ;
+----------------+-------+--------------------------------------------------------------------------------------+
; Parameter Name ; Value ; Type                                                                                 ;
+----------------+-------+--------------------------------------------------------------------------------------+
; WIDTH          ; 8     ; Signed Integer                                                                       ;
+----------------+-------+--------------------------------------------------------------------------------------+
Note: In order to hide this table in the UI and the text report file, please set the "Show Parameter Settings in Synthesis Report" option in "Analysis and Synthesis Settings -> More Settings" to "Off".


+------------------------------------------------------------------------------------------------------------------+
; Parameter Settings for User Entity Instance: memory4c:u_widths|mux8:gen_readBlock[0].readBlock|mux4:hi|mux:final ;
+----------------+-------+-----------------------------------------------------------------------------------------+
; Parameter Name ; Value ; Type                                                                                    ;
+----------------+-------+-----------------------------------------------------------------------------------------+
; WIDTH          ; 8     ; Signed Integer                                                                          ;
+----------------+-------+-----------------------------------------------------------------------------------------+
Note: In order to hide this table in the UI and the text report file, please set the "Show Parameter Settings in Synthesis Report" option in "Analysis and Synthesis Settings -> More Settings" to "Off".


+----------------------------------------------------------------------------------------------------------+
; Parameter Settings for User Entity Instance: memory4c:u_widths|mux8:gen_readBlock[0].readBlock|mux:final ;
+----------------+-------+---------------------------------------------------------------------------------+
; Parameter Name ; Value ; Type                                                                            ;
+----------------+-------+---------------------------------------------------------------------------------+
; WIDTH          ; 8     ; Signed Integer                                                                  ;
+----------------+-------+---------------------------------------------------------------------------------+
Note: In order to hide this table in the UI and the text report file, please set the "Show Parameter Settings in Synthesis Report" option in "Analysis and Synthesis Settings -> More Settings" to "Off".


+------------------------------------------------------------------------------------------------+
; Parameter Settings for User Entity Instance: memory4c:u_widths|mux8:gen_readBlock[1].readBlock ;
+----------------+-------+-----------------------------------------------------------------------+
; Parameter Name ; Value ; Type                                                                  ;
+----------------+-------+-----------------------------------------------------------------------+
; WIDTH          ; 8     ; Signed Integer                                                        ;
+----------------+-------+-----------------------------------------------------------------------+
Note: In order to hide this table in the UI and the text report file, please set the "Show Parameter Settings in Synthesis Report" option in "Analysis and Synthesis Settings -> More Settings" to "Off".


+--------------------------------------------------------------------------------------------------------+
; Parameter Settings for User Entity Instance: memory4c:u_widths|mux8:gen_readBlock[1].readBlock|mux4:lo ;
+----------------+-------+-------------------------------------------------------------------------------+
; Parameter Name ; Value ; Type                                                                          ;
+----------------+-------+-------------------------------------------------------------------------------+
; WIDTH          ; 8     ; Signed Integer                                                                ;
+----------------+-------+-------------------------------------------------------------------------------+
Note: In order to hide this table in the UI and the text report file, please set the "Show Parameter Settings in Synthesis Report" option in "Analysis and Synthesis Settings -> More Settings" to "Off".


+---------------------------------------------------------------------------------------------------------------+
; Parameter Settings for User Entity Instance: memory4c:u_widths|mux8:gen_readBlock[1].readBlock|mux4:lo|mux:lo ;
+----------------+-------+--------------------------------------------------------------------------------------+
; Parameter Name ; Value ; Type                                                                                 ;
+----------------+-------+--------------------------------------------------------------------------------------+
; WIDTH          ; 8     ; Signed Integer                                                                       ;
+----------------+-------+--------------------------------------------------------------------------------------+
Note: In order to hide this table in the UI and the text report file, please set the "Show Parameter Settings in Synthesis Report" option in "Analysis and Synthesis Settings -> More Settings" to "Off".


+---------------------------------------------------------------------------------------------------------------+
; Parameter Settings for User Entity Instance: memory4c:u_widths|mux8:gen_readBlock[1].readBlock|mux4:lo|mux:hi ;
+----------------+-------+--------------------------------------------------------------------------------------+
; Parameter Name ; Value ; Type                                                                                 ;
+----------------+-------+--------------------------------------------------------------------------------------+
; WIDTH          ; 8     ; Signed Integer                                                                       ;
+----------------+-------+--------------------------------------------------------------------------------------+
Note: In order to hide this table in the UI and the text report file, please set the "Show Parameter Settings in Synthesis Report" option in "Analysis and Synthesis Settings -> More Settings" to "Off".


+------------------------------------------------------------------------------------------------------------------+
; Parameter Settings for User Entity Instance: memory4c:u_widths|mux8:gen_readBlock[1].readBlock|mux4:lo|mux:final ;
+----------------+-------+-----------------------------------------------------------------------------------------+
; Parameter Name ; Value ; Type                                                                                    ;
+----------------+-------+-----------------------------------------------------------------------------------------+
; WIDTH          ; 8     ; Signed Integer                                                                          ;
+----------------+-------+-----------------------------------------------------------------------------------------+
Note: In order to hide this table in the UI and the text report file, please set the "Show Parameter Settings in Synthesis Report" option in "Analysis and Synthesis Settings -> More Settings" to "Off".


+--------------------------------------------------------------------------------------------------------+
; Parameter Settings for User Entity Instance: memory4c:u_widths|mux8:gen_readBlock[1].readBlock|mux4:hi ;
+----------------+-------+-------------------------------------------------------------------------------+
; Parameter Name ; Value ; Type                                                                          ;
+----------------+-------+-------------------------------------------------------------------------------+
; WIDTH          ; 8     ; Signed Integer                                                                ;
+----------------+-------+-------------------------------------------------------------------------------+
Note: In order to hide this table in the UI and the text report file, please set the "Show Parameter Settings in Synthesis Report" option in "Analysis and Synthesis Settings -> More Settings" to "Off".


+---------------------------------------------------------------------------------------------------------------+
; Parameter Settings for User Entity Instance: memory4c:u_widths|mux8:gen_readBlock[1].readBlock|mux4:hi|mux:lo ;
+----------------+-------+--------------------------------------------------------------------------------------+
; Parameter Name ; Value ; Type                                                                                 ;
+----------------+-------+--------------------------------------------------------------------------------------+
; WIDTH          ; 8     ; Signed Integer                                                                       ;
+----------------+-------+--------------------------------------------------------------------------------------+
Note: In order to hide this table in the UI and the text report file, please set the "Show Parameter Settings in Synthesis Report" option in "Analysis and Synthesis Settings -> More Settings" to "Off".


+---------------------------------------------------------------------------------------------------------------+
; Parameter Settings for User Entity Instance: memory4c:u_widths|mux8:gen_readBlock[1].readBlock|mux4:hi|mux:hi ;
+----------------+-------+--------------------------------------------------------------------------------------+
; Parameter Name ; Value ; Type                                                                                 ;
+----------------+-------+--------------------------------------------------------------------------------------+
; WIDTH          ; 8     ; Signed Integer                                                                       ;
+----------------+-------+--------------------------------------------------------------------------------------+
Note: In order to hide this table in the UI and the text report file, please set the "Show Parameter Settings in Synthesis Report" option in "Analysis and Synthesis Settings -> More Settings" to "Off".


+------------------------------------------------------------------------------------------------------------------+
; Parameter Settings for User Entity Instance: memory4c:u_widths|mux8:gen_readBlock[1].readBlock|mux4:hi|mux:final ;
+----------------+-------+-----------------------------------------------------------------------------------------+
; Parameter Name ; Value ; Type                                                                                    ;
+----------------+-------+-----------------------------------------------------------------------------------------+
; WIDTH          ; 8     ; Signed Integer                                                                          ;
+----------------+-------+-----------------------------------------------------------------------------------------+
Note: In order to hide this table in the UI and the text report file, please set the "Show Parameter Settings in Synthesis Report" option in "Analysis and Synthesis Settings -> More Settings" to "Off".


+----------------------------------------------------------------------------------------------------------+
; Parameter Settings for User Entity Instance: memory4c:u_widths|mux8:gen_readBlock[1].readBlock|mux:final ;
+----------------+-------+---------------------------------------------------------------------------------+
; Parameter Name ; Value ; Type                                                                            ;
+----------------+-------+---------------------------------------------------------------------------------+
; WIDTH          ; 8     ; Signed Integer                                                                  ;
+----------------+-------+---------------------------------------------------------------------------------+
Note: In order to hide this table in the UI and the text report file, please set the "Show Parameter Settings in Synthesis Report" option in "Analysis and Synthesis Settings -> More Settings" to "Off".


+------------------------------------------------------------------------------------------------+
; Parameter Settings for User Entity Instance: memory4c:u_widths|mux8:gen_readBlock[2].readBlock ;
+----------------+-------+-----------------------------------------------------------------------+
; Parameter Name ; Value ; Type                                                                  ;
+----------------+-------+-----------------------------------------------------------------------+
; WIDTH          ; 8     ; Signed Integer                                                        ;
+----------------+-------+-----------------------------------------------------------------------+
Note: In order to hide this table in the UI and the text report file, please set the "Show Parameter Settings in Synthesis Report" option in "Analysis and Synthesis Settings -> More Settings" to "Off".


+--------------------------------------------------------------------------------------------------------+
; Parameter Settings for User Entity Instance: memory4c:u_widths|mux8:gen_readBlock[2].readBlock|mux4:lo ;
+----------------+-------+-------------------------------------------------------------------------------+
; Parameter Name ; Value ; Type                                                                          ;
+----------------+-------+-------------------------------------------------------------------------------+
; WIDTH          ; 8     ; Signed Integer                                                                ;
+----------------+-------+-------------------------------------------------------------------------------+
Note: In order to hide this table in the UI and the text report file, please set the "Show Parameter Settings in Synthesis Report" option in "Analysis and Synthesis Settings -> More Settings" to "Off".


+---------------------------------------------------------------------------------------------------------------+
; Parameter Settings for User Entity Instance: memory4c:u_widths|mux8:gen_readBlock[2].readBlock|mux4:lo|mux:lo ;
+----------------+-------+--------------------------------------------------------------------------------------+
; Parameter Name ; Value ; Type                                                                                 ;
+----------------+-------+--------------------------------------------------------------------------------------+
; WIDTH          ; 8     ; Signed Integer                                                                       ;
+----------------+-------+--------------------------------------------------------------------------------------+
Note: In order to hide this table in the UI and the text report file, please set the "Show Parameter Settings in Synthesis Report" option in "Analysis and Synthesis Settings -> More Settings" to "Off".


+---------------------------------------------------------------------------------------------------------------+
; Parameter Settings for User Entity Instance: memory4c:u_widths|mux8:gen_readBlock[2].readBlock|mux4:lo|mux:hi ;
+----------------+-------+--------------------------------------------------------------------------------------+
; Parameter Name ; Value ; Type                                                                                 ;
+----------------+-------+--------------------------------------------------------------------------------------+
; WIDTH          ; 8     ; Signed Integer                                                                       ;
+----------------+-------+--------------------------------------------------------------------------------------+
Note: In order to hide this table in the UI and the text report file, please set the "Show Parameter Settings in Synthesis Report" option in "Analysis and Synthesis Settings -> More Settings" to "Off".


+------------------------------------------------------------------------------------------------------------------+
; Parameter Settings for User Entity Instance: memory4c:u_widths|mux8:gen_readBlock[2].readBlock|mux4:lo|mux:final ;
+----------------+-------+-----------------------------------------------------------------------------------------+
; Parameter Name ; Value ; Type                                                                                    ;
+----------------+-------+-----------------------------------------------------------------------------------------+
; WIDTH          ; 8     ; Signed Integer                                                                          ;
+----------------+-------+-----------------------------------------------------------------------------------------+
Note: In order to hide this table in the UI and the text report file, please set the "Show Parameter Settings in Synthesis Report" option in "Analysis and Synthesis Settings -> More Settings" to "Off".


+--------------------------------------------------------------------------------------------------------+
; Parameter Settings for User Entity Instance: memory4c:u_widths|mux8:gen_readBlock[2].readBlock|mux4:hi ;
+----------------+-------+-------------------------------------------------------------------------------+
; Parameter Name ; Value ; Type                                                                          ;
+----------------+-------+-------------------------------------------------------------------------------+
; WIDTH          ; 8     ; Signed Integer                                                                ;
+----------------+-------+-------------------------------------------------------------------------------+
Note: In order to hide this table in the UI and the text report file, please set the "Show Parameter Settings in Synthesis Report" option in "Analysis and Synthesis Settings -> More Settings" to "Off".


+---------------------------------------------------------------------------------------------------------------+
; Parameter Settings for User Entity Instance: memory4c:u_widths|mux8:gen_readBlock[2].readBlock|mux4:hi|mux:lo ;
+----------------+-------+--------------------------------------------------------------------------------------+
; Parameter Name ; Value ; Type                                                                                 ;
+----------------+-------+--------------------------------------------------------------------------------------+
; WIDTH          ; 8     ; Signed Integer                                                                       ;
+----------------+-------+--------------------------------------------------------------------------------------+
Note: In order to hide this table in the UI and the text report file, please set the "Show Parameter Settings in Synthesis Report" option in "Analysis and Synthesis Settings -> More Settings" to "Off".


+---------------------------------------------------------------------------------------------------------------+
; Parameter Settings for User Entity Instance: memory4c:u_widths|mux8:gen_readBlock[2].readBlock|mux4:hi|mux:hi ;
+----------------+-------+--------------------------------------------------------------------------------------+
; Parameter Name ; Value ; Type                                                                                 ;
+----------------+-------+--------------------------------------------------------------------------------------+
; WIDTH          ; 8     ; Signed Integer                                                                       ;
+----------------+-------+--------------------------------------------------------------------------------------+
Note: In order to hide this table in the UI and the text report file, please set the "Show Parameter Settings in Synthesis Report" option in "Analysis and Synthesis Settings -> More Settings" to "Off".


+------------------------------------------------------------------------------------------------------------------+
; Parameter Settings for User Entity Instance: memory4c:u_widths|mux8:gen_readBlock[2].readBlock|mux4:hi|mux:final ;
+----------------+-------+-----------------------------------------------------------------------------------------+
; Parameter Name ; Value ; Type                                                                                    ;
+----------------+-------+-----------------------------------------------------------------------------------------+
; WIDTH          ; 8     ; Signed Integer                                                                          ;
+----------------+-------+-----------------------------------------------------------------------------------------+
Note: In order to hide this table in the UI and the text report file, please set the "Show Parameter Settings in Synthesis Report" option in "Analysis and Synthesis Settings -> More Settings" to "Off".


+----------------------------------------------------------------------------------------------------------+
; Parameter Settings for User Entity Instance: memory4c:u_widths|mux8:gen_readBlock[2].readBlock|mux:final ;
+----------------+-------+---------------------------------------------------------------------------------+
; Parameter Name ; Value ; Type                                                                            ;
+----------------+-------+---------------------------------------------------------------------------------+
; WIDTH          ; 8     ; Signed Integer                                                                  ;
+----------------+-------+---------------------------------------------------------------------------------+
Note: In order to hide this table in the UI and the text report file, please set the "Show Parameter Settings in Synthesis Report" option in "Analysis and Synthesis Settings -> More Settings" to "Off".


+------------------------------------------------------------------------------------------------+
; Parameter Settings for User Entity Instance: memory4c:u_widths|mux8:gen_readBlock[3].readBlock ;
+----------------+-------+-----------------------------------------------------------------------+
; Parameter Name ; Value ; Type                                                                  ;
+----------------+-------+-----------------------------------------------------------------------+
; WIDTH          ; 8     ; Signed Integer                                                        ;
+----------------+-------+-----------------------------------------------------------------------+
Note: In order to hide this table in the UI and the text report file, please set the "Show Parameter Settings in Synthesis Report" option in "Analysis and Synthesis Settings -> More Settings" to "Off".


+--------------------------------------------------------------------------------------------------------+
; Parameter Settings for User Entity Instance: memory4c:u_widths|mux8:gen_readBlock[3].readBlock|mux4:lo ;
+----------------+-------+-------------------------------------------------------------------------------+
; Parameter Name ; Value ; Type                                                                          ;
+----------------+-------+-------------------------------------------------------------------------------+
; WIDTH          ; 8     ; Signed Integer                                                                ;
+----------------+-------+-------------------------------------------------------------------------------+
Note: In order to hide this table in the UI and the text report file, please set the "Show Parameter Settings in Synthesis Report" option in "Analysis and Synthesis Settings -> More Settings" to "Off".


+---------------------------------------------------------------------------------------------------------------+
; Parameter Settings for User Entity Instance: memory4c:u_widths|mux8:gen_readBlock[3].readBlock|mux4:lo|mux:lo ;
+----------------+-------+--------------------------------------------------------------------------------------+
; Parameter Name ; Value ; Type                                                                                 ;
+----------------+-------+--------------------------------------------------------------------------------------+
; WIDTH          ; 8     ; Signed Integer                                                                       ;
+----------------+-------+--------------------------------------------------------------------------------------+
Note: In order to hide this table in the UI and the text report file, please set the "Show Parameter Settings in Synthesis Report" option in "Analysis and Synthesis Settings -> More Settings" to "Off".


+---------------------------------------------------------------------------------------------------------------+
; Parameter Settings for User Entity Instance: memory4c:u_widths|mux8:gen_readBlock[3].readBlock|mux4:lo|mux:hi ;
+----------------+-------+--------------------------------------------------------------------------------------+
; Parameter Name ; Value ; Type                                                                                 ;
+----------------+-------+--------------------------------------------------------------------------------------+
; WIDTH          ; 8     ; Signed Integer                                                                       ;
+----------------+-------+--------------------------------------------------------------------------------------+
Note: In order to hide this table in the UI and the text report file, please set the "Show Parameter Settings in Synthesis Report" option in "Analysis and Synthesis Settings -> More Settings" to "Off".


+------------------------------------------------------------------------------------------------------------------+
; Parameter Settings for User Entity Instance: memory4c:u_widths|mux8:gen_readBlock[3].readBlock|mux4:lo|mux:final ;
+----------------+-------+-----------------------------------------------------------------------------------------+
; Parameter Name ; Value ; Type                                                                                    ;
+----------------+-------+-----------------------------------------------------------------------------------------+
; WIDTH          ; 8     ; Signed Integer                                                                          ;
+----------------+-------+-----------------------------------------------------------------------------------------+
Note: In order to hide this table in the UI and the text report file, please set the "Show Parameter Settings in Synthesis Report" option in "Analysis and Synthesis Settings -> More Settings" to "Off".


+--------------------------------------------------------------------------------------------------------+
; Parameter Settings for User Entity Instance: memory4c:u_widths|mux8:gen_readBlock[3].readBlock|mux4:hi ;
+----------------+-------+-------------------------------------------------------------------------------+
; Parameter Name ; Value ; Type                                                                          ;
+----------------+-------+-------------------------------------------------------------------------------+
; WIDTH          ; 8     ; Signed Integer                                                                ;
+----------------+-------+-------------------------------------------------------------------------------+
Note: In order to hide this table in the UI and the text report file, please set the "Show Parameter Settings in Synthesis Report" option in "Analysis and Synthesis Settings -> More Settings" to "Off".


+---------------------------------------------------------------------------------------------------------------+
; Parameter Settings for User Entity Instance: memory4c:u_widths|mux8:gen_readBlock[3].readBlock|mux4:hi|mux:lo ;
+----------------+-------+--------------------------------------------------------------------------------------+
; Parameter Name ; Value ; Type                                                                                 ;
+----------------+-------+--------------------------------------------------------------------------------------+
; WIDTH          ; 8     ; Signed Integer                                                                       ;
+----------------+-------+--------------------------------------------------------------------------------------+
Note: In order to hide this table in the UI and the text report file, please set the "Show Parameter Settings in Synthesis Report" option in "Analysis and Synthesis Settings -> More Settings" to "Off".


+---------------------------------------------------------------------------------------------------------------+
; Parameter Settings for User Entity Instance: memory4c:u_widths|mux8:gen_readBlock[3].readBlock|mux4:hi|mux:hi ;
+----------------+-------+--------------------------------------------------------------------------------------+
; Parameter Name ; Value ; Type                                                                                 ;
+----------------+-------+--------------------------------------------------------------------------------------+
; WIDTH          ; 8     ; Signed Integer                                                                       ;
+----------------+-------+--------------------------------------------------------------------------------------+
Note: In order to hide this table in the UI and the text report file, please set the "Show Parameter Settings in Synthesis Report" option in "Analysis and Synthesis Settings -> More Settings" to "Off".


+------------------------------------------------------------------------------------------------------------------+
; Parameter Settings for User Entity Instance: memory4c:u_widths|mux8:gen_readBlock[3].readBlock|mux4:hi|mux:final ;
+----------------+-------+-----------------------------------------------------------------------------------------+
; Parameter Name ; Value ; Type                                                                                    ;
+----------------+-------+-----------------------------------------------------------------------------------------+
; WIDTH          ; 8     ; Signed Integer                                                                          ;
+----------------+-------+-----------------------------------------------------------------------------------------+
Note: In order to hide this table in the UI and the text report file, please set the "Show Parameter Settings in Synthesis Report" option in "Analysis and Synthesis Settings -> More Settings" to "Off".


+----------------------------------------------------------------------------------------------------------+
; Parameter Settings for User Entity Instance: memory4c:u_widths|mux8:gen_readBlock[3].readBlock|mux:final ;
+----------------+-------+---------------------------------------------------------------------------------+
; Parameter Name ; Value ; Type                                                                            ;
+----------------+-------+---------------------------------------------------------------------------------+
; WIDTH          ; 8     ; Signed Integer                                                                  ;
+----------------+-------+---------------------------------------------------------------------------------+
Note: In order to hide this table in the UI and the text report file, please set the "Show Parameter Settings in Synthesis Report" option in "Analysis and Synthesis Settings -> More Settings" to "Off".


+--------------------------------------------------------------------------------------+
; Parameter Settings for User Entity Instance: memory4c:u_widths|mux4:memChannelOutput ;
+----------------+-------+-------------------------------------------------------------+
; Parameter Name ; Value ; Type                                                        ;
+----------------+-------+-------------------------------------------------------------+
; WIDTH          ; 8     ; Signed Integer                                              ;
+----------------+-------+-------------------------------------------------------------+
Note: In order to hide this table in the UI and the text report file, please set the "Show Parameter Settings in Synthesis Report" option in "Analysis and Synthesis Settings -> More Settings" to "Off".


+---------------------------------------------------------------------------------------------+
; Parameter Settings for User Entity Instance: memory4c:u_widths|mux4:memChannelOutput|mux:lo ;
+----------------+-------+--------------------------------------------------------------------+
; Parameter Name ; Value ; Type                                                               ;
+----------------+-------+--------------------------------------------------------------------+
; WIDTH          ; 8     ; Signed Integer                                                     ;
+----------------+-------+--------------------------------------------------------------------+
Note: In order to hide this table in the UI and the text report file, please set the "Show Parameter Settings in Synthesis Report" option in "Analysis and Synthesis Settings -> More Settings" to "Off".


+---------------------------------------------------------------------------------------------+
; Parameter Settings for User Entity Instance: memory4c:u_widths|mux4:memChannelOutput|mux:hi ;
+----------------+-------+--------------------------------------------------------------------+
; Parameter Name ; Value ; Type                                                               ;
+----------------+-------+--------------------------------------------------------------------+
; WIDTH          ; 8     ; Signed Integer                                                     ;
+----------------+-------+--------------------------------------------------------------------+
Note: In order to hide this table in the UI and the text report file, please set the "Show Parameter Settings in Synthesis Report" option in "Analysis and Synthesis Settings -> More Settings" to "Off".


+------------------------------------------------------------------------------------------------+
; Parameter Settings for User Entity Instance: memory4c:u_widths|mux4:memChannelOutput|mux:final ;
+----------------+-------+-----------------------------------------------------------------------+
; Parameter Name ; Value ; Type                                                                  ;
+----------------+-------+-----------------------------------------------------------------------+
; WIDTH          ; 8     ; Signed Integer                                                        ;
+----------------+-------+-----------------------------------------------------------------------+
Note: In order to hide this table in the UI and the text report file, please set the "Show Parameter Settings in Synthesis Report" option in "Analysis and Synthesis Settings -> More Settings" to "Off".


+----------------------------------------------------------------+
; Parameter Settings for User Entity Instance: pulseHandler:u_pc ;
+----------------+-------+---------------------------------------+
; Parameter Name ; Value ; Type                                  ;
+----------------+-------+---------------------------------------+
; CHANNELS       ; 4     ; Signed Integer                        ;
; BYTES_PER_CH   ; 8     ; Signed Integer                        ;
+----------------+-------+---------------------------------------+
Note: In order to hide this table in the UI and the text report file, please set the "Show Parameter Settings in Synthesis Report" option in "Analysis and Synthesis Settings -> More Settings" to "Off".


+---------------------------------------------------------------------------------+
; altpll Parameter Settings by Entity Instance                                    ;
+-------------------------------+-------------------------------------------------+
; Name                          ; Value                                           ;
+-------------------------------+-------------------------------------------------+
; Number of entity instances    ; 2                                               ;
; Entity Instance               ; clk_pll_10_to_50:wiz_1|altpll:altpll_component  ;
;     -- OPERATION_MODE         ; NORMAL                                          ;
;     -- PLL_TYPE               ; AUTO                                            ;
;     -- PRIMARY_CLOCK          ; INCLK0                                          ;
;     -- INCLK0_INPUT_FREQUENCY ; 100000                                          ;
;     -- INCLK1_INPUT_FREQUENCY ; 0                                               ;
;     -- VCO_MULTIPLY_BY        ; 0                                               ;
;     -- VCO_DIVIDE_BY          ; 0                                               ;
; Entity Instance               ; clk_pll_50_to_200:wiz_2|altpll:altpll_component ;
;     -- OPERATION_MODE         ; NORMAL                                          ;
;     -- PLL_TYPE               ; AUTO                                            ;
;     -- PRIMARY_CLOCK          ; inclk0                                          ;
;     -- INCLK0_INPUT_FREQUENCY ; 20000                                           ;
;     -- INCLK1_INPUT_FREQUENCY ; 20000                                           ;
;     -- VCO_MULTIPLY_BY        ; 0                                               ;
;     -- VCO_DIVIDE_BY          ; 0                                               ;
+-------------------------------+-------------------------------------------------+


+------------------------------------------------------------------------------------------------------------------------------------------+
; Port Connectivity Checks: "pulseHandler:u_pc"                                                                                            ;
+-----------+--------+----------+----------------------------------------------------------------------------------------------------------+
; Port      ; Type   ; Severity ; Details                                                                                                  ;
+-----------+--------+----------+----------------------------------------------------------------------------------------------------------+
; testphase ; Output ; Info     ; Connected to dangling logic. Logic that only feeds a dangling port will be removed.                      ;
; ready     ; Output ; Warning  ; Declared by entity but not connected by instance. Logic that only feeds a dangling port will be removed. ;
+-----------+--------+----------+----------------------------------------------------------------------------------------------------------+


+-----------------------------------------------+
; Port Connectivity Checks: "memory4c:u_widths" ;
+----------+-------+----------+-----------------+
; Port     ; Type  ; Severity ; Details         ;
+----------+-------+----------+-----------------+
; memReset ; Input ; Info     ; Stuck at GND    ;
+----------+-------+----------+-----------------+


+-----------------------------------------------+
; Port Connectivity Checks: "memory4c:u_delays" ;
+----------+-------+----------+-----------------+
; Port     ; Type  ; Severity ; Details         ;
+----------+-------+----------+-----------------+
; memReset ; Input ; Info     ; Stuck at GND    ;
+----------+-------+----------+-----------------+


+-------------------------------------------------------------------------------------------------------------------+
; Port Connectivity Checks: "instructionHandler:u_ins"                                                              ;
+---------+--------+----------+-------------------------------------------------------------------------------------+
; Port    ; Type   ; Severity ; Details                                                                             ;
+---------+--------+----------+-------------------------------------------------------------------------------------+
; control ; Output ; Info     ; Connected to dangling logic. Logic that only feeds a dangling port will be removed. ;
+---------+--------+----------+-------------------------------------------------------------------------------------+


+------------------------------------------------------------------------------------------------------------------+
; Port Connectivity Checks: "usb_cmd_gateway:u_cmd"                                                                ;
+--------+--------+----------+-------------------------------------------------------------------------------------+
; Port   ; Type   ; Severity ; Details                                                                             ;
+--------+--------+----------+-------------------------------------------------------------------------------------+
; rst    ; Input  ; Info     ; Stuck at GND                                                                        ;
; usbled ; Output ; Info     ; Connected to dangling logic. Logic that only feeds a dangling port will be removed. ;
+--------+--------+----------+-------------------------------------------------------------------------------------+


+----------------------------------------------------------------------------------------------------------------------------------------------+
; Port Connectivity Checks: "uart:u_uart"                                                                                                      ;
+---------------+--------+----------+----------------------------------------------------------------------------------------------------------+
; Port          ; Type   ; Severity ; Details                                                                                                  ;
+---------------+--------+----------+----------------------------------------------------------------------------------------------------------+
; rst           ; Input  ; Info     ; Stuck at GND                                                                                             ;
; dbg_tx_tick   ; Output ; Warning  ; Declared by entity but not connected by instance. Logic that only feeds a dangling port will be removed. ;
; dbg_rx_sample ; Output ; Warning  ; Declared by entity but not connected by instance. Logic that only feeds a dangling port will be removed. ;
+---------------+--------+----------+----------------------------------------------------------------------------------------------------------+


+-----------------------------------------------------------------------------------------------------------------------------------------------------------------------------+
; Port Connectivity Checks: "clk_pll_50_to_200:wiz_2"                                                                                                                         ;
+-----------+-------+----------+----------------------------------------------------------------------------------------------------------------------------------------------+
; Port      ; Type  ; Severity ; Details                                                                                                                                      ;
+-----------+-------+----------+----------------------------------------------------------------------------------------------------------------------------------------------+
; areset    ; Input ; Info     ; Stuck at GND                                                                                                                                 ;
; clkswitch ; Input ; Warning  ; Declared by entity but not connected by instance. If a default value exists, it will be used.  Otherwise, the port will be connected to GND. ;
; inclk1    ; Input ; Warning  ; Declared by entity but not connected by instance. If a default value exists, it will be used.  Otherwise, the port will be connected to GND. ;
+-----------+-------+----------+----------------------------------------------------------------------------------------------------------------------------------------------+


+------------------------------------------------------------------------------------------------------------------+
; Port Connectivity Checks: "clk_pll_10_to_50:wiz_1"                                                               ;
+--------+--------+----------+-------------------------------------------------------------------------------------+
; Port   ; Type   ; Severity ; Details                                                                             ;
+--------+--------+----------+-------------------------------------------------------------------------------------+
; areset ; Input  ; Info     ; Stuck at GND                                                                        ;
; c0     ; Output ; Info     ; Connected to dangling logic. Logic that only feeds a dangling port will be removed. ;
; locked ; Output ; Info     ; Connected to dangling logic. Logic that only feeds a dangling port will be removed. ;
+--------+--------+----------+-------------------------------------------------------------------------------------+


+-----------------------------------------------------+
; Post-Synthesis Netlist Statistics for Top Partition ;
+-----------------------+-----------------------------+
; Type                  ; Count                       ;
+-----------------------+-----------------------------+
; boundary_port         ; 21                          ;
; cycloneiii_ff         ; 2196                        ;
;     CLR               ; 84                          ;
;     CLR SLD           ; 3                           ;
;     ENA               ; 875                         ;
;     ENA CLR           ; 578                         ;
;     ENA CLR SLD       ; 512                         ;
;     ENA SCLR          ; 28                          ;
;     ENA SLD           ; 72                          ;
;     SCLR              ; 2                           ;
;     SLD               ; 1                           ;
;     plain             ; 41                          ;
; cycloneiii_lcell_comb ; 2480                        ;
;     arith             ; 584                         ;
;         2 data inputs ; 579                         ;
;         3 data inputs ; 5                           ;
;     normal            ; 1896                        ;
;         0 data inputs ; 1                           ;
;         1 data inputs ; 29                          ;
;         2 data inputs ; 120                         ;
;         3 data inputs ; 114                         ;
;         4 data inputs ; 1632                        ;
; cycloneiii_pll        ; 1                           ;
;                       ;                             ;
; Max LUT depth         ; 8.00                        ;
; Average LUT depth     ; 4.87                        ;
+-----------------------+-----------------------------+


+-------------------------------+
; Elapsed Time Per Partition    ;
+----------------+--------------+
; Partition Name ; Elapsed Time ;
+----------------+--------------+
; Top            ; 00:00:05     ;
+----------------+--------------+


+-------------------------------+
; Analysis & Synthesis Messages ;
+-------------------------------+
Info: *******************************************************************
Info: Running Quartus Prime Analysis & Synthesis
    Info: Version 22.1std.0 Build 915 10/25/2022 SC Lite Edition
    Info: Processing started: Wed Mar 18 19:00:51 2026
Info: Command: quartus_map --read_settings_files=on --write_settings_files=off PulseController -c PulseController
Warning (18236): Number of processors has not been specified which may cause overloading on shared machines.  Set the global assignment NUM_PARALLEL_PROCESSORS in your QSF to an appropriate value for best performance.
Info (20030): Parallel compilation is enabled and will use 10 of the 10 processors detected
Info (12021): Found 1 design units, including 1 entities, in source file testtop.v
    Info (12023): Found entity 1: testtop File: C:/Users/sebas/Downloads/PulseGenerator-main/PulseGenerator-main/QuartusPrimeProject/testtop.v Line: 1
Info (12021): Found 4 design units, including 4 entities, in source file demux.v
    Info (12023): Found entity 1: deMuxBase File: C:/Users/sebas/Downloads/PulseGenerator-main/PulseGenerator-main/QuartusPrimeProject/deMux.v Line: 3
    Info (12023): Found entity 2: deMux File: C:/Users/sebas/Downloads/PulseGenerator-main/PulseGenerator-main/QuartusPrimeProject/deMux.v Line: 14
    Info (12023): Found entity 3: deMux4 File: C:/Users/sebas/Downloads/PulseGenerator-main/PulseGenerator-main/QuartusPrimeProject/deMux.v Line: 22
    Info (12023): Found entity 4: deMux8 File: C:/Users/sebas/Downloads/PulseGenerator-main/PulseGenerator-main/QuartusPrimeProject/deMux.v Line: 33
Info (12021): Found 1 design units, including 1 entities, in source file fifo.v
    Info (12023): Found entity 1: async_fifo_8 File: C:/Users/sebas/Downloads/PulseGenerator-main/PulseGenerator-main/QuartusPrimeProject/fifo.v Line: 2
Info (12021): Found 1 design units, including 1 entities, in source file instructionhandler.v
    Info (12023): Found entity 1: instructionHandler File: C:/Users/sebas/Downloads/PulseGenerator-main/PulseGenerator-main/QuartusPrimeProject/instructionHandler.v Line: 2
Info (12021): Found 2 design units, including 2 entities, in source file memory.v
    Info (12023): Found entity 1: memory4c File: C:/Users/sebas/Downloads/PulseGenerator-main/PulseGenerator-main/QuartusPrimeProject/memory.v Line: 26
    Info (12023): Found entity 2: memory1c File: C:/Users/sebas/Downloads/PulseGenerator-main/PulseGenerator-main/QuartusPrimeProject/memory.v Line: 278
Warning (10463): Verilog HDL Declaration warning at mux.v(29): "final" is SystemVerilog-2005 keyword File: C:/Users/sebas/Downloads/PulseGenerator-main/PulseGenerator-main/QuartusPrimeProject/mux.v Line: 29
Warning (10463): Verilog HDL Declaration warning at mux.v(40): "final" is SystemVerilog-2005 keyword File: C:/Users/sebas/Downloads/PulseGenerator-main/PulseGenerator-main/QuartusPrimeProject/mux.v Line: 40
Warning (12090): Entity "mux" obtained from "mux.v" instead of from Quartus Prime megafunction library File: C:/Users/sebas/Downloads/PulseGenerator-main/PulseGenerator-main/QuartusPrimeProject/mux.v Line: 13
Info (12021): Found 4 design units, including 4 entities, in source file mux.v
    Info (12023): Found entity 1: muxBase File: C:/Users/sebas/Downloads/PulseGenerator-main/PulseGenerator-main/QuartusPrimeProject/mux.v Line: 3
    Info (12023): Found entity 2: mux File: C:/Users/sebas/Downloads/PulseGenerator-main/PulseGenerator-main/QuartusPrimeProject/mux.v Line: 13
    Info (12023): Found entity 3: mux4 File: C:/Users/sebas/Downloads/PulseGenerator-main/PulseGenerator-main/QuartusPrimeProject/mux.v Line: 21
    Info (12023): Found entity 4: mux8 File: C:/Users/sebas/Downloads/PulseGenerator-main/PulseGenerator-main/QuartusPrimeProject/mux.v Line: 32
Info (12021): Found 1 design units, including 1 entities, in source file pulsecontroller.v
    Info (12023): Found entity 1: pulseController File: C:/Users/sebas/Downloads/PulseGenerator-main/PulseGenerator-main/QuartusPrimeProject/pulseController.v Line: 3
Info (12021): Found 1 design units, including 1 entities, in source file pulsehandler.v
    Info (12023): Found entity 1: pulseHandler File: C:/Users/sebas/Downloads/PulseGenerator-main/PulseGenerator-main/QuartusPrimeProject/pulseHandler.v Line: 3
Info (12021): Found 1 design units, including 1 entities, in source file storage.v
    Info (12023): Found entity 1: storage File: C:/Users/sebas/Downloads/PulseGenerator-main/PulseGenerator-main/QuartusPrimeProject/storage.v Line: 3
Info (12021): Found 1 design units, including 1 entities, in source file uart.v
    Info (12023): Found entity 1: uart File: C:/Users/sebas/Downloads/PulseGenerator-main/PulseGenerator-main/QuartusPrimeProject/uart.v Line: 2
Info (12021): Found 1 design units, including 1 entities, in source file usb_cmd_gateway.v
    Info (12023): Found entity 1: usb_cmd_gateway File: C:/Users/sebas/Downloads/PulseGenerator-main/PulseGenerator-main/QuartusPrimeProject/usb_cmd_gateway.v Line: 2
Info (12021): Found 1 design units, including 1 entities, in source file clk_pll_50_to_400.v
    Info (12023): Found entity 1: clk_pll_50_to_400 File: C:/Users/sebas/Downloads/PulseGenerator-main/PulseGenerator-main/QuartusPrimeProject/clk_pll_50_to_400.v Line: 40
Info (12021): Found 1 design units, including 1 entities, in source file tb_pulsecontroller_50mhz.v
    Info (12023): Found entity 1: tb_pulseController_50MHz File: C:/Users/sebas/Downloads/PulseGenerator-main/PulseGenerator-main/QuartusPrimeProject/tb_pulseController_50MHz.v Line: 9
Info (12021): Found 1 design units, including 1 entities, in source file uart_test.v
    Info (12023): Found entity 1: uart_test File: C:/Users/sebas/Downloads/PulseGenerator-main/PulseGenerator-main/QuartusPrimeProject/uart_test.v Line: 1
Info (12021): Found 1 design units, including 1 entities, in source file clk_pll_10_to_50.v
    Info (12023): Found entity 1: clk_pll_10_to_50 File: C:/Users/sebas/Downloads/PulseGenerator-main/PulseGenerator-main/QuartusPrimeProject/clk_pll_10_to_50.v Line: 40
Info (12021): Found 1 design units, including 1 entities, in source file clkswitcher/synthesis/clkswitcher.v
    Info (12023): Found entity 1: clkswitcher File: C:/Users/sebas/Downloads/PulseGenerator-main/PulseGenerator-main/QuartusPrimeProject/clkswitcher/synthesis/clkswitcher.v Line: 6
Info (12021): Found 2 design units, including 2 entities, in source file clkswitcher/synthesis/submodules/clkswitcher_altclkctrl_0.v
    Info (12023): Found entity 1: clkswitcher_altclkctrl_0_sub File: C:/Users/sebas/Downloads/PulseGenerator-main/PulseGenerator-main/QuartusPrimeProject/clkswitcher/synthesis/submodules/clkswitcher_altclkctrl_0.v Line: 29
    Info (12023): Found entity 2: clkswitcher_altclkctrl_0 File: C:/Users/sebas/Downloads/PulseGenerator-main/PulseGenerator-main/QuartusPrimeProject/clkswitcher/synthesis/submodules/clkswitcher_altclkctrl_0.v Line: 108
Info (12021): Found 1 design units, including 1 entities, in source file clk_pll_50_to_200.v
    Info (12023): Found entity 1: clk_pll_50_to_200 File: C:/Users/sebas/Downloads/PulseGenerator-main/PulseGenerator-main/QuartusPrimeProject/clk_pll_50_to_200.v Line: 40
Info (12127): Elaborating entity "pulseController" for the top level hierarchy
Warning (10230): Verilog HDL assignment warning at pulseController.v(179): truncated value with size 32 to match size of target (4) File: C:/Users/sebas/Downloads/PulseGenerator-main/PulseGenerator-main/QuartusPrimeProject/pulseController.v Line: 179
Warning (10230): Verilog HDL assignment warning at pulseController.v(205): truncated value with size 32 to match size of target (4) File: C:/Users/sebas/Downloads/PulseGenerator-main/PulseGenerator-main/QuartusPrimeProject/pulseController.v Line: 205
Warning (10230): Verilog HDL assignment warning at pulseController.v(208): truncated value with size 32 to match size of target (4) File: C:/Users/sebas/Downloads/PulseGenerator-main/PulseGenerator-main/QuartusPrimeProject/pulseController.v Line: 208
Warning (10230): Verilog HDL assignment warning at pulseController.v(433): truncated value with size 32 to match size of target (6) File: C:/Users/sebas/Downloads/PulseGenerator-main/PulseGenerator-main/QuartusPrimeProject/pulseController.v Line: 433
Warning (10230): Verilog HDL assignment warning at pulseController.v(434): truncated value with size 32 to match size of target (7) File: C:/Users/sebas/Downloads/PulseGenerator-main/PulseGenerator-main/QuartusPrimeProject/pulseController.v Line: 434
Warning (10230): Verilog HDL assignment warning at pulseController.v(435): truncated value with size 32 to match size of target (4) File: C:/Users/sebas/Downloads/PulseGenerator-main/PulseGenerator-main/QuartusPrimeProject/pulseController.v Line: 435
Warning (10230): Verilog HDL assignment warning at pulseController.v(441): truncated value with size 32 to match size of target (6) File: C:/Users/sebas/Downloads/PulseGenerator-main/PulseGenerator-main/QuartusPrimeProject/pulseController.v Line: 441
Warning (10230): Verilog HDL assignment warning at pulseController.v(442): truncated value with size 32 to match size of target (7) File: C:/Users/sebas/Downloads/PulseGenerator-main/PulseGenerator-main/QuartusPrimeProject/pulseController.v Line: 442
Warning (10230): Verilog HDL assignment warning at pulseController.v(453): truncated value with size 32 to match size of target (6) File: C:/Users/sebas/Downloads/PulseGenerator-main/PulseGenerator-main/QuartusPrimeProject/pulseController.v Line: 453
Warning (10230): Verilog HDL assignment warning at pulseController.v(454): truncated value with size 32 to match size of target (7) File: C:/Users/sebas/Downloads/PulseGenerator-main/PulseGenerator-main/QuartusPrimeProject/pulseController.v Line: 454
Warning (10230): Verilog HDL assignment warning at pulseController.v(456): truncated value with size 32 to match size of target (4) File: C:/Users/sebas/Downloads/PulseGenerator-main/PulseGenerator-main/QuartusPrimeProject/pulseController.v Line: 456
Warning (10034): Output port "led" at pulseController.v(13) has no driver File: C:/Users/sebas/Downloads/PulseGenerator-main/PulseGenerator-main/QuartusPrimeProject/pulseController.v Line: 13
Info (12128): Elaborating entity "clk_pll_10_to_50" for hierarchy "clk_pll_10_to_50:wiz_1" File: C:/Users/sebas/Downloads/PulseGenerator-main/PulseGenerator-main/QuartusPrimeProject/pulseController.v Line: 32
Info (12128): Elaborating entity "altpll" for hierarchy "clk_pll_10_to_50:wiz_1|altpll:altpll_component" File: C:/Users/sebas/Downloads/PulseGenerator-main/PulseGenerator-main/QuartusPrimeProject/clk_pll_10_to_50.v Line: 104
Info (12130): Elaborated megafunction instantiation "clk_pll_10_to_50:wiz_1|altpll:altpll_component" File: C:/Users/sebas/Downloads/PulseGenerator-main/PulseGenerator-main/QuartusPrimeProject/clk_pll_10_to_50.v Line: 104
Info (12133): Instantiated megafunction "clk_pll_10_to_50:wiz_1|altpll:altpll_component" with the following parameter: File: C:/Users/sebas/Downloads/PulseGenerator-main/PulseGenerator-main/QuartusPrimeProject/clk_pll_10_to_50.v Line: 104
    Info (12134): Parameter "bandwidth_type" = "AUTO"
    Info (12134): Parameter "clk0_divide_by" = "1"
    Info (12134): Parameter "clk0_duty_cycle" = "50"
    Info (12134): Parameter "clk0_multiply_by" = "5"
    Info (12134): Parameter "clk0_phase_shift" = "0"
    Info (12134): Parameter "compensate_clock" = "CLK0"
    Info (12134): Parameter "inclk0_input_frequency" = "100000"
    Info (12134): Parameter "intended_device_family" = "MAX 10"
    Info (12134): Parameter "lpm_hint" = "CBX_MODULE_PREFIX=clk_pll_10_to_50"
    Info (12134): Parameter "lpm_type" = "altpll"
    Info (12134): Parameter "operation_mode" = "NORMAL"
    Info (12134): Parameter "pll_type" = "AUTO"
    Info (12134): Parameter "port_activeclock" = "PORT_UNUSED"
    Info (12134): Parameter "port_areset" = "PORT_USED"
    Info (12134): Parameter "port_clkbad0" = "PORT_UNUSED"
    Info (12134): Parameter "port_clkbad1" = "PORT_UNUSED"
    Info (12134): Parameter "port_clkloss" = "PORT_UNUSED"
    Info (12134): Parameter "port_clkswitch" = "PORT_UNUSED"
    Info (12134): Parameter "port_configupdate" = "PORT_UNUSED"
    Info (12134): Parameter "port_fbin" = "PORT_UNUSED"
    Info (12134): Parameter "port_inclk0" = "PORT_USED"
    Info (12134): Parameter "port_inclk1" = "PORT_UNUSED"
    Info (12134): Parameter "port_locked" = "PORT_USED"
    Info (12134): Parameter "port_pfdena" = "PORT_UNUSED"
    Info (12134): Parameter "port_phasecounterselect" = "PORT_UNUSED"
    Info (12134): Parameter "port_phasedone" = "PORT_UNUSED"
    Info (12134): Parameter "port_phasestep" = "PORT_UNUSED"
    Info (12134): Parameter "port_phaseupdown" = "PORT_UNUSED"
    Info (12134): Parameter "port_pllena" = "PORT_UNUSED"
    Info (12134): Parameter "port_scanaclr" = "PORT_UNUSED"
    Info (12134): Parameter "port_scanclk" = "PORT_UNUSED"
    Info (12134): Parameter "port_scanclkena" = "PORT_UNUSED"
    Info (12134): Parameter "port_scandata" = "PORT_UNUSED"
    Info (12134): Parameter "port_scandataout" = "PORT_UNUSED"
    Info (12134): Parameter "port_scandone" = "PORT_UNUSED"
    Info (12134): Parameter "port_scanread" = "PORT_UNUSED"
    Info (12134): Parameter "port_scanwrite" = "PORT_UNUSED"
    Info (12134): Parameter "port_clk0" = "PORT_USED"
    Info (12134): Parameter "port_clk1" = "PORT_UNUSED"
    Info (12134): Parameter "port_clk2" = "PORT_UNUSED"
    Info (12134): Parameter "port_clk3" = "PORT_UNUSED"
    Info (12134): Parameter "port_clk4" = "PORT_UNUSED"
    Info (12134): Parameter "port_clk5" = "PORT_UNUSED"
    Info (12134): Parameter "port_clkena0" = "PORT_UNUSED"
    Info (12134): Parameter "port_clkena1" = "PORT_UNUSED"
    Info (12134): Parameter "port_clkena2" = "PORT_UNUSED"
    Info (12134): Parameter "port_clkena3" = "PORT_UNUSED"
    Info (12134): Parameter "port_clkena4" = "PORT_UNUSED"
    Info (12134): Parameter "port_clkena5" = "PORT_UNUSED"
    Info (12134): Parameter "port_extclk0" = "PORT_UNUSED"
    Info (12134): Parameter "port_extclk1" = "PORT_UNUSED"
    Info (12134): Parameter "port_extclk2" = "PORT_UNUSED"
    Info (12134): Parameter "port_extclk3" = "PORT_UNUSED"
    Info (12134): Parameter "self_reset_on_loss_lock" = "OFF"
    Info (12134): Parameter "width_clock" = "5"
Info (12021): Found 1 design units, including 1 entities, in source file db/clk_pll_10_to_50_altpll.v
    Info (12023): Found entity 1: clk_pll_10_to_50_altpll File: C:/Users/sebas/Downloads/PulseGenerator-main/PulseGenerator-main/QuartusPrimeProject/db/clk_pll_10_to_50_altpll.v Line: 31
Info (12128): Elaborating entity "clk_pll_10_to_50_altpll" for hierarchy "clk_pll_10_to_50:wiz_1|altpll:altpll_component|clk_pll_10_to_50_altpll:auto_generated" File: c:/intelfpga_lite/22.1std/quartus/libraries/megafunctions/altpll.tdf Line: 898
Info (12128): Elaborating entity "clk_pll_50_to_200" for hierarchy "clk_pll_50_to_200:wiz_2" File: C:/Users/sebas/Downloads/PulseGenerator-main/PulseGenerator-main/QuartusPrimeProject/pulseController.v Line: 41
Info (12128): Elaborating entity "altpll" for hierarchy "clk_pll_50_to_200:wiz_2|altpll:altpll_component" File: C:/Users/sebas/Downloads/PulseGenerator-main/PulseGenerator-main/QuartusPrimeProject/clk_pll_50_to_200.v Line: 113
Info (12130): Elaborated megafunction instantiation "clk_pll_50_to_200:wiz_2|altpll:altpll_component" File: C:/Users/sebas/Downloads/PulseGenerator-main/PulseGenerator-main/QuartusPrimeProject/clk_pll_50_to_200.v Line: 113
Info (12133): Instantiated megafunction "clk_pll_50_to_200:wiz_2|altpll:altpll_component" with the following parameter: File: C:/Users/sebas/Downloads/PulseGenerator-main/PulseGenerator-main/QuartusPrimeProject/clk_pll_50_to_200.v Line: 113
    Info (12134): Parameter "bandwidth_type" = "AUTO"
    Info (12134): Parameter "clk0_divide_by" = "1"
    Info (12134): Parameter "clk0_duty_cycle" = "50"
    Info (12134): Parameter "clk0_multiply_by" = "2"
    Info (12134): Parameter "clk0_phase_shift" = "0"
    Info (12134): Parameter "clk1_divide_by" = "1"
    Info (12134): Parameter "clk1_duty_cycle" = "50"
    Info (12134): Parameter "clk1_multiply_by" = "4"
    Info (12134): Parameter "clk1_phase_shift" = "0"
    Info (12134): Parameter "compensate_clock" = "CLK0"
    Info (12134): Parameter "inclk0_input_frequency" = "20000"
    Info (12134): Parameter "inclk1_input_frequency" = "20000"
    Info (12134): Parameter "intended_device_family" = "MAX 10"
    Info (12134): Parameter "lpm_hint" = "CBX_MODULE_PREFIX=clk_pll_50_to_200"
    Info (12134): Parameter "lpm_type" = "altpll"
    Info (12134): Parameter "operation_mode" = "NORMAL"
    Info (12134): Parameter "pll_type" = "AUTO"
    Info (12134): Parameter "port_activeclock" = "PORT_UNUSED"
    Info (12134): Parameter "port_areset" = "PORT_USED"
    Info (12134): Parameter "port_clkbad0" = "PORT_UNUSED"
    Info (12134): Parameter "port_clkbad1" = "PORT_UNUSED"
    Info (12134): Parameter "port_clkloss" = "PORT_UNUSED"
    Info (12134): Parameter "port_clkswitch" = "PORT_USED"
    Info (12134): Parameter "port_configupdate" = "PORT_UNUSED"
    Info (12134): Parameter "port_fbin" = "PORT_UNUSED"
    Info (12134): Parameter "port_inclk0" = "PORT_USED"
    Info (12134): Parameter "port_inclk1" = "PORT_USED"
    Info (12134): Parameter "port_locked" = "PORT_USED"
    Info (12134): Parameter "port_pfdena" = "PORT_UNUSED"
    Info (12134): Parameter "port_phasecounterselect" = "PORT_UNUSED"
    Info (12134): Parameter "port_phasedone" = "PORT_UNUSED"
    Info (12134): Parameter "port_phasestep" = "PORT_UNUSED"
    Info (12134): Parameter "port_phaseupdown" = "PORT_UNUSED"
    Info (12134): Parameter "port_pllena" = "PORT_UNUSED"
    Info (12134): Parameter "port_scanaclr" = "PORT_UNUSED"
    Info (12134): Parameter "port_scanclk" = "PORT_UNUSED"
    Info (12134): Parameter "port_scanclkena" = "PORT_UNUSED"
    Info (12134): Parameter "port_scandata" = "PORT_UNUSED"
    Info (12134): Parameter "port_scandataout" = "PORT_UNUSED"
    Info (12134): Parameter "port_scandone" = "PORT_UNUSED"
    Info (12134): Parameter "port_scanread" = "PORT_UNUSED"
    Info (12134): Parameter "port_scanwrite" = "PORT_UNUSED"
    Info (12134): Parameter "port_clk0" = "PORT_USED"
    Info (12134): Parameter "port_clk1" = "PORT_USED"
    Info (12134): Parameter "port_clk2" = "PORT_UNUSED"
    Info (12134): Parameter "port_clk3" = "PORT_UNUSED"
    Info (12134): Parameter "port_clk4" = "PORT_UNUSED"
    Info (12134): Parameter "port_clk5" = "PORT_UNUSED"
    Info (12134): Parameter "port_clkena0" = "PORT_UNUSED"
    Info (12134): Parameter "port_clkena1" = "PORT_UNUSED"
    Info (12134): Parameter "port_clkena2" = "PORT_UNUSED"
    Info (12134): Parameter "port_clkena3" = "PORT_UNUSED"
    Info (12134): Parameter "port_clkena4" = "PORT_UNUSED"
    Info (12134): Parameter "port_clkena5" = "PORT_UNUSED"
    Info (12134): Parameter "port_extclk0" = "PORT_UNUSED"
    Info (12134): Parameter "port_extclk1" = "PORT_UNUSED"
    Info (12134): Parameter "port_extclk2" = "PORT_UNUSED"
    Info (12134): Parameter "port_extclk3" = "PORT_UNUSED"
    Info (12134): Parameter "primary_clock" = "inclk0"
    Info (12134): Parameter "self_reset_on_loss_lock" = "OFF"
    Info (12134): Parameter "switch_over_type" = "MANUAL"
    Info (12134): Parameter "width_clock" = "5"
Info (12021): Found 1 design units, including 1 entities, in source file db/clk_pll_50_to_200_altpll.v
    Info (12023): Found entity 1: clk_pll_50_to_200_altpll File: C:/Users/sebas/Downloads/PulseGenerator-main/PulseGenerator-main/QuartusPrimeProject/db/clk_pll_50_to_200_altpll.v Line: 31
Info (12128): Elaborating entity "clk_pll_50_to_200_altpll" for hierarchy "clk_pll_50_to_200:wiz_2|altpll:altpll_component|clk_pll_50_to_200_altpll:auto_generated" File: c:/intelfpga_lite/22.1std/quartus/libraries/megafunctions/altpll.tdf Line: 898
Info (12128): Elaborating entity "uart" for hierarchy "uart:u_uart" File: C:/Users/sebas/Downloads/PulseGenerator-main/PulseGenerator-main/QuartusPrimeProject/pulseController.v Line: 101
Warning (10230): Verilog HDL assignment warning at uart.v(56): truncated value with size 32 to match size of target (16) File: C:/Users/sebas/Downloads/PulseGenerator-main/PulseGenerator-main/QuartusPrimeProject/uart.v Line: 56
Warning (10230): Verilog HDL assignment warning at uart.v(57): truncated value with size 32 to match size of target (6) File: C:/Users/sebas/Downloads/PulseGenerator-main/PulseGenerator-main/QuartusPrimeProject/uart.v Line: 57
Warning (10230): Verilog HDL assignment warning at uart.v(62): truncated value with size 32 to match size of target (16) File: C:/Users/sebas/Downloads/PulseGenerator-main/PulseGenerator-main/QuartusPrimeProject/uart.v Line: 62
Warning (10230): Verilog HDL assignment warning at uart.v(64): truncated value with size 32 to match size of target (6) File: C:/Users/sebas/Downloads/PulseGenerator-main/PulseGenerator-main/QuartusPrimeProject/uart.v Line: 64
Warning (10230): Verilog HDL assignment warning at uart.v(66): truncated value with size 32 to match size of target (6) File: C:/Users/sebas/Downloads/PulseGenerator-main/PulseGenerator-main/QuartusPrimeProject/uart.v Line: 66
Warning (10230): Verilog HDL assignment warning at uart.v(69): truncated value with size 32 to match size of target (4) File: C:/Users/sebas/Downloads/PulseGenerator-main/PulseGenerator-main/QuartusPrimeProject/uart.v Line: 69
Warning (10230): Verilog HDL assignment warning at uart.v(78): truncated value with size 32 to match size of target (16) File: C:/Users/sebas/Downloads/PulseGenerator-main/PulseGenerator-main/QuartusPrimeProject/uart.v Line: 78
Warning (10230): Verilog HDL assignment warning at uart.v(111): truncated value with size 32 to match size of target (16) File: C:/Users/sebas/Downloads/PulseGenerator-main/PulseGenerator-main/QuartusPrimeProject/uart.v Line: 111
Warning (10230): Verilog HDL assignment warning at uart.v(120): truncated value with size 32 to match size of target (16) File: C:/Users/sebas/Downloads/PulseGenerator-main/PulseGenerator-main/QuartusPrimeProject/uart.v Line: 120
Warning (10230): Verilog HDL assignment warning at uart.v(122): truncated value with size 32 to match size of target (4) File: C:/Users/sebas/Downloads/PulseGenerator-main/PulseGenerator-main/QuartusPrimeProject/uart.v Line: 122
Warning (10230): Verilog HDL assignment warning at uart.v(130): truncated value with size 32 to match size of target (16) File: C:/Users/sebas/Downloads/PulseGenerator-main/PulseGenerator-main/QuartusPrimeProject/uart.v Line: 130
Info (12128): Elaborating entity "usb_cmd_gateway" for hierarchy "usb_cmd_gateway:u_cmd" File: C:/Users/sebas/Downloads/PulseGenerator-main/PulseGenerator-main/QuartusPrimeProject/pulseController.v Line: 118
Warning (10230): Verilog HDL assignment warning at usb_cmd_gateway.v(80): truncated value with size 32 to match size of target (10) File: C:/Users/sebas/Downloads/PulseGenerator-main/PulseGenerator-main/QuartusPrimeProject/usb_cmd_gateway.v Line: 80
Warning (10230): Verilog HDL assignment warning at usb_cmd_gateway.v(113): truncated value with size 32 to match size of target (8) File: C:/Users/sebas/Downloads/PulseGenerator-main/PulseGenerator-main/QuartusPrimeProject/usb_cmd_gateway.v Line: 113
Warning (10230): Verilog HDL assignment warning at usb_cmd_gateway.v(139): truncated value with size 32 to match size of target (10) File: C:/Users/sebas/Downloads/PulseGenerator-main/PulseGenerator-main/QuartusPrimeProject/usb_cmd_gateway.v Line: 139
Info (12128): Elaborating entity "instructionHandler" for hierarchy "instructionHandler:u_ins" File: C:/Users/sebas/Downloads/PulseGenerator-main/PulseGenerator-main/QuartusPrimeProject/pulseController.v Line: 172
Info (12128): Elaborating entity "memory4c" for hierarchy "memory4c:u_delays" File: C:/Users/sebas/Downloads/PulseGenerator-main/PulseGenerator-main/QuartusPrimeProject/pulseController.v Line: 231
Info (12128): Elaborating entity "storage" for hierarchy "memory4c:u_delays|storage:block[0]" File: C:/Users/sebas/Downloads/PulseGenerator-main/PulseGenerator-main/QuartusPrimeProject/memory.v Line: 88
Info (12128): Elaborating entity "deMux8" for hierarchy "memory4c:u_delays|deMux8:gen_blockMux[0].blockMux" File: C:/Users/sebas/Downloads/PulseGenerator-main/PulseGenerator-main/QuartusPrimeProject/memory.v Line: 122
Info (12128): Elaborating entity "deMux" for hierarchy "memory4c:u_delays|deMux8:gen_blockMux[0].blockMux|deMux:first" File: C:/Users/sebas/Downloads/PulseGenerator-main/PulseGenerator-main/QuartusPrimeProject/deMux.v Line: 39
Info (12128): Elaborating entity "deMuxBase" for hierarchy "memory4c:u_delays|deMux8:gen_blockMux[0].blockMux|deMux:first|deMuxBase:u[0]" File: C:/Users/sebas/Downloads/PulseGenerator-main/PulseGenerator-main/QuartusPrimeProject/deMux.v Line: 19
Info (12128): Elaborating entity "deMux4" for hierarchy "memory4c:u_delays|deMux8:gen_blockMux[0].blockMux|deMux4:l1" File: C:/Users/sebas/Downloads/PulseGenerator-main/PulseGenerator-main/QuartusPrimeProject/deMux.v Line: 40
Info (12128): Elaborating entity "deMux8" for hierarchy "memory4c:u_delays|deMux8:gen_blockRoute[0].blockRoute" File: C:/Users/sebas/Downloads/PulseGenerator-main/PulseGenerator-main/QuartusPrimeProject/memory.v Line: 178
Info (12128): Elaborating entity "deMux" for hierarchy "memory4c:u_delays|deMux8:gen_blockRoute[0].blockRoute|deMux:first" File: C:/Users/sebas/Downloads/PulseGenerator-main/PulseGenerator-main/QuartusPrimeProject/deMux.v Line: 39
Info (12128): Elaborating entity "deMux4" for hierarchy "memory4c:u_delays|deMux8:gen_blockRoute[0].blockRoute|deMux4:l1" File: C:/Users/sebas/Downloads/PulseGenerator-main/PulseGenerator-main/QuartusPrimeProject/deMux.v Line: 40
Info (12128): Elaborating entity "mux8" for hierarchy "memory4c:u_delays|mux8:gen_readBlock[0].readBlock" File: C:/Users/sebas/Downloads/PulseGenerator-main/PulseGenerator-main/QuartusPrimeProject/memory.v Line: 242
Info (12128): Elaborating entity "mux4" for hierarchy "memory4c:u_delays|mux8:gen_readBlock[0].readBlock|mux4:lo" File: C:/Users/sebas/Downloads/PulseGenerator-main/PulseGenerator-main/QuartusPrimeProject/mux.v Line: 38
Info (12128): Elaborating entity "mux" for hierarchy "memory4c:u_delays|mux8:gen_readBlock[0].readBlock|mux4:lo|mux:lo" File: C:/Users/sebas/Downloads/PulseGenerator-main/PulseGenerator-main/QuartusPrimeProject/mux.v Line: 27
Info (12128): Elaborating entity "muxBase" for hierarchy "memory4c:u_delays|mux8:gen_readBlock[0].readBlock|mux4:lo|mux:lo|muxBase:mine[0]" File: C:/Users/sebas/Downloads/PulseGenerator-main/PulseGenerator-main/QuartusPrimeProject/mux.v Line: 18
Info (12128): Elaborating entity "pulseHandler" for hierarchy "pulseHandler:u_pc" File: C:/Users/sebas/Downloads/PulseGenerator-main/PulseGenerator-main/QuartusPrimeProject/pulseController.v Line: 478
Warning (10240): Verilog HDL Always Construct warning at pulseHandler.v(174): inferring latch(es) for variable "i", which holds its previous value in one or more paths through the always construct File: C:/Users/sebas/Downloads/PulseGenerator-main/PulseGenerator-main/QuartusPrimeProject/pulseHandler.v Line: 174
Info (10008): Verilog HDL or VHDL information: EDA Netlist Writer cannot regroup multidimensional array "delay_init_b" into its bus
Info (10008): Verilog HDL or VHDL information: EDA Netlist Writer cannot regroup multidimensional array "width_init_b" into its bus
Warning (14284): Synthesized away the following node(s):
    Warning (14285): Synthesized away the following PLL node(s):
        Warning (14320): Synthesized away node "clk_pll_10_to_50:wiz_1|altpll:altpll_component|clk_pll_10_to_50_altpll:auto_generated|wire_pll1_clk[0]" File: C:/Users/sebas/Downloads/PulseGenerator-main/PulseGenerator-main/QuartusPrimeProject/db/clk_pll_10_to_50_altpll.v Line: 93
Warning (12241): 3 hierarchies have connectivity warnings - see the Connectivity Checks report folder
Info (13000): Registers with preset signals will power-up high File: C:/Users/sebas/Downloads/PulseGenerator-main/PulseGenerator-main/QuartusPrimeProject/pulseHandler.v Line: 72
Info (13003): DEV_CLRn pin will set, and not reset, register with preset signal due to NOT Gate Push-Back
Warning (13024): Output pins are stuck at VCC or GND
    Warning (13410): Pin "clkled" is stuck at GND File: C:/Users/sebas/Downloads/PulseGenerator-main/PulseGenerator-main/QuartusPrimeProject/pulseController.v Line: 9
    Warning (13410): Pin "led" is stuck at GND File: C:/Users/sebas/Downloads/PulseGenerator-main/PulseGenerator-main/QuartusPrimeProject/pulseController.v Line: 13
Info (286030): Timing-Driven Synthesis is running
Info (17049): 8 registers lost all their fanouts during netlist optimizations.
Warning (20013): Ignored 16 assignments for entity "clkswitcher" -- entity does not exist in design
Warning (20013): Ignored 14 assignments for entity "clkswitcher_altclkctrl_0" -- entity does not exist in design
Info (16010): Generating hard_block partition "hard_block:auto_generated_inst"
    Info (16011): Adding 1 node(s), including 0 DDIO, 1 PLL, 0 transceiver and 0 LCELL
Info (21057): Implemented 3710 device resources after synthesis - the final resource count might be different
    Info (21058): Implemented 4 input pins
    Info (21059): Implemented 17 output pins
    Info (21061): Implemented 3688 logic cells
    Info (21065): Implemented 1 PLLs
Info: Quartus Prime Analysis & Synthesis was successful. 0 errors, 40 warnings
    Info: Peak virtual memory: 4915 megabytes
    Info: Processing ended: Wed Mar 18 19:01:05 2026
    Info: Elapsed time: 00:00:14
    Info: Total CPU time (on all processors): 00:00:23


